SUMLEV,STATE,COUNTY,STNAME,CTYNAME,POPESTIMATE2020,POPESTIMATE2021,POPESTIMATE2022,POPESTIMATE2023,POPESTIMATE2024,vintage
040,01,000,Alabama,Alabama,5033094,5049196,5076181,5117673,5157699,2024
050,01,001,Alabama,Autauga County,58909,59191,59736,60436,61464,2024
050,01,003,Alabama,Baldwin County,233244,239411,246577,254107,261608,2024
050,01,005,Alabama,Barbour County,24975,24517,24722,24644,24358,2024
050,01,007,Alabama,Bibb County,22176,22344,21983,21890,22258,2024
050,01,009,Alabama,Blount County,59110,59050,59491,59777,60163,2024
050,01,011,Alabama,Bullock County,10230,10126,10126,9908,9901,2024
050,01,013,Alabama,Butler County,19027,18856,18652,18357,18256,2024
050,01,015,Alabama,Calhoun County,116242,115633,115744,116403,116427,2024
050,01,017,Alabama,Chambers County,34572,34396,34093,34087,33813,2024
050,01,019,Alabama,Cherokee County,24981,25060,25334,25700,26138,2024
050,01,021,Alabama,Chilton County,45060,45255,45856,46525,47262,2024
050,01,023,Alabama,Choctaw County,12622,12544,12420,12263,12052,2024
050,01,025,Alabama,Clarke County,22989,22735,22545,22305,22142,2024
050,01,027,Alabama,Clay County,14210,14156,14198,14157,14239,2024
050,01,029,Alabama,Cleburne County,15063,15151,15353,15658,15905,2024
050,01,031,Alabama,Coffee County,53565,54201,54769,55707,56358,2024
050,01,033,Alabama,Colbert County,57305,57615,58023,58382,58785,2024
050,01,035,Alabama,Conecuh County,11551,11317,11220,11177,11109,2024
050,01,037,Alabama,Coosa County,10340,10321,10283,10267,10291,2024
050,01,039,Alabama,Covington County,37513,37512,37508,37861,37748,2024
050,01,041,Alabama,Crenshaw County,13171,13062,13096,13168,13114,2024
050,01,043,Alabama,Cullman County,88142,89578,90597,91909,92604,2024
050,01,045,Alabama,Dale County,49260,49344,49472,49852,50067,2024
050,01,047,Alabama,Dallas County,38185,37496,36772,36294,35545,2024
050,01,049,Alabama,DeKalb County,71673,71880,72046,72626,73122,2024
050,01,051,Alabama,Elmore County,87871,88734,89566,90416,91042,2024
050,01,053,Alabama,Escambia County,36687,36628,36620,36582,36630,2024
050,01,055,Alabama,Etowah County,103437,102887,102821,103174,103207,2024
050,01,057,Alabama,Fayette County,16329,16119,16041,15913,15863,2024
050,01,059,Alabama,Franklin County,32076,31991,31947,31941,31874,2024
050,01,061,Alabama,Geneva County,26703,26632,26787,27052,27259,2024
050,01,063,Alabama,Greene County,7701,7583,7412,7299,7127,2024
050,01,065,Alabama,Hale County,14771,14715,14613,14931,15116,2024
050,01,067,Alabama,Henry County,17171,17412,17638,17872,18141,2024
050,01,069,Alabama,Houston County,107300,107412,108063,108556,109366,2024
050,01,071,Alabama,Jackson County,52532,52688,52842,53423,53780,2024
050,01,073,Alabama,Jefferson County,674727,669677,665543,664084,664744,2024
050,01,075,Alabama,Lamar County,13954,13725,13628,13616,13543,2024
050,01,077,Alabama,Lauderdale County,94031,94846,95903,96867,97502,2024
050,01,079,Alabama,Lawrence County,33075,33052,33182,33505,33567,2024
050,01,081,Alabama,Lee County,174856,177652,181044,184271,187847,2024
050,01,083,Alabama,Limestone County,104209,107285,110926,114803,118942,2024
050,01,085,Alabama,Lowndes County,10284,9936,9778,9682,9485,2024
050,01,087,Alabama,Macon County,19472,18917,18561,18347,18159,2024
050,01,089,Alabama,Madison County,390527,396663,404155,413891,423355,2024
050,01,091,Alabama,Marengo County,19271,18978,18790,18705,18512,2024
050,01,093,Alabama,Marion County,29175,28972,29171,29279,29323,2024
050,01,095,Alabama,Marshall County,97706,98268,99570,101041,102156,2024
050,01,097,Alabama,Mobile County,414409,413164,411291,411745,412339,2024
050,01,099,Alabama,Monroe County,19704,19530,19403,19244,19057,2024
050,01,101,Alabama,Montgomery County,228363,226811,226554,225966,225894,2024
050,01,103,Alabama,Morgan County,123329,123270,124218,125455,126084,2024
050,01,105,Alabama,Perry County,8456,8314,7893,7772,7719,2024
050,01,107,Alabama,Pickens County,18962,18615,18780,18741,18508,2024
050,01,109,Alabama,Pike County,32904,32748,32998,33163,33124,2024
050,01,111,Alabama,Randolph County,22093,22157,22442,22789,23067,2024
050,01,113,Alabama,Russell County,59252,58651,58522,58792,58837,2024
050,01,115,Alabama,St. Clair County,91687,92850,93879,95487,96927,2024
050,01,117,Alabama,Shelby County,223915,227436,230140,233593,235969,2024
050,01,119,Alabama,Sumter County,12192,11960,11894,11737,11607,2024
050,01,121,Alabama,Talladega County,81416,80556,80674,81083,81375,2024
050,01,123,Alabama,Tallapoosa County,41288,41084,40910,40709,40699,2024
050,01,125,Alabama,Tuscaloosa County,232651,236699,237995,239204,241212,2024
050,01,127,Alabama,Walker County,65141,64552,64408,64845,65260,2024
050,01,129,Alabama,Washington County,15331,15226,15098,15040,15018,2024
050,01,131,Alabama,Wilcox County,10533,10411,10124,9925,9865,2024
050,01,133,Alabama,Winston County,23488,23639,23741,23673,23869,2024
040,02,000,Alaska,Alaska,733017,734420,734442,736510,740133,2024
050,02,013,Alaska,Aleutians East Borough,3426,3416,3453,3529,3632,2024
050,02,016,Alaska,Aleutians West Census Area,5223,5156,5115,5257,5424,2024
050,02,020,Alaska,Anchorage Municipality,290905,288921,287520,287932,289600,2024
050,02,050,Alaska,Bethel Census Area,18670,18589,18272,18199,18237,2024
050,02,060,Alaska,Bristol Bay Borough,830,842,877,859,884,2024
050,02,063,Alaska,Chugach Census Area,7082,6967,6910,6749,6604,2024
050,02,066,Alaska,Copper River Census Area,2614,2620,2607,2656,2631,2024
050,02,068,Alaska,Denali Borough,1614,1595,1583,1595,1621,2024
050,02,070,Alaska,Dillingham Census Area,4840,4794,4716,4626,4642,2024
050,02,090,Alaska,Fairbanks North Star Borough,95349,95553,95749,95700,94951,2024
050,02,100,Alaska,Haines Borough,2085,2075,2079,2088,2104,2024
050,02,105,Alaska,Hoonah-Angoon Census Area,2354,2328,2282,2278,2312,2024
050,02,110,Alaska,Juneau City and Borough,32203,31972,31742,31483,31572,2024
050,02,122,Alaska,Kenai Peninsula Borough,58941,59947,60631,61285,61259,2024
050,02,130,Alaska,Ketchikan Gateway Borough,13912,13823,13719,13708,13677,2024
050,02,150,Alaska,Kodiak Island Borough,13044,12844,12655,12659,12654,2024
050,02,158,Alaska,Kusilvak Census Area,8369,8376,8196,7991,7946,2024
050,02,164,Alaska,Lake and Peninsula Borough,1452,1421,1375,1337,1315,2024
050,02,170,Alaska,Matanuska-Susitna Borough,107522,111003,113505,115296,117613,2024
050,02,180,Alaska,Nome Census Area,10019,9882,9804,9790,9836,2024
050,02,185,Alaska,North Slope Borough,11006,10969,10789,10621,10663,2024
050,02,188,Alaska,Northwest Arctic Borough,7795,7588,7401,7286,7134,2024
050,02,195,Alaska,Petersburg Borough,3407,3385,3381,3431,3436,2024
050,02,198,Alaska,Prince of Wales-Hyder Census Area,5745,5723,5655,5708,5746,2024
050,02,220,Alaska,Sitka City and Borough,8430,8382,8370,8304,8355,2024
050,02,230,Alaska,Skagway Municipality,1240,1149,1096,1101,1119,2024
050,02,240,Alaska,Southeast Fairbanks Census Area,6826,7015,7039,7148,7313,2024
050,02,275,Alaska,Wrangell City and Borough,2129,2103,2071,2072,2064,2024
050,02,282,Alaska,Yakutat City and Borough,682,710,685,686,690,2024
050,02,290,Alaska,Yukon-Koyukuk Census Area,5303,5272,5165,5136,5099,2024
040,04,000,Arizona,Arizona,7187135,7274078,7377566,7473027,7582384,2024
050,04,001,Arizona,Apache County,65917,65396,65470,65121,64800,2024
050,04,003,Arizona,Cochise County,125533,126147,125497,124881,125773,2024
050,04,005,Arizona,Coconino County,145190,142927,144326,144934,145161,2024
050,04,007,Arizona,Gila County,53355,53559,53927,54060,54073,2024
050,04,009,Arizona,Graham County,38630,38923,38802,39561,40242,2024
050,04,011,Arizona,Greenlee County,9531,9401,9321,9383,9410,2024
050,04,012,Arizona,La Paz County,16573,16390,16555,16812,16992,2024
050,04,013,Arizona,Maricopa County,4445415,4500147,4564457,4615625,4673096,2024
050,04,015,Arizona,Mohave County,214173,217186,220947,223801,226479,2024
050,04,017,Arizona,Navajo County,106773,107736,108771,109281,109516,2024
050,04,019,Arizona,Pima County,1045227,1049083,1059412,1068579,1080149,2024
050,04,021,Arizona,Pinal County,430213,449086,465476,486395,513862,2024
050,04,023,Arizona,Santa Cruz County,47712,47962,48801,49647,50508,2024
050,04,025,Arizona,Yavapai County,237228,242392,246266,249499,252013,2024
050,04,027,Arizona,Yuma County,205665,207743,209538,215448,220310,2024
040,05,000,Arkansas,Arkansas,3014546,3026870,3047704,3069463,3088354,2024
050,05,001,Arkansas,Arkansas County,17104,16668,16458,16295,16050,2024
050,05,003,Arkansas,Ashley County,18963,18647,18318,18232,17984,2024
050,05,005,Arkansas,Baxter County,41696,42174,42378,42781,43007,2024
050,05,007,Arkansas,Benton County,286621,294168,303558,312248,321566,2024
050,05,009,Arkansas,Boone County,37393,37890,38254,38516,38636,2024
050,05,011,Arkansas,Bradley County,10492,10337,10167,10109,9935,2024
050,05,013,Arkansas,Calhoun County,4736,4729,4703,4664,4690,2024
050,05,015,Arkansas,Carroll County,28241,28514,28667,28738,28968,2024
050,05,017,Arkansas,Chicot County,10159,10051,9836,9507,9272,2024
050,05,019,Arkansas,Clark County,21403,21248,21136,20918,20920,2024
050,05,021,Arkansas,Clay County,14534,14334,14229,14191,14112,2024
050,05,023,Arkansas,Cleburne County,24716,25020,25272,25476,25646,2024
050,05,025,Arkansas,Cleveland County,7554,7489,7471,7386,7367,2024
050,05,027,Arkansas,Columbia County,22743,22470,22316,22193,22024,2024
050,05,029,Arkansas,Conway County,20734,20905,21091,21118,21422,2024
050,05,031,Arkansas,Craighead County,111623,111695,112828,114245,115852,2024
050,05,033,Arkansas,Crawford County,60160,60382,61084,61810,62258,2024
050,05,035,Arkansas,Crittenden County,48090,47405,47031,47171,46633,2024
050,05,037,Arkansas,Cross County,16801,16671,16594,16453,16194,2024
050,05,039,Arkansas,Dallas County,6441,6307,6197,6187,6076,2024
050,05,041,Arkansas,Desha County,11321,11048,10760,10478,10321,2024
050,05,043,Arkansas,Drew County,17315,17063,16930,16986,16935,2024
050,05,045,Arkansas,Faulkner County,123820,125590,127656,129909,131611,2024
050,05,047,Arkansas,Franklin County,17141,17159,17274,17471,17586,2024
050,05,049,Arkansas,Fulton County,12051,12137,12354,12422,12546,2024
050,05,051,Arkansas,Garland County,100266,100306,99942,99759,99902,2024
050,05,053,Arkansas,Grant County,18019,18124,18127,18392,18546,2024
050,05,055,Arkansas,Greene County,45861,46314,46359,46700,46928,2024
050,05,057,Arkansas,Hempstead County,19986,19660,19469,19321,19105,2024
050,05,059,Arkansas,Hot Spring County,33076,33078,33170,33259,33313,2024
050,05,061,Arkansas,Howard County,12758,12689,12583,12500,12387,2024
050,05,063,Arkansas,Independence County,37945,38034,38223,38329,38345,2024
050,05,065,Arkansas,Izard County,13604,13916,14033,14202,14291,2024
050,05,067,Arkansas,Jackson County,16759,16771,16607,16749,16673,2024
050,05,069,Arkansas,Jefferson County,66835,65624,64341,63539,63672,2024
050,05,071,Arkansas,Johnson County,25727,25959,25997,26161,26172,2024
050,05,073,Arkansas,Lafayette County,6295,6154,6136,6082,6015,2024
050,05,075,Arkansas,Lawrence County,16216,16296,16146,16225,16305,2024
050,05,077,Arkansas,Lee County,8530,8565,8373,8221,8104,2024
050,05,079,Arkansas,Lincoln County,12890,13177,12914,12900,12868,2024
050,05,081,Arkansas,Little River County,11971,11929,11811,11766,11626,2024
050,05,083,Arkansas,Logan County,21109,21217,21242,21360,21457,2024
050,05,085,Arkansas,Lonoke County,74072,74755,75219,75924,76389,2024
050,05,087,Arkansas,Madison County,16560,16961,17493,17767,17865,2024
050,05,089,Arkansas,Marion County,16867,16957,17236,17485,17593,2024
050,05,091,Arkansas,Miller County,42586,42468,42484,42302,41958,2024
050,05,093,Arkansas,Mississippi County,40545,39525,38829,38635,38095,2024
050,05,095,Arkansas,Monroe County,6771,6644,6574,6540,6415,2024
050,05,097,Arkansas,Montgomery County,8484,8636,8531,8605,8510,2024
050,05,099,Arkansas,Nevada County,8287,8187,8191,8126,8004,2024
050,05,101,Arkansas,Newton County,7196,7167,7093,7079,7026,2024
050,05,103,Arkansas,Ouachita County,22617,22319,22010,21793,21684,2024
050,05,105,Arkansas,Perry County,10003,9991,10073,10188,10251,2024
050,05,107,Arkansas,Phillips County,16441,15813,15344,14991,14661,2024
050,05,109,Arkansas,Pike County,10156,10103,10123,10164,10027,2024
050,05,111,Arkansas,Poinsett County,22955,22651,22434,22373,22300,2024
050,05,113,Arkansas,Polk County,19186,19326,19368,19490,19434,2024
050,05,115,Arkansas,Pope County,63407,63733,64023,64663,64829,2024
050,05,117,Arkansas,Prairie County,8247,8086,8038,8012,7935,2024
050,05,119,Arkansas,Pulaski County,399286,398005,399886,400704,401209,2024
050,05,121,Arkansas,Randolph County,18595,18798,18842,18913,19040,2024
050,05,123,Arkansas,St. Francis County,23019,22707,22387,22066,21822,2024
050,05,125,Arkansas,Saline County,123820,125338,127419,129566,131252,2024
050,05,127,Arkansas,Scott County,9829,9789,9787,9836,9837,2024
050,05,129,Arkansas,Searcy County,7844,7894,7905,7818,7836,2024
050,05,131,Arkansas,Sebastian County,127813,128223,129226,129203,130035,2024
050,05,133,Arkansas,Sevier County,15782,15709,15681,15654,15735,2024
050,05,135,Arkansas,Sharp County,17315,17678,17790,17954,18130,2024
050,05,137,Arkansas,Stone County,12347,12442,12591,12677,12785,2024
050,05,139,Arkansas,Union County,38940,38285,37858,37409,37008,2024
050,05,141,Arkansas,Van Buren County,15797,15774,16114,16152,16152,2024
050,05,143,Arkansas,Washington County,246779,251664,257316,261880,266184,2024
050,05,145,Arkansas,White County,76863,77069,77645,78523,79091,2024
050,05,147,Arkansas,Woodruff County,6221,6124,6038,5939,5808,2024
050,05,149,Arkansas,Yell County,20217,20135,20121,20063,20134,2024
040,06,000,California,California,39521958,39142565,39142414,39198693,39431263,2024
050,06,001,California,Alameda County,1680614,1643856,1635693,1638142,1649060,2024
050,06,003,California,Alpine County,1179,1203,1169,1126,1099,2024
050,06,005,California,Amador County,40584,41245,41486,41798,42026,2024
050,06,007,California,Butte County,210222,206351,207384,207354,208334,2024
050,06,009,California,Calaveras County,45350,46262,46544,46580,46505,2024
050,06,011,California,Colusa County,21868,21931,21952,22093,22074,2024
050,06,013,California,Contra Costa County,1166165,1163813,1160296,1162179,1172607,2024
050,06,015,California,Del Norte County,27616,27581,26758,26571,27009,2024
050,06,017,California,El Dorado County,191250,193724,193071,192440,192823,2024
050,06,019,California,Fresno County,1009613,1012879,1017107,1019899,1024125,2024
050,06,021,California,Glenn County,28889,28714,28371,28190,28304,2024
050,06,023,California,Humboldt County,136324,134978,135013,134009,132380,2024
050,06,025,California,Imperial County,179730,179206,179767,180585,181724,2024
050,06,027,California,Inyo County,18999,18920,18745,18548,18485,2024
050,06,029,California,Kern County,906124,912782,917293,916646,922529,2024
050,06,031,California,Kings County,152797,152724,152776,153281,154913,2024
050,06,033,California,Lake County,68200,68623,68239,67934,67764,2024
050,06,035,California,Lassen County,32319,31884,30401,28838,28340,2024
050,06,037,California,Los Angeles County,9996634,9809239,9748447,9731837,9757179,2024
050,06,039,California,Madera County,156434,159019,160414,163402,165432,2024
050,06,041,California,Marin County,261341,259254,257143,255706,256400,2024
050,06,043,California,Mariposa County,17133,17136,17095,16996,17048,2024
050,06,045,California,Mendocino County,91362,91303,90027,89354,89175,2024
050,06,047,California,Merced County,282963,284834,292034,294402,296774,2024
050,06,049,California,Modoc County,8677,8640,8625,8566,8491,2024
050,06,051,California,Mono County,13225,13263,13055,13207,12991,2024
050,06,053,California,Monterey County,440506,439245,436427,435637,436251,2024
050,06,055,California,Napa County,137465,136219,134492,133444,132727,2024
050,06,057,California,Nevada County,102267,103499,102356,102086,102195,2024
050,06,059,California,Orange County,3186261,3159351,3158489,3154563,3170435,2024
050,06,061,California,Placer County,405951,412968,418439,424599,433822,2024
050,06,063,California,Plumas County,19761,19965,19433,19120,18834,2024
050,06,065,California,Riverside County,2424663,2455225,2479628,2503549,2529933,2024
050,06,067,California,Sacramento County,1586727,1588824,1588743,1594506,1611231,2024
050,06,069,California,San Benito County,64533,66703,67715,68341,69159,2024
050,06,071,California,San Bernardino County,2183526,2190877,2196029,2200805,2214281,2024
050,06,073,California,San Diego County,3301182,3274244,3283755,3285890,3298799,2024
050,06,075,California,San Francisco County,874826,815498,814176,819151,827526,2024
050,06,077,California,San Joaquin County,780676,788096,795880,805909,816108,2024
050,06,079,California,San Luis Obispo County,281924,279468,282535,282007,281843,2024
050,06,081,California,San Mateo County,762727,739330,732485,734267,742893,2024
050,06,083,California,Santa Barbara County,448083,437117,445286,443521,444500,2024
050,06,085,California,Santa Clara County,1924802,1878320,1883653,1897137,1926325,2024
050,06,087,California,Santa Cruz County,271768,260904,265851,263699,262406,2024
050,06,089,California,Shasta County,182190,182243,180972,180656,181121,2024
050,06,091,California,Sierra County,3229,3298,3215,3180,3113,2024
050,06,093,California,Siskiyou County,43999,44144,43746,42941,42498,2024
050,06,095,California,Solano County,452887,450819,449724,451060,455101,2024
050,06,097,California,Sonoma County,488501,484561,483398,483366,485375,2024
050,06,099,California,Stanislaus County,553710,552939,552410,553921,556972,2024
050,06,101,California,Sutter County,99479,99121,98682,98457,98545,2024
050,06,103,California,Tehama County,65690,65467,65269,64959,64451,2024
050,06,105,California,Trinity County,16095,16102,15777,15684,15642,2024
050,06,107,California,Tulare County,473944,476939,478288,480747,483546,2024
050,06,109,California,Tuolumne County,55397,55126,53951,54123,53893,2024
050,06,111,California,Ventura County,843808,840009,835032,833071,835427,2024
050,06,113,California,Yolo County,217768,213545,223338,222919,225251,2024
050,06,115,California,Yuba County,82001,83035,84335,85695,87469,2024
040,08,000,Colorado,Colorado,5787129,5814036,5850935,5901339,5957493,2024
050,08,001,Colorado,Adams County,520517,523603,528356,535677,542973,2024
050,08,003,Colorado,Alamosa County,16375,16578,16593,16668,16689,2024
050,08,005,Colorado,Arapahoe County,655312,656952,658176,661864,666918,2024
050,08,007,Colorado,Archuleta County,13425,13809,13987,14167,14112,2024
050,08,009,Colorado,Baca County,3482,3491,3435,3363,3367,2024
050,08,011,Colorado,Bent County,5480,5346,5430,5712,5779,2024
050,08,013,Colorado,Boulder County,330953,327133,328039,328419,330262,2024
050,08,014,Colorado,Broomfield County,74494,75430,76245,77029,78323,2024
050,08,015,Colorado,Chaffee County,19488,19743,20266,20608,20780,2024
050,08,017,Colorado,Cheyenne County,1746,1719,1734,1738,1712,2024
050,08,019,Colorado,Clear Creek County,9360,9425,9324,9123,9076,2024
050,08,021,Colorado,Conejos County,7451,7579,7560,7511,7549,2024
050,08,023,Colorado,Costilla County,3501,3614,3609,3624,3686,2024
050,08,025,Colorado,Crowley County,5685,5733,5601,5616,5600,2024
050,08,027,Colorado,Custer County,4725,5065,5343,5551,5553,2024
050,08,029,Colorado,Delta County,31056,31387,31573,31760,32215,2024
050,08,031,Colorado,Denver County,717620,711530,714851,721367,729019,2024
050,08,033,Colorado,Dolores County,2331,2376,2460,2525,2467,2024
050,08,035,Colorado,Douglas County,360327,369826,376462,385141,393995,2024
050,08,037,Colorado,Eagle County,55663,55787,55303,54592,54330,2024
050,08,039,Colorado,Elbert County,26207,27152,27817,28812,29382,2024
050,08,041,Colorado,El Paso County,733804,738811,742676,746934,752772,2024
050,08,043,Colorado,Fremont County,48889,49251,49585,50352,50093,2024
050,08,045,Colorado,Garfield County,61803,62116,62388,62921,63167,2024
050,08,047,Colorado,Gilpin County,5817,5891,5910,5923,5963,2024
050,08,049,Colorado,Grand County,15747,15854,15748,15971,16154,2024
050,08,051,Colorado,Gunnison County,16946,17296,17319,17334,17310,2024
050,08,053,Colorado,Hinsdale County,787,772,773,761,747,2024
050,08,055,Colorado,Huerfano County,6824,6931,7077,7041,6988,2024
050,08,057,Colorado,Jackson County,1378,1358,1314,1316,1273,2024
050,08,059,Colorado,Jefferson County,583169,580854,576635,577693,578533,2024
050,08,061,Colorado,Kiowa County,1452,1451,1430,1376,1392,2024
050,08,063,Colorado,Kit Carson County,7063,6928,7010,7032,7080,2024
050,08,065,Colorado,Lake County,7413,7400,7356,7367,7369,2024
050,08,067,Colorado,La Plata County,55676,56177,56577,56401,56823,2024
050,08,069,Colorado,Larimer County,359932,362785,368017,371530,374574,2024
050,08,071,Colorado,Las Animas County,14500,14341,14312,14394,14518,2024
050,08,073,Colorado,Lincoln County,5661,5473,5520,5498,5598,2024
050,08,075,Colorado,Logan County,21209,21008,20829,20660,20755,2024
050,08,077,Colorado,Mesa County,156011,157458,158585,159690,161260,2024
050,08,079,Colorado,Mineral County,871,925,923,932,933,2024
050,08,081,Colorado,Moffat County,13269,13166,13172,13287,13142,2024
050,08,083,Colorado,Montezuma County,25889,26238,26491,26600,26841,2024
050,08,085,Colorado,Montrose County,42820,43243,43845,44319,44806,2024
050,08,087,Colorado,Morgan County,29082,29018,29392,29806,30300,2024
050,08,089,Colorado,Otero County,18664,18530,18272,18148,17991,2024
050,08,091,Colorado,Ouray County,4882,5064,5108,5185,5197,2024
050,08,093,Colorado,Park County,17420,17747,17929,18121,18316,2024
050,08,095,Colorado,Phillips County,4531,4508,4464,4490,4488,2024
050,08,097,Colorado,Pitkin County,17365,17349,16877,16690,16643,2024
050,08,099,Colorado,Prowers County,12020,11948,11834,11789,11957,2024
050,08,101,Colorado,Pueblo County,168352,169354,169485,169723,169866,2024
050,08,103,Colorado,Rio Blanco County,6521,6447,6561,6586,6607,2024
050,08,105,Colorado,Rio Grande County,11543,11409,11329,11194,11132,2024
050,08,107,Colorado,Routt County,24840,25069,25112,25154,25243,2024
050,08,109,Colorado,Saguache County,6395,6517,6632,6687,6670,2024
050,08,111,Colorado,San Juan County,708,738,796,797,821,2024
050,08,113,Colorado,San Miguel County,8054,8082,8011,7874,7819,2024
050,08,115,Colorado,Sedgwick County,2389,2328,2294,2305,2257,2024
050,08,117,Colorado,Summit County,31239,31235,30905,30824,30882,2024
050,08,119,Colorado,Teller County,24745,24951,24858,24711,24862,2024
050,08,121,Colorado,Washington County,4814,4869,4840,4859,4771,2024
050,08,123,Colorado,Weld County,331467,339942,350610,360216,369745,2024
050,08,125,Colorado,Yuma County,9970,9926,9970,9981,10048,2024
040,09,000,Connecticut,Connecticut,3579918,3606607,3617925,3643023,3675069,2024
050,09,110,Connecticut,Capitol Planning Region,964088,971938,975591,983326,991508,2024
050,09,120,Connecticut,Greater Bridgeport Planning Region,324397,326799,328131,331300,335666,2024
050,09,130,Connecticut,Lower Connecticut River Valley Planning Region,173281,175456,176159,176674,177540,2024
050,09,140,Connecticut,Naugatuck Valley Planning Region,449055,452095,453868,457609,462220,2024
050,09,150,Connecticut,Northeastern Connecticut Planning Region,95231,95624,96169,96834,97701,2024
050,09,160,Connecticut,Northwest Hills Planning Region,112199,112952,113289,113538,114101,2024
050,09,170,Connecticut,South Central Connecticut Planning Region,564526,568961,569866,572919,576718,2024
050,09,180,Connecticut,Southeastern Connecticut Planning Region,278379,278855,279398,280622,282602,2024
050,09,190,Connecticut,Western Connecticut Planning Region,618762,623927,625454,630201,637013,2024
040,10,000,Delaware,Delaware,991928,1005062,1020625,1036423,1051917,2024
050,10,001,Delaware,Kent County,182317,185069,187819,190123,192690,2024
050,10,003,Delaware,New Castle County,570957,572116,576316,582325,588093,2024
050,10,005,Delaware,Sussex County,238654,247877,256490,263975,271134,2024
040,11,000,District of Columbia,District of Columbia,670917,669256,676725,687324,702250,2024
050,11,001,District of Columbia,District of Columbia,670917,669256,676725,687324,702250,2024
040,12,000,Florida,Florida,21592035,21831949,22379312,22904868,23372215,2024
050,12,001,Florida,Alachua County,279765,281710,285241,288962,291782,2024
050,12,003,Florida,Baker County,28122,28378,27781,28542,29325,2024
050,12,005,Florida,Bay County,174543,179548,185732,192422,199718,2024
050,12,007,Florida,Bradford County,28229,28057,27275,27788,28075,2024
050,12,009,Florida,Brevard County,608792,618000,631956,646705,658447,2024
050,12,011,Florida,Broward County,1943497,1935655,1966237,2002786,2037472,2024
050,12,013,Florida,Calhoun County,13704,13520,13462,13497,13278,2024
050,12,015,Florida,Charlotte County,188017,194982,203113,207085,212122,2024
050,12,017,Florida,Citrus County,154569,158193,162586,166836,170174,2024
050,12,019,Florida,Clay County,218956,222671,226797,232734,236760,2024
050,12,021,Florida,Collier County,377331,387316,400510,410065,416233,2024
050,12,023,Florida,Columbia County,69760,69945,71941,73324,73977,2024
050,12,027,Florida,DeSoto County,34089,34341,35483,36274,36744,2024
050,12,029,Florida,Dixie County,16685,16929,16839,17221,17614,2024
050,12,031,Florida,Duval County,997826,1002908,1021040,1038833,1055159,2024
050,12,033,Florida,Escambia County,322612,323468,324227,328034,331275,2024
050,12,035,Florida,Flagler County,116032,120996,126974,131892,136744,2024
050,12,037,Florida,Franklin County,12474,12194,12491,12628,12979,2024
050,12,039,Florida,Gadsden County,43408,43502,43389,44100,44151,2024
050,12,041,Florida,Gilchrist County,17885,18319,19027,19735,20233,2024
050,12,043,Florida,Glades County,12079,12269,12496,12839,13132,2024
050,12,045,Florida,Gulf County,14259,14462,15302,15757,15876,2024
050,12,047,Florida,Hamilton County,13736,13073,13216,13721,14334,2024
050,12,049,Florida,Hardee County,25341,25328,25692,25944,26068,2024
050,12,051,Florida,Hendry County,39723,40221,41725,44111,46130,2024
050,12,053,Florida,Hernando County,195629,200727,207169,213415,218150,2024
050,12,055,Florida,Highlands County,101340,103286,105954,108151,109778,2024
050,12,057,Florida,Hillsborough County,1466320,1484844,1523839,1557313,1581426,2024
050,12,059,Florida,Holmes County,19569,19136,19324,19662,19876,2024
050,12,061,Florida,Indian River County,160452,163903,167698,170487,172139,2024
050,12,063,Florida,Jackson County,47106,47138,48294,48731,49980,2024
050,12,065,Florida,Jefferson County,14402,14497,15090,15547,15921,2024
050,12,067,Florida,Lafayette County,8230,7957,7786,8192,8640,2024
050,12,069,Florida,Lake County,386238,396414,410981,426782,444204,2024
050,12,071,Florida,Lee County,765566,791013,826567,844226,860959,2024
050,12,073,Florida,Leon County,293961,296057,298181,299024,300488,2024
050,12,075,Florida,Levy County,43065,44169,45291,46665,47765,2024
050,12,077,Florida,Liberty County,7806,7294,7609,7771,7955,2024
050,12,079,Florida,Madison County,17838,17943,17978,18322,18364,2024
050,12,081,Florida,Manatee County,401644,413805,430700,444457,458352,2024
050,12,083,Florida,Marion County,377464,385024,396661,412338,428905,2024
050,12,085,Florida,Martin County,158669,159925,162379,164241,165666,2024
050,12,086,Florida,Miami-Dade County,2695729,2669925,2713415,2774250,2838461,2024
050,12,087,Florida,Monroe County,82851,82234,82002,81306,80908,2024
050,12,089,Florida,Nassau County,91036,94413,97891,101579,104376,2024
050,12,091,Florida,Okaloosa County,212097,213678,217115,219624,220483,2024
050,12,093,Florida,Okeechobee County,39656,40034,40416,41603,42369,2024
050,12,095,Florida,Orange County,1431720,1427909,1465146,1501265,1533646,2024
050,12,097,Florida,Osceola County,391163,404055,426556,447243,468058,2024
050,12,099,Florida,Palm Beach County,1494276,1503677,1531542,1557481,1582055,2024
050,12,101,Florida,Pasco County,566182,585290,610584,636049,659114,2024
050,12,103,Florida,Pinellas County,959839,959703,964693,967301,965870,2024
050,12,105,Florida,Polk County,730179,755712,790530,824172,852878,2024
050,12,107,Florida,Putnam County,73386,74116,74805,76211,77301,2024
050,12,109,Florida,St. Johns County,277105,293292,307837,321510,334928,2024
050,12,111,Florida,St. Lucie County,331461,344300,359882,376186,390670,2024
050,12,113,Florida,Santa Rosa County,189022,193751,198363,203569,207653,2024
050,12,115,Florida,Sarasota County,436256,448730,464067,472079,476604,2024
050,12,117,Florida,Seminole County,471472,470935,481084,489254,494605,2024
050,12,119,Florida,Sumter County,130303,134908,144978,152157,154693,2024
050,12,121,Florida,Suwannee County,43530,44139,45370,46134,47536,2024
050,12,123,Florida,Taylor County,21746,20811,21347,21766,21843,2024
050,12,125,Florida,Union County,15433,15852,15490,15993,15738,2024
050,12,127,Florida,Volusia County,555752,566481,580481,592622,602772,2024
050,12,129,Florida,Wakulla County,33903,34287,35159,36472,37115,2024
050,12,131,Florida,Walton County,75891,79744,83100,86338,89666,2024
050,12,133,Florida,Washington County,25314,24856,25426,25545,26503,2024
040,13,000,Georgia,Georgia,10732888,10792060,10931805,11064432,11180878,2024
050,13,001,Georgia,Appling County,18378,18421,18479,18517,18669,2024
050,13,003,Georgia,Atkinson County,8312,8353,8236,8351,8435,2024
050,13,005,Georgia,Bacon County,11113,11074,11174,11140,11045,2024
050,13,007,Georgia,Baker County,2850,2824,2796,2750,2732,2024
050,13,009,Georgia,Baldwin County,43793,43703,43649,43423,43644,2024
050,13,011,Georgia,Banks County,18139,18597,19404,19863,20318,2024
050,13,013,Georgia,Barrow County,84006,86759,89359,93011,96294,2024
050,13,015,Georgia,Bartow County,109321,110953,112805,114977,117508,2024
050,13,017,Georgia,Ben Hill County,17166,17128,17055,17150,16945,2024
050,13,019,Georgia,Berrien County,18148,18120,18238,18587,18666,2024
050,13,021,Georgia,Bibb County,157038,156005,156115,156676,157056,2024
050,13,023,Georgia,Bleckley County,12525,12274,12270,12455,12626,2024
050,13,025,Georgia,Brantley County,18046,18123,18196,18417,18795,2024
050,13,027,Georgia,Brooks County,16271,16276,16300,16275,16344,2024
050,13,029,Georgia,Bryan County,45044,46976,48316,49876,51105,2024
050,13,031,Georgia,Bulloch County,79918,80682,83027,84332,85454,2024
050,13,033,Georgia,Burke County,24640,24372,24433,24431,24472,2024
050,13,035,Georgia,Butts County,25554,26177,26745,26875,27127,2024
050,13,037,Georgia,Calhoun County,5574,5543,5471,5462,5441,2024
050,13,039,Georgia,Camden County,54929,55796,57036,57991,59099,2024
050,13,043,Georgia,Candler County,11026,10953,11000,11106,11130,2024
050,13,045,Georgia,Carroll County,119487,121592,124564,127293,129911,2024
050,13,047,Georgia,Catoosa County,68007,68446,68840,68935,68940,2024
050,13,049,Georgia,Charlton County,12533,12827,12781,12928,13021,2024
050,13,051,Georgia,Chatham County,295076,295714,301512,304757,307336,2024
050,13,053,Georgia,Chattahoochee County,9481,9047,8773,8588,8548,2024
050,13,055,Georgia,Chattooga County,24929,24850,24921,25176,25306,2024
050,13,057,Georgia,Cherokee County,268169,274778,281455,287243,293513,2024
050,13,059,Georgia,Clarke County,128547,129211,129954,130338,129995,2024
050,13,061,Georgia,Clay County,2829,2868,2862,2869,2815,2024
050,13,063,Georgia,Clayton County,299440,299234,298862,299380,297703,2024
050,13,065,Georgia,Clinch County,6725,6708,6684,6808,6871,2024
050,13,067,Georgia,Cobb County,766383,766747,774162,781208,787538,2024
050,13,069,Georgia,Coffee County,43058,43053,43311,43464,43851,2024
050,13,071,Georgia,Colquitt County,45901,45774,45952,46515,46977,2024
050,13,073,Georgia,Columbia County,156869,159680,162681,165470,167472,2024
050,13,075,Georgia,Cook County,17236,17264,17414,17760,17984,2024
050,13,077,Georgia,Coweta County,146759,149999,153002,156269,158233,2024
050,13,079,Georgia,Crawford County,12102,12140,12197,12335,12349,2024
050,13,081,Georgia,Crisp County,20056,20005,19755,19668,19468,2024
050,13,083,Georgia,Dade County,16235,16220,16114,16188,16068,2024
050,13,085,Georgia,Dawson County,27061,28505,30175,31720,33748,2024
050,13,087,Georgia,Decatur County,29326,29097,29038,29124,29391,2024
050,13,089,Georgia,DeKalb County,764630,759333,764440,768047,770307,2024
050,13,091,Georgia,Dodge County,19952,19739,19903,19799,19630,2024
050,13,093,Georgia,Dooly County,11159,10879,10639,11056,11186,2024
050,13,095,Georgia,Dougherty County,85161,82271,82972,82635,82418,2024
050,13,097,Georgia,Douglas County,144678,145786,147690,149401,151887,2024
050,13,099,Georgia,Early County,10796,10638,10567,10570,10444,2024
050,13,101,Georgia,Echols County,3721,3697,3694,3739,3698,2024
050,13,103,Georgia,Effingham County,65192,66795,69030,71549,73148,2024
050,13,105,Georgia,Elbert County,19665,19572,19853,20003,20152,2024
050,13,107,Georgia,Emanuel County,22902,22907,22953,23146,23224,2024
050,13,109,Georgia,Evans County,10795,10704,10662,10753,10869,2024
050,13,111,Georgia,Fannin County,25437,25800,25702,25916,25854,2024
050,13,113,Georgia,Fayette County,119512,120751,122150,123698,125107,2024
050,13,115,Georgia,Floyd County,98583,98498,99586,100407,101390,2024
050,13,117,Georgia,Forsyth County,252911,260816,268075,274535,280096,2024
050,13,119,Georgia,Franklin County,23477,23518,24151,24815,25208,2024
050,13,121,Georgia,Fulton County,1069333,1062576,1076569,1083971,1090354,2024
050,13,123,Georgia,Gilmer County,31422,32102,32413,32868,33327,2024
050,13,125,Georgia,Glascock County,2893,2897,2919,2943,3008,2024
050,13,127,Georgia,Glynn County,84490,84773,85202,86229,86540,2024
050,13,129,Georgia,Gordon County,57729,58252,58909,59844,60765,2024
050,13,131,Georgia,Grady County,26227,25858,26056,26130,26271,2024
050,13,133,Georgia,Greene County,19032,19553,20136,20733,21091,2024
050,13,135,Georgia,Gwinnett County,958378,965458,980015,991602,1003869,2024
050,13,137,Georgia,Habersham County,46140,46753,47558,48851,49665,2024
050,13,139,Georgia,Hall County,203409,206998,213126,218248,221745,2024
050,13,141,Georgia,Hancock County,8709,8676,8453,8730,8683,2024
050,13,143,Georgia,Haralson County,30040,30601,31340,32040,32404,2024
050,13,145,Georgia,Harris County,34900,35594,36308,36700,36929,2024
050,13,147,Georgia,Hart County,25883,26326,26877,27557,28052,2024
050,13,149,Georgia,Heard County,11445,11531,11720,12052,12119,2024
050,13,151,Georgia,Henry County,241867,245127,248559,254934,259315,2024
050,13,153,Georgia,Houston County,164358,167245,169791,171955,174897,2024
050,13,155,Georgia,Irwin County,9650,9376,9121,9123,9155,2024
050,13,157,Georgia,Jackson County,76740,80394,84102,88723,93825,2024
050,13,159,Georgia,Jasper County,14670,15275,15985,16496,17219,2024
050,13,161,Georgia,Jeff Davis County,14802,14865,14909,14927,15119,2024
050,13,163,Georgia,Jefferson County,15676,15480,15318,15211,15019,2024
050,13,165,Georgia,Jenkins County,8663,8769,8661,8628,8836,2024
050,13,167,Georgia,Johnson County,9183,9004,9255,9328,9178,2024
050,13,169,Georgia,Jones County,28399,28406,28514,29000,29047,2024
050,13,171,Georgia,Lamar County,18554,18702,19489,20420,20690,2024
050,13,173,Georgia,Lanier County,9929,10052,10207,10452,10464,2024
050,13,175,Georgia,Laurens County,49542,49526,49705,49932,50287,2024
050,13,177,Georgia,Lee County,33218,33210,33699,33928,34073,2024
050,13,179,Georgia,Liberty County,65339,66771,68031,68235,68607,2024
050,13,181,Georgia,Lincoln County,7702,7750,7872,7898,8049,2024
050,13,183,Georgia,Long County,16264,17105,18409,19651,20439,2024
050,13,185,Georgia,Lowndes County,118432,118966,119547,120800,122082,2024
050,13,187,Georgia,Lumpkin County,33636,32844,34763,35268,36016,2024
050,13,189,Georgia,McDuffie County,21613,21628,21727,21860,21764,2024
050,13,191,Georgia,McIntosh County,10984,11056,11190,11532,11800,2024
050,13,193,Georgia,Macon County,12020,11854,11778,11838,11831,2024
050,13,195,Georgia,Madison County,30276,30891,31447,32255,32771,2024
050,13,197,Georgia,Marion County,7528,7431,7464,7485,7635,2024
050,13,199,Georgia,Meriwether County,20619,20733,20892,20964,21439,2024
050,13,201,Georgia,Miller County,5992,5852,5790,5790,5824,2024
050,13,205,Georgia,Mitchell County,21676,21326,21182,20778,20329,2024
050,13,207,Georgia,Monroe County,28059,28752,29455,30616,31437,2024
050,13,209,Georgia,Montgomery County,8569,8640,8656,8767,8566,2024
050,13,211,Georgia,Morgan County,20206,20660,21048,21537,21940,2024
050,13,213,Georgia,Murray County,40012,39976,40432,41072,41316,2024
050,13,215,Georgia,Muscogee County,207015,205094,202658,201959,201830,2024
050,13,217,Georgia,Newton County,112897,115356,117970,120529,124010,2024
050,13,219,Georgia,Oconee County,42025,43049,43676,44256,44751,2024
050,13,221,Georgia,Oglethorpe County,14867,15187,15532,15788,16172,2024
050,13,223,Georgia,Paulding County,169576,173998,178885,183535,188549,2024
050,13,225,Georgia,Peach County,28042,28254,28484,28807,29213,2024
050,13,227,Georgia,Pickens County,33347,34035,34817,35975,36580,2024
050,13,229,Georgia,Pierce County,19746,19978,20176,20443,20669,2024
050,13,231,Georgia,Pike County,18943,19545,19936,20422,20669,2024
050,13,233,Georgia,Polk County,42922,43322,43706,44363,44610,2024
050,13,235,Georgia,Pulaski County,9874,9572,9953,10114,10180,2024
050,13,237,Georgia,Putnam County,22166,22614,22928,23183,23383,2024
050,13,239,Georgia,Quitman County,2224,2239,2254,2278,2323,2024
050,13,241,Georgia,Rabun County,16913,17119,17292,17525,17711,2024
050,13,243,Georgia,Randolph County,6364,6262,6155,6113,6085,2024
050,13,245,Georgia,Richmond County,206557,205331,206510,205646,206303,2024
050,13,247,Georgia,Rockdale County,93617,93899,95016,96263,97610,2024
050,13,249,Georgia,Schley County,4538,4488,4503,4534,4503,2024
050,13,251,Georgia,Screven County,14079,14067,13977,14204,14325,2024
050,13,253,Georgia,Seminole County,9133,9166,9129,9080,9274,2024
050,13,255,Georgia,Spalding County,67465,67698,69015,69992,70292,2024
050,13,257,Georgia,Stephens County,26816,26769,26724,27255,27498,2024
050,13,259,Georgia,Stewart County,5294,4913,4634,4697,4809,2024
050,13,261,Georgia,Sumter County,29522,28989,28880,28942,28972,2024
050,13,263,Georgia,Talbot County,5725,5757,5759,5715,5755,2024
050,13,265,Georgia,Taliaferro County,1558,1567,1600,1601,1620,2024
050,13,267,Georgia,Tattnall County,24325,24100,24012,24328,24275,2024
050,13,269,Georgia,Taylor County,7819,7770,7767,7793,7783,2024
050,13,271,Georgia,Telfair County,12453,12319,12416,10969,11000,2024
050,13,273,Georgia,Terrell County,9140,8927,8782,8704,8698,2024
050,13,275,Georgia,Thomas County,45786,45835,45542,45666,46054,2024
050,13,277,Georgia,Tift County,41391,41095,41378,41620,41708,2024
050,13,279,Georgia,Toombs County,27085,26854,26881,27198,27488,2024
050,13,281,Georgia,Towns County,12551,12880,12944,13007,13184,2024
050,13,283,Georgia,Treutlen County,6393,6364,6353,6351,6420,2024
050,13,285,Georgia,Troup County,69348,69535,70297,70957,71513,2024
050,13,287,Georgia,Turner County,8985,8920,8842,8926,9023,2024
050,13,289,Georgia,Twiggs County,8011,7880,7688,7706,7728,2024
050,13,291,Georgia,Union County,24801,25605,26400,27115,27601,2024
050,13,293,Georgia,Upson County,27740,27685,28098,28265,28358,2024
050,13,295,Georgia,Walker County,67747,68425,68887,69410,69340,2024
050,13,297,Georgia,Walton County,97136,99804,103056,106778,109792,2024
050,13,299,Georgia,Ware County,36231,35554,35608,36263,36222,2024
050,13,301,Georgia,Warren County,5212,5215,5168,5108,5148,2024
050,13,303,Georgia,Washington County,19957,19772,19791,19891,19834,2024
050,13,305,Georgia,Wayne County,30146,30231,30786,31449,32132,2024
050,13,307,Georgia,Webster County,2352,2364,2351,2367,2315,2024
050,13,309,Georgia,Wheeler County,7451,7742,7307,7097,7076,2024
050,13,311,Georgia,White County,28114,28404,28810,29056,29668,2024
050,13,313,Georgia,Whitfield County,102794,102729,103252,104147,105070,2024
050,13,315,Georgia,Wilcox County,8792,8745,8747,8801,8904,2024
050,13,317,Georgia,Wilkes County,9551,9490,9585,9552,9567,2024
050,13,319,Georgia,Wilkinson County,8839,8794,8689,8747,8667,2024
050,13,321,Georgia,Worth County,20734,20568,20420,20271,20262,2024
040,15,000,Hawaii,Hawaii,1451252,1447029,1440359,1441387,1446146,2024
050,15,001,Hawaii,Hawaii County,200754,203933,206324,208043,209790,2024
050,15,003,Hawaii,Honolulu County,1012407,1004349,995652,994576,998747,2024
050,15,005,Hawaii,Kalawao County,80,81,81,81,81,2024
050,15,007,Hawaii,Kauai County,73209,73851,73823,73933,73840,2024
050,15,009,Hawaii,Maui County,164802,164815,164479,164754,163688,2024
040,16,000,Idaho,Idaho,1849415,1904848,1944299,1971122,2001619,2024
050,16,001,Idaho,Ada County,498301,513098,520788,526690,535799,2024
050,16,003,Idaho,Adams County,4425,4621,4780,4898,4998,2024
050,16,005,Idaho,Bannock County,87281,88523,89871,90585,91010,2024
050,16,007,Idaho,Bear Lake County,6367,6569,6751,6783,6779,2024
050,16,009,Idaho,Benewah County,9579,9900,10301,10400,10529,2024
050,16,011,Idaho,Bingham County,48099,48938,49997,50398,50889,2024
050,16,013,Idaho,Blaine County,24345,24784,25186,25180,25261,2024
050,16,015,Idaho,Boise County,7663,8133,8426,8560,8581,2024
050,16,017,Idaho,Bonner County,47411,49649,51521,52709,53955,2024
050,16,019,Idaho,Bonneville County,124736,128072,129690,131475,133644,2024
050,16,021,Idaho,Boundary County,12141,12627,13377,13677,14040,2024
050,16,023,Idaho,Butte County,2583,2665,2692,2747,2735,2024
050,16,025,Idaho,Camas County,1084,1137,1168,1232,1247,2024
050,16,027,Idaho,Canyon County,233031,243752,251532,258742,266892,2024
050,16,029,Idaho,Caribou County,7016,7115,7208,7233,7239,2024
050,16,031,Idaho,Cassia County,24755,25242,25625,25817,25976,2024
050,16,033,Idaho,Clark County,793,794,812,801,794,2024
050,16,035,Idaho,Clearwater County,8752,8927,9034,9192,9151,2024
050,16,037,Idaho,Custer County,4269,4444,4503,4531,4597,2024
050,16,039,Idaho,Elmore County,28680,28994,29494,29706,29729,2024
050,16,041,Idaho,Franklin County,14283,14673,15172,15516,15638,2024
050,16,043,Idaho,Fremont County,13419,13593,14048,14258,14399,2024
050,16,045,Idaho,Gem County,19278,19813,20739,21384,21857,2024
050,16,047,Idaho,Gooding County,15657,15806,15890,16113,16189,2024
050,16,049,Idaho,Idaho County,16590,17059,17670,17928,17912,2024
050,16,051,Idaho,Jefferson County,31082,32208,33365,34259,34854,2024
050,16,053,Idaho,Jerome County,24268,24740,25228,25574,26056,2024
050,16,055,Idaho,Kootenai County,172791,180089,183540,185237,188323,2024
050,16,057,Idaho,Latah County,39638,40406,41330,41691,42180,2024
050,16,059,Idaho,Lemhi County,7958,8158,8286,8447,8397,2024
050,16,061,Idaho,Lewis County,3524,3689,3727,3740,3728,2024
050,16,063,Idaho,Lincoln County,5136,5289,5365,5444,5556,2024
050,16,065,Idaho,Madison County,52912,54079,55427,55123,55549,2024
050,16,067,Idaho,Minidoka County,21671,21951,22202,22526,22691,2024
050,16,069,Idaho,Nez Perce County,42148,42511,43003,42978,42847,2024
050,16,071,Idaho,Oneida County,4564,4604,4740,4955,4976,2024
050,16,073,Idaho,Owyhee County,11999,12362,12644,12762,12748,2024
050,16,075,Idaho,Payette County,25588,26385,26934,27284,27662,2024
050,16,077,Idaho,Power County,7883,7980,8122,8301,8381,2024
050,16,079,Idaho,Shoshone County,13205,13623,13951,14072,14074,2024
050,16,081,Idaho,Teton County,11734,12273,12553,12632,12932,2024
050,16,083,Idaho,Twin Falls County,90374,92410,93973,95404,96509,2024
050,16,085,Idaho,Valley County,11842,12258,12436,12630,12777,2024
050,16,087,Idaho,Washington County,10560,10905,11198,11508,11539,2024
040,17,000,Illinois,Illinois,12799088,12700641,12621821,12642259,12710158,2024
050,17,001,Illinois,Adams County,65622,65077,64526,64435,64109,2024
050,17,003,Illinois,Alexander County,5172,5028,4859,4723,4594,2024
050,17,005,Illinois,Bond County,16856,16797,16716,16637,16576,2024
050,17,007,Illinois,Boone County,53339,53173,53084,53239,53313,2024
050,17,009,Illinois,Brown County,6237,6444,6321,6301,6307,2024
050,17,011,Illinois,Bureau County,33225,32999,32862,32758,32486,2024
050,17,013,Illinois,Calhoun County,4403,4392,4335,4293,4224,2024
050,17,015,Illinois,Carroll County,15678,15712,15553,15492,15444,2024
050,17,017,Illinois,Cass County,12976,12778,12672,12779,12713,2024
050,17,019,Illinois,Champaign County,206252,207232,208033,209813,212374,2024
050,17,021,Illinois,Christian County,33982,33731,33410,33319,33247,2024
050,17,023,Illinois,Clark County,15448,15375,15211,15218,15076,2024
050,17,025,Illinois,Clay County,13273,13166,13053,12945,12821,2024
050,17,027,Illinois,Clinton County,36913,36898,36987,36886,37087,2024
050,17,029,Illinois,Coles County,47084,47136,46708,46532,46423,2024
050,17,031,Illinois,Cook County,5267072,5185134,5133106,5142522,5182617,2024
050,17,033,Illinois,Crawford County,18637,18673,18516,18342,18388,2024
050,17,035,Illinois,Cumberland County,10437,10358,10296,10272,10305,2024
050,17,037,Illinois,DeKalb County,100368,100584,100569,100661,101335,2024
050,17,039,Illinois,De Witt County,15464,15410,15341,15331,15319,2024
050,17,041,Illinois,Douglas County,19780,19714,19702,19733,19824,2024
050,17,043,Illinois,DuPage County,931508,927145,925143,929180,937142,2024
050,17,045,Illinois,Edgar County,16808,16601,16426,16442,16398,2024
050,17,047,Illinois,Edwards County,6209,6087,6073,6021,5984,2024
050,17,049,Illinois,Effingham County,34707,34514,34336,34453,34602,2024
050,17,051,Illinois,Fayette County,21485,21438,21284,21209,21157,2024
050,17,053,Illinois,Ford County,13511,13480,13270,13316,13451,2024
050,17,055,Illinois,Franklin County,37717,37484,37226,37156,37033,2024
050,17,057,Illinois,Fulton County,33554,33344,33022,32664,32510,2024
050,17,059,Illinois,Gallatin County,4945,4908,4842,4708,4690,2024
050,17,061,Illinois,Greene County,11935,11848,11643,11572,11417,2024
050,17,063,Illinois,Grundy County,52535,52984,53153,53587,53835,2024
050,17,065,Illinois,Hamilton County,7993,7908,7976,7886,7818,2024
050,17,067,Illinois,Hancock County,17558,17395,17250,17195,17008,2024
050,17,069,Illinois,Hardin County,3646,3640,3588,3599,3550,2024
050,17,071,Illinois,Henderson County,6335,6309,6168,6105,6048,2024
050,17,073,Illinois,Henry County,49178,48929,48567,48362,48177,2024
050,17,075,Illinois,Iroquois County,26966,26761,26417,26033,26067,2024
050,17,077,Illinois,Jackson County,53264,52986,53004,52867,53199,2024
050,17,079,Illinois,Jasper County,9255,9210,9185,9156,9092,2024
050,17,081,Illinois,Jefferson County,37000,36899,36415,36331,36107,2024
050,17,083,Illinois,Jersey County,21492,21350,21222,21158,21150,2024
050,17,085,Illinois,Jo Daviess County,22098,22016,21863,21749,21528,2024
050,17,087,Illinois,Johnson County,13322,13481,13401,13355,13320,2024
050,17,089,Illinois,Kane County,516403,516564,515070,517241,520997,2024
050,17,091,Illinois,Kankakee County,107403,106757,106221,106386,106410,2024
050,17,093,Illinois,Kendall County,132351,135023,137602,140229,143171,2024
050,17,095,Illinois,Knox County,49806,49333,48713,48663,48716,2024
050,17,097,Illinois,Lake County,713426,712733,712143,714207,718604,2024
050,17,099,Illinois,LaSalle County,109409,109166,108210,108397,108390,2024
050,17,101,Illinois,Lawrence County,15283,15246,14937,14886,14801,2024
050,17,103,Illinois,Lee County,34063,34202,33928,33606,33544,2024
050,17,105,Illinois,Livingston County,35816,35799,35513,35321,35375,2024
050,17,107,Illinois,Logan County,27905,27978,27654,27508,27518,2024
050,17,109,Illinois,McDonough County,27116,26906,26965,26952,26662,2024
050,17,111,Illinois,McHenry County,309973,311669,311921,313435,315959,2024
050,17,113,Illinois,McLean County,171236,171411,171571,171493,172069,2024
050,17,115,Illinois,Macon County,103764,102619,101369,100754,100737,2024
050,17,117,Illinois,Macoupin County,44924,44563,44239,44127,43895,2024
050,17,119,Illinois,Madison County,265749,265001,263981,263442,263017,2024
050,17,121,Illinois,Marion County,37657,37390,36878,36640,36437,2024
050,17,123,Illinois,Marshall County,11710,11665,11657,11650,11552,2024
050,17,125,Illinois,Mason County,13053,12826,12717,12588,12543,2024
050,17,127,Illinois,Massac County,14137,13953,13858,13751,13627,2024
050,17,129,Illinois,Menard County,12272,12170,12076,11996,11963,2024
050,17,131,Illinois,Mercer County,15632,15583,15512,15456,15292,2024
050,17,133,Illinois,Monroe County,34953,35007,35107,35144,34969,2024
050,17,135,Illinois,Montgomery County,28242,28128,27971,27756,27615,2024
050,17,137,Illinois,Morgan County,33494,33289,32931,32773,32618,2024
050,17,139,Illinois,Moultrie County,14492,14573,14361,14327,14365,2024
050,17,141,Illinois,Ogle County,51762,51540,51437,51391,51345,2024
050,17,143,Illinois,Peoria County,181512,179847,178503,178735,179630,2024
050,17,145,Illinois,Perry County,20892,21027,20503,20499,20272,2024
050,17,147,Illinois,Piatt County,16683,16764,16678,16720,16628,2024
050,17,149,Illinois,Pike County,14637,14621,14492,14339,14258,2024
050,17,151,Illinois,Pope County,3758,3763,3757,3715,3703,2024
050,17,153,Illinois,Pulaski County,5179,5093,4966,4957,4879,2024
050,17,155,Illinois,Putnam County,5631,5589,5562,5588,5633,2024
050,17,157,Illinois,Randolph County,30084,30207,30101,29993,29903,2024
050,17,159,Illinois,Richland County,15805,15784,15536,15502,15362,2024
050,17,161,Illinois,Rock Island County,144360,142943,141812,141939,142731,2024
050,17,163,Illinois,St. Clair County,257070,255210,252947,252094,251149,2024
050,17,165,Illinois,Saline County,23741,23368,23141,22988,22826,2024
050,17,167,Illinois,Sangamon County,196223,195468,194483,194216,194345,2024
050,17,169,Illinois,Schuyler County,6870,6835,6755,6725,6750,2024
050,17,171,Illinois,Scott County,5074,4984,4898,4850,4880,2024
050,17,173,Illinois,Shelby County,20907,20853,20706,20593,20542,2024
050,17,175,Illinois,Stark County,5388,5291,5324,5267,5272,2024
050,17,177,Illinois,Stephenson County,44573,44130,43702,43347,43088,2024
050,17,179,Illinois,Tazewell County,131296,130640,129859,129835,129821,2024
050,17,181,Illinois,Union County,17298,17035,16901,16866,16886,2024
050,17,183,Illinois,Vermilion County,74010,73175,72089,71551,71106,2024
050,17,185,Illinois,Wabash County,11315,11209,11061,11032,10979,2024
050,17,187,Illinois,Warren County,16832,16595,16368,16224,16217,2024
050,17,189,Illinois,Washington County,13731,13651,13650,13570,13535,2024
050,17,191,Illinois,Wayne County,16161,15995,15903,15875,15928,2024
050,17,193,Illinois,White County,13814,13767,13636,13482,13395,2024
050,17,195,Illinois,Whiteside County,55574,55320,54602,54582,54657,2024
050,17,197,Illinois,Will County,696909,699327,699110,703383,708583,2024
050,17,199,Illinois,Williamson County,67121,66895,66565,66737,67064,2024
050,17,201,Illinois,Winnebago County,284963,283413,282081,282214,283790,2024
050,17,203,Illinois,Woodford County,38407,38220,38254,38387,38290,2024
040,18,000,Indiana,Indiana,6790497,6815907,6844545,6880131,6924275,2024
050,18,001,Indiana,Adams County,35865,36012,36204,36469,36584,2024
050,18,003,Indiana,Allen County,386123,389220,392119,395131,399295,2024
050,18,005,Indiana,Bartholomew County,82215,82732,83746,84248,84741,2024
050,18,007,Indiana,Benton County,8707,8678,8676,8761,8853,2024
050,18,009,Indiana,Blackford County,12109,12047,11905,11875,11816,2024
050,18,011,Indiana,Boone County,71133,73087,74403,76195,78773,2024
050,18,013,Indiana,Brown County,15480,15590,15617,15691,15650,2024
050,18,015,Indiana,Carroll County,20331,20519,20507,20570,20747,2024
050,18,017,Indiana,Cass County,37794,37573,37670,37802,37559,2024
050,18,019,Indiana,Clark County,121377,122922,124306,125686,127479,2024
050,18,021,Indiana,Clay County,26427,26399,26378,26419,26424,2024
050,18,023,Indiana,Clinton County,33172,32982,32794,32879,32895,2024
050,18,025,Indiana,Crawford County,10522,10490,10520,10442,10523,2024
050,18,027,Indiana,Daviess County,33368,33410,33613,33801,34097,2024
050,18,029,Indiana,Dearborn County,50756,50888,50976,51414,51435,2024
050,18,031,Indiana,Decatur County,26476,26360,26458,26395,26421,2024
050,18,033,Indiana,DeKalb County,43306,43417,43804,44177,44330,2024
050,18,035,Indiana,Delaware County,111757,112059,112183,112448,112951,2024
050,18,037,Indiana,Dubois County,43644,43569,43550,43678,43629,2024
050,18,039,Indiana,Elkhart County,207009,207093,207161,206963,207436,2024
050,18,041,Indiana,Fayette County,23356,23381,23342,23256,23335,2024
050,18,043,Indiana,Floyd County,80515,80598,80662,80882,81931,2024
050,18,045,Indiana,Fountain County,16493,16485,16601,16674,16833,2024
050,18,047,Indiana,Franklin County,22789,22892,23107,23174,23136,2024
050,18,049,Indiana,Fulton County,20468,20415,20353,20319,20004,2024
050,18,051,Indiana,Gibson County,33058,32981,33004,32919,33038,2024
050,18,053,Indiana,Grant County,66507,66189,66020,66303,66458,2024
050,18,055,Indiana,Greene County,30805,30874,31076,31132,31219,2024
050,18,057,Indiana,Hamilton County,349031,357691,366264,372588,379704,2024
050,18,059,Indiana,Hancock County,80180,81899,83119,86176,88810,2024
050,18,061,Indiana,Harrison County,39673,39808,39823,40011,39978,2024
050,18,063,Indiana,Hendricks County,175615,179830,183507,187141,190629,2024
050,18,065,Indiana,Henry County,48910,49038,48829,48993,49081,2024
050,18,067,Indiana,Howard County,83587,83653,83574,83857,84082,2024
050,18,069,Indiana,Huntington County,36642,36788,36799,36818,36944,2024
050,18,071,Indiana,Jackson County,46479,46231,46385,46787,47420,2024
050,18,073,Indiana,Jasper County,32893,33155,33280,33456,33387,2024
050,18,075,Indiana,Jay County,20481,20293,20137,20069,20164,2024
050,18,077,Indiana,Jefferson County,33103,33124,32902,32938,32921,2024
050,18,079,Indiana,Jennings County,27579,27513,27468,27614,27634,2024
050,18,081,Indiana,Johnson County,162263,164440,165951,168305,170614,2024
050,18,083,Indiana,Knox County,36257,35982,35895,36027,35872,2024
050,18,085,Indiana,Kosciusko County,80161,80265,80676,80441,80669,2024
050,18,087,Indiana,LaGrange County,40533,40527,40865,40979,41122,2024
050,18,089,Indiana,Lake County,498963,499319,500065,500591,502955,2024
050,18,091,Indiana,LaPorte County,112287,112552,111810,111586,111348,2024
050,18,093,Indiana,Lawrence County,45009,45063,45213,45034,45192,2024
050,18,095,Indiana,Madison County,130160,130846,131524,132746,134222,2024
050,18,097,Indiana,Marion County,976706,971682,973375,975654,981628,2024
050,18,099,Indiana,Marshall County,46073,46168,46394,46323,46464,2024
050,18,101,Indiana,Martin County,9810,9807,9808,9862,9864,2024
050,18,103,Indiana,Miami County,35906,36003,35562,35477,35613,2024
050,18,105,Indiana,Monroe County,140645,141243,141181,141052,140702,2024
050,18,107,Indiana,Montgomery County,37943,38069,38345,38571,38633,2024
050,18,109,Indiana,Morgan County,71842,72289,72239,73100,73825,2024
050,18,111,Indiana,Newton County,13792,13815,13841,14033,14131,2024
050,18,113,Indiana,Noble County,47468,47408,47281,47508,47811,2024
050,18,115,Indiana,Ohio County,5925,5992,6089,5993,5996,2024
050,18,117,Indiana,Orange County,19853,19816,19633,19711,19824,2024
050,18,119,Indiana,Owen County,21324,21519,21552,21775,21851,2024
050,18,121,Indiana,Parke County,16167,16506,16365,16483,16508,2024
050,18,123,Indiana,Perry County,19157,19341,19241,19291,19320,2024
050,18,125,Indiana,Pike County,12252,12176,12139,12089,12116,2024
050,18,127,Indiana,Porter County,173338,174591,175014,175289,175860,2024
050,18,129,Indiana,Posey County,25185,25170,25111,25047,25067,2024
050,18,131,Indiana,Pulaski County,12520,12368,12461,12434,12421,2024
050,18,133,Indiana,Putnam County,36682,37036,37300,37578,37804,2024
050,18,135,Indiana,Randolph County,24415,24415,24407,24360,24337,2024
050,18,137,Indiana,Ripley County,28985,29025,29042,29208,29214,2024
050,18,139,Indiana,Rush County,16769,16689,16661,16815,16759,2024
050,18,141,Indiana,St. Joseph County,272688,272315,272796,273658,273744,2024
050,18,143,Indiana,Scott County,24376,24423,24455,24625,24751,2024
050,18,145,Indiana,Shelby County,45066,45113,45213,45281,45654,2024
050,18,147,Indiana,Spencer County,19833,19841,19890,20018,20192,2024
050,18,149,Indiana,Starke County,23399,23380,23251,23334,23463,2024
050,18,151,Indiana,Steuben County,34447,34712,34731,34876,34862,2024
050,18,153,Indiana,Sullivan County,20819,20787,20702,20822,20768,2024
050,18,155,Indiana,Switzerland County,9742,9863,9985,9965,9988,2024
050,18,157,Indiana,Tippecanoe County,186391,187428,189402,190482,191650,2024
050,18,159,Indiana,Tipton County,15388,15393,15329,15295,15324,2024
050,18,161,Indiana,Union County,7079,7016,6975,6972,6884,2024
050,18,163,Indiana,Vanderburgh County,180345,180188,179725,179942,180387,2024
050,18,165,Indiana,Vermillion County,15400,15429,15397,15363,15516,2024
050,18,167,Indiana,Vigo County,106133,106127,106066,106053,106166,2024
050,18,169,Indiana,Wabash County,30926,30888,30869,30762,30777,2024
050,18,171,Indiana,Warren County,8425,8453,8492,8498,8451,2024
050,18,173,Indiana,Warrick County,63994,64660,65297,66013,66339,2024
050,18,175,Indiana,Washington County,28233,28137,28158,28189,28345,2024
050,18,177,Indiana,Wayne County,66514,66453,66337,66273,66410,2024
050,18,179,Indiana,Wells County,28160,28165,28339,28636,28798,2024
050,18,181,Indiana,White County,24674,24648,24654,24775,24833,2024
050,18,183,Indiana,Whitley County,34340,34481,34600,34786,34885,2024
040,19,000,Iowa,Iowa,3191141,3198613,3202820,3218414,3241488,2024
050,19,001,Iowa,Adair County,7489,7522,7457,7399,7431,2024
050,19,003,Iowa,Adams County,3710,3641,3602,3553,3606,2024
050,19,005,Iowa,Allamakee County,14069,13965,14072,14168,14184,2024
050,19,007,Iowa,Appanoose County,12283,12269,12135,12129,12106,2024
050,19,009,Iowa,Audubon County,5680,5645,5573,5533,5562,2024
050,19,011,Iowa,Benton County,25550,25745,25756,25769,25799,2024
050,19,013,Iowa,Black Hawk County,131049,130587,130081,131179,132348,2024
050,19,015,Iowa,Boone County,26702,26770,26570,26567,26729,2024
050,19,017,Iowa,Bremer County,25007,25119,25260,25304,25328,2024
050,19,019,Iowa,Buchanan County,20606,20707,20700,20725,20733,2024
050,19,021,Iowa,Buena Vista County,20808,20794,20651,20698,20816,2024
050,19,023,Iowa,Butler County,14334,14351,14275,14225,14156,2024
050,19,025,Iowa,Calhoun County,9895,9894,9725,9790,9711,2024
050,19,027,Iowa,Carroll County,20734,20754,20565,20512,20407,2024
050,19,029,Iowa,Cass County,13115,13085,13125,13131,13024,2024
050,19,031,Iowa,Cedar County,18483,18429,18331,18269,18231,2024
050,19,033,Iowa,Cerro Gordo County,43021,42767,42408,42470,42493,2024
050,19,035,Iowa,Cherokee County,11658,11539,11492,11652,11658,2024
050,19,037,Iowa,Chickasaw County,11985,11882,11755,11694,11719,2024
050,19,039,Iowa,Clarke County,9730,9751,9676,9631,9524,2024
050,19,041,Iowa,Clay County,16337,16459,16506,16530,16474,2024
050,19,043,Iowa,Clayton County,17034,17058,17058,16985,16931,2024
050,19,045,Iowa,Clinton County,46432,46491,46268,46134,46015,2024
050,19,047,Iowa,Crawford County,16492,16242,16135,16138,16378,2024
050,19,049,Iowa,Dallas County,100544,104194,108164,111593,115343,2024
050,19,051,Iowa,Davis County,9115,9155,9158,9165,9193,2024
050,19,053,Iowa,Decatur County,7733,7797,7822,7781,7656,2024
050,19,055,Iowa,Delaware County,17454,17552,17590,17583,17609,2024
050,19,057,Iowa,Des Moines County,38856,38545,38258,38360,38411,2024
050,19,059,Iowa,Dickinson County,17773,17876,18052,18087,18158,2024
050,19,061,Iowa,Dubuque County,99310,98863,98748,98988,99242,2024
050,19,063,Iowa,Emmet County,9342,9333,9197,9277,9162,2024
050,19,065,Iowa,Fayette County,19448,19303,19292,19239,19152,2024
050,19,067,Iowa,Floyd County,15593,15458,15316,15266,15008,2024
050,19,069,Iowa,Franklin County,9995,9949,9918,9895,10024,2024
050,19,071,Iowa,Fremont County,6567,6584,6465,6458,6494,2024
050,19,073,Iowa,Greene County,8750,8726,8707,8597,8662,2024
050,19,075,Iowa,Grundy County,12347,12376,12379,12412,12405,2024
050,19,077,Iowa,Guthrie County,10619,10598,10687,10763,10774,2024
050,19,079,Iowa,Hamilton County,15011,14866,14848,14848,14856,2024
050,19,081,Iowa,Hancock County,10758,10687,10664,10631,10616,2024
050,19,083,Iowa,Hardin County,16826,16705,16677,16523,16464,2024
050,19,085,Iowa,Harrison County,14567,14692,14635,14638,14626,2024
050,19,087,Iowa,Henry County,20447,20387,20253,19573,19361,2024
050,19,089,Iowa,Howard County,9497,9509,9502,9357,9360,2024
050,19,091,Iowa,Humboldt County,9597,9630,9545,9564,9617,2024
050,19,093,Iowa,Ida County,7029,6980,6900,6835,6810,2024
050,19,095,Iowa,Iowa County,16653,16583,16491,16386,16423,2024
050,19,097,Iowa,Jackson County,19453,19402,19350,19353,19390,2024
050,19,099,Iowa,Jasper County,37818,37887,37966,37991,38107,2024
050,19,101,Iowa,Jefferson County,15699,15786,15632,15626,15781,2024
050,19,103,Iowa,Johnson County,153052,155047,156815,158202,160080,2024
050,19,105,Iowa,Jones County,20654,20832,20960,20917,21116,2024
050,19,107,Iowa,Keokuk County,10012,9912,9895,9947,9855,2024
050,19,109,Iowa,Kossuth County,14791,14511,14462,14410,14408,2024
050,19,111,Iowa,Lee County,33529,33260,32793,32509,32376,2024
050,19,113,Iowa,Linn County,230433,229474,228947,229402,231762,2024
050,19,115,Iowa,Louisa County,10825,10736,10657,10540,10630,2024
050,19,117,Iowa,Lucas County,8620,8708,8720,8775,8758,2024
050,19,119,Iowa,Lyon County,11923,12035,12185,12288,12378,2024
050,19,121,Iowa,Madison County,16628,16792,17050,16999,17161,2024
050,19,123,Iowa,Mahaska County,22162,21982,21959,21967,22034,2024
050,19,125,Iowa,Marion County,33414,33450,33582,33718,34048,2024
050,19,127,Iowa,Marshall County,40091,39915,39940,40230,40392,2024
050,19,129,Iowa,Mills County,14418,14491,14572,14642,14717,2024
050,19,131,Iowa,Mitchell County,10586,10555,10557,10544,10632,2024
050,19,133,Iowa,Monona County,8742,8595,8515,8503,8429,2024
050,19,135,Iowa,Monroe County,7596,7586,7524,7486,7373,2024
050,19,137,Iowa,Montgomery County,10330,10317,10210,10148,10063,2024
050,19,139,Iowa,Muscatine County,43155,42693,42501,42316,42132,2024
050,19,141,Iowa,O'Brien County,14149,14048,14107,14067,14260,2024
050,19,143,Iowa,Osceola County,6200,6174,6073,6016,6036,2024
050,19,145,Iowa,Page County,15200,15232,15169,15012,15038,2024
050,19,147,Iowa,Palo Alto County,8993,8932,8772,8807,8809,2024
050,19,149,Iowa,Plymouth County,25694,25738,25714,25765,25825,2024
050,19,151,Iowa,Pocahontas County,7068,7043,7090,7024,7006,2024
050,19,153,Iowa,Polk County,493039,497903,501261,507487,516185,2024
050,19,155,Iowa,Pottawattamie County,93655,93403,93180,93353,93529,2024
050,19,157,Iowa,Poweshiek County,18628,18623,18521,18497,18454,2024
050,19,159,Iowa,Ringgold County,4643,4636,4692,4646,4608,2024
050,19,161,Iowa,Sac County,9800,9771,9680,9663,9533,2024
050,19,163,Iowa,Scott County,174617,174250,173985,174589,175601,2024
050,19,165,Iowa,Shelby County,11727,11776,11745,11823,11821,2024
050,19,167,Iowa,Sioux County,35897,35979,36231,36399,36554,2024
050,19,169,Iowa,Story County,98651,99683,99995,101501,102498,2024
050,19,171,Iowa,Tama County,17044,16862,16910,16787,16738,2024
050,19,173,Iowa,Taylor County,5861,5868,5870,5917,5825,2024
050,19,175,Iowa,Union County,12128,12048,11922,11913,11955,2024
050,19,177,Iowa,Van Buren County,7218,7256,7250,7266,7217,2024
050,19,179,Iowa,Wapello County,35327,35304,35080,35417,35681,2024
050,19,181,Iowa,Warren County,52591,53487,54325,55298,56343,2024
050,19,183,Iowa,Washington County,22541,22526,22541,22554,22631,2024
050,19,185,Iowa,Wayne County,6502,6522,6472,6542,6622,2024
050,19,187,Iowa,Webster County,36991,37172,36703,36653,36909,2024
050,19,189,Iowa,Winnebago County,10656,10657,10651,10563,10383,2024
050,19,191,Iowa,Winneshiek County,20051,19944,19915,19728,19723,2024
050,19,193,Iowa,Woodbury County,105952,105801,105674,106544,107257,2024
050,19,195,Iowa,Worth County,7430,7374,7316,7322,7307,2024
050,19,197,Iowa,Wright County,12923,12821,12740,12744,12729,2024
040,20,000,Kansas,Kansas,2938172,2938338,2937324,2951500,2970606,2024
050,20,001,Kansas,Allen County,12537,12506,12479,12466,12425,2024
050,20,003,Kansas,Anderson County,7841,7811,7787,7813,7908,2024
050,20,005,Kansas,Atchison County,16325,16235,16091,16142,16249,2024
050,20,007,Kansas,Barber County,4203,4105,4125,4078,4070,2024
050,20,009,Kansas,Barton County,25426,25267,25055,24901,24835,2024
050,20,011,Kansas,Bourbon County,14333,14327,14454,14432,14424,2024
050,20,013,Kansas,Brown County,9479,9456,9371,9267,9142,2024
050,20,015,Kansas,Butler County,67389,67984,68264,68638,69158,2024
050,20,017,Kansas,Chase County,2575,2608,2559,2555,2507,2024
050,20,019,Kansas,Chautauqua County,3380,3384,3387,3360,3339,2024
050,20,021,Kansas,Cherokee County,19301,19182,19043,19095,19133,2024
050,20,023,Kansas,Cheyenne County,2612,2635,2613,2634,2646,2024
050,20,025,Kansas,Clark County,1977,1957,1947,1861,1873,2024
050,20,027,Kansas,Clay County,8127,8099,8048,7996,7969,2024
050,20,029,Kansas,Cloud County,9018,8965,8937,8849,8723,2024
050,20,031,Kansas,Coffey County,8362,8343,8261,8272,8301,2024
050,20,033,Kansas,Comanche County,1682,1667,1695,1674,1694,2024
050,20,035,Kansas,Cowley County,34535,34631,34457,34245,34186,2024
050,20,037,Kansas,Crawford County,38951,39034,39180,38969,38904,2024
050,20,039,Kansas,Decatur County,2747,2756,2681,2732,2716,2024
050,20,041,Kansas,Dickinson County,18367,18463,18344,18432,18621,2024
050,20,043,Kansas,Doniphan County,7468,7455,7488,7530,7575,2024
050,20,045,Kansas,Douglas County,118787,119503,120053,121179,121989,2024
050,20,047,Kansas,Edwards County,2884,2802,2747,2731,2731,2024
050,20,049,Kansas,Elk County,2472,2431,2448,2478,2436,2024
050,20,051,Kansas,Ellis County,28951,28856,28868,28920,29007,2024
050,20,053,Kansas,Ellsworth County,6371,6328,6398,6387,6316,2024
050,20,055,Kansas,Finney County,38310,38091,37665,37999,38354,2024
050,20,057,Kansas,Ford County,34218,34190,33842,34047,34072,2024
050,20,059,Kansas,Franklin County,26015,26024,25994,26223,26273,2024
050,20,061,Kansas,Geary County,36766,36131,35525,35192,35459,2024
050,20,063,Kansas,Gove County,2716,2750,2741,2733,2658,2024
050,20,065,Kansas,Graham County,2406,2403,2395,2371,2370,2024
050,20,067,Kansas,Grant County,7326,7335,7230,7158,7097,2024
050,20,069,Kansas,Gray County,5640,5661,5707,5765,5730,2024
050,20,071,Kansas,Greeley County,1275,1283,1230,1174,1152,2024
050,20,073,Kansas,Greenwood County,5975,5921,5917,5909,5871,2024
050,20,075,Kansas,Hamilton County,2487,2478,2445,2459,2488,2024
050,20,077,Kansas,Harper County,5467,5352,5374,5392,5413,2024
050,20,079,Kansas,Harvey County,33996,33799,33710,33635,33642,2024
050,20,081,Kansas,Haskell County,3760,3653,3573,3630,3591,2024
050,20,083,Kansas,Hodgeman County,1738,1724,1707,1681,1673,2024
050,20,085,Kansas,Jackson County,13238,13264,13285,13392,13525,2024
050,20,087,Kansas,Jefferson County,18325,18435,18344,18307,18332,2024
050,20,089,Kansas,Jewell County,2929,2947,2906,2901,2899,2024
050,20,091,Kansas,Johnson County,611161,614962,619311,625444,632276,2024
050,20,093,Kansas,Kearny County,3960,3895,3854,3803,3808,2024
050,20,095,Kansas,Kingman County,7420,7288,7184,7091,6946,2024
050,20,097,Kansas,Kiowa County,2453,2407,2410,2404,2436,2024
050,20,099,Kansas,Labette County,20160,19908,19750,19833,19692,2024
050,20,101,Kansas,Lane County,1570,1564,1552,1533,1482,2024
050,20,103,Kansas,Leavenworth County,81961,82395,82852,83735,84670,2024
050,20,105,Kansas,Lincoln County,2946,2907,2909,2924,2928,2024
050,20,107,Kansas,Linn County,9591,9745,9771,9885,9841,2024
050,20,109,Kansas,Logan County,2743,2713,2706,2678,2694,2024
050,20,111,Kansas,Lyon County,32113,32034,31994,32267,32520,2024
050,20,113,Kansas,McPherson County,30184,30167,30106,30236,30334,2024
050,20,115,Kansas,Marion County,11787,11744,11800,11768,11670,2024
050,20,117,Kansas,Marshall County,10022,10023,10007,9963,9950,2024
050,20,119,Kansas,Meade County,4062,3998,3905,3911,3892,2024
050,20,121,Kansas,Miami County,34219,34641,34759,35333,35737,2024
050,20,123,Kansas,Mitchell County,5778,5750,5774,5789,5803,2024
050,20,125,Kansas,Montgomery County,31400,31180,30905,30756,30459,2024
050,20,127,Kansas,Morris County,5370,5388,5376,5289,5279,2024
050,20,129,Kansas,Morton County,2703,2674,2600,2592,2485,2024
050,20,131,Kansas,Nemaha County,10263,10228,10151,10094,10062,2024
050,20,133,Kansas,Neosho County,15905,15791,15583,15451,15552,2024
050,20,135,Kansas,Ness County,2679,2658,2671,2639,2617,2024
050,20,137,Kansas,Norton County,5452,5370,5322,5314,5335,2024
050,20,139,Kansas,Osage County,15740,15754,15690,15798,15737,2024
050,20,141,Kansas,Osborne County,3491,3487,3488,3440,3353,2024
050,20,143,Kansas,Ottawa County,5731,5835,5833,5842,5853,2024
050,20,145,Kansas,Pawnee County,6248,6240,6153,6068,6012,2024
050,20,147,Kansas,Phillips County,4959,4818,4792,4762,4733,2024
050,20,149,Kansas,Pottawatomie County,25421,25884,26331,26506,26876,2024
050,20,151,Kansas,Pratt County,9139,9168,9080,9107,9137,2024
050,20,153,Kansas,Rawlins County,2574,2561,2531,2480,2432,2024
050,20,155,Kansas,Reno County,61894,61523,61514,61419,61417,2024
050,20,157,Kansas,Republic County,4672,4699,4638,4608,4613,2024
050,20,159,Kansas,Rice County,9385,9388,9387,9305,9284,2024
050,20,161,Kansas,Riley County,72011,71870,71618,71673,72557,2024
050,20,163,Kansas,Rooks County,4886,4859,4798,4776,4748,2024
050,20,165,Kansas,Rush County,2944,2935,2949,2833,2810,2024
050,20,167,Kansas,Russell County,6673,6694,6726,6683,6620,2024
050,20,169,Kansas,Saline County,54248,53829,53461,53342,53459,2024
050,20,171,Kansas,Scott County,5133,5115,5010,4962,4914,2024
050,20,173,Kansas,Sedgwick County,524837,524470,525488,530254,536081,2024
050,20,175,Kansas,Seward County,21857,21764,21326,21209,21276,2024
050,20,177,Kansas,Shawnee County,178711,178424,177454,177596,177942,2024
050,20,179,Kansas,Sheridan County,2443,2451,2428,2409,2397,2024
050,20,181,Kansas,Sherman County,5902,5939,5857,5791,5796,2024
050,20,183,Kansas,Smith County,3559,3566,3553,3541,3541,2024
050,20,185,Kansas,Stafford County,4052,4012,3979,3948,3901,2024
050,20,187,Kansas,Stanton County,2085,2046,1977,2012,2071,2024
050,20,189,Kansas,Stevens County,5246,5305,5151,5074,5035,2024
050,20,191,Kansas,Sumner County,22323,22327,22384,22393,22336,2024
050,20,193,Kansas,Thomas County,7933,7950,7882,7858,7802,2024
050,20,195,Kansas,Trego County,2804,2791,2757,2758,2774,2024
050,20,197,Kansas,Wabaunsee County,6890,6970,7002,7073,7112,2024
050,20,199,Kansas,Wallace County,1512,1513,1491,1501,1472,2024
050,20,201,Kansas,Washington County,5526,5521,5495,5553,5572,2024
050,20,203,Kansas,Wichita County,2149,2079,2061,2093,2072,2024
050,20,205,Kansas,Wilson County,8586,8525,8577,8438,8398,2024
050,20,207,Kansas,Woodson County,3099,3086,3122,3127,3111,2024
050,20,209,Kansas,Wyandotte County,168920,167279,165719,166932,169418,2024
040,21,000,Kentucky,Kentucky,4508318,4507583,4519233,4550595,4588372,2024
050,21,001,Kentucky,Adair County,18881,18928,19089,19306,19239,2024
050,21,003,Kentucky,Allen County,20572,20833,21246,21779,22037,2024
050,21,005,Kentucky,Anderson County,23892,24093,24279,24618,24883,2024
050,21,007,Kentucky,Ballard County,7714,7689,7633,7608,7626,2024
050,21,009,Kentucky,Barren County,44511,44588,44851,45132,45609,2024
050,21,011,Kentucky,Bath County,12717,12797,12818,12972,12951,2024
050,21,013,Kentucky,Bell County,23982,23788,23514,23208,23051,2024
050,21,015,Kentucky,Boone County,136476,137707,139377,141511,144135,2024
050,21,017,Kentucky,Bourbon County,20284,20220,20144,20220,20333,2024
050,21,019,Kentucky,Boyd County,48206,47754,48048,47771,47777,2024
050,21,021,Kentucky,Boyle County,30761,30600,30854,31096,31394,2024
050,21,023,Kentucky,Bracken County,8405,8445,8436,8435,8497,2024
050,21,025,Kentucky,Breathitt County,13701,13558,13353,12962,12804,2024
050,21,027,Kentucky,Breckinridge County,20445,20679,20942,21117,21221,2024
050,21,029,Kentucky,Bullitt County,82364,83068,83901,85000,85802,2024
050,21,031,Kentucky,Butler County,12317,12297,12371,12430,12551,2024
050,21,033,Kentucky,Caldwell County,12636,12682,12601,12561,12611,2024
050,21,035,Kentucky,Calloway County,37601,37904,38119,38520,38975,2024
050,21,037,Kentucky,Campbell County,93134,92824,93305,93859,94008,2024
050,21,039,Kentucky,Carlisle County,4805,4761,4723,4742,4777,2024
050,21,041,Kentucky,Carroll County,10835,10899,10935,10986,11111,2024
050,21,043,Kentucky,Carter County,26614,26438,26300,26255,26098,2024
050,21,045,Kentucky,Casey County,15921,15922,15893,15887,15948,2024
050,21,047,Kentucky,Christian County,72748,73144,72213,71235,71006,2024
050,21,049,Kentucky,Clark County,37047,36892,37012,37337,37673,2024
050,21,051,Kentucky,Clay County,20309,20162,19884,19658,19592,2024
050,21,053,Kentucky,Clinton County,9228,9281,9140,9178,9183,2024
050,21,055,Kentucky,Crittenden County,9003,8944,8971,8996,8982,2024
050,21,057,Kentucky,Cumberland County,5859,5902,5950,5980,6047,2024
050,21,059,Kentucky,Daviess County,103398,103087,103373,103927,104457,2024
050,21,061,Kentucky,Edmonson County,12147,12228,12300,12466,12635,2024
050,21,063,Kentucky,Elliott County,7335,7364,7301,7271,7263,2024
050,21,065,Kentucky,Estill County,14160,14083,13994,13937,14002,2024
050,21,067,Kentucky,Fayette County,322628,320431,321505,324624,329437,2024
050,21,069,Kentucky,Fleming County,15098,15262,15257,15405,15591,2024
050,21,071,Kentucky,Floyd County,35802,35298,35519,34971,34532,2024
050,21,073,Kentucky,Franklin County,51603,51721,51617,51826,52442,2024
050,21,075,Kentucky,Fulton County,6511,6486,6389,6378,6282,2024
050,21,077,Kentucky,Gallatin County,8675,8756,8786,8823,8805,2024
050,21,079,Kentucky,Garrard County,16964,17368,17580,17888,18040,2024
050,21,081,Kentucky,Grant County,25014,25293,25466,25596,25722,2024
050,21,083,Kentucky,Graves County,36530,36665,36532,36600,36821,2024
050,21,085,Kentucky,Grayson County,26456,26582,26623,26806,27070,2024
050,21,087,Kentucky,Green County,11131,11328,11379,11454,11552,2024
050,21,089,Kentucky,Greenup County,35890,35660,35384,35299,35273,2024
050,21,091,Kentucky,Hancock County,9104,9076,9043,8936,9013,2024
050,21,093,Kentucky,Hardin County,110840,111870,111776,112396,112826,2024
050,21,095,Kentucky,Harlan County,26758,26139,25610,25302,25052,2024
050,21,097,Kentucky,Harrison County,18721,18961,19085,19409,19525,2024
050,21,099,Kentucky,Hart County,19296,19476,19592,19726,19923,2024
050,21,101,Kentucky,Henderson County,44673,44409,44017,44127,44175,2024
050,21,103,Kentucky,Henry County,15693,15707,15730,15951,16198,2024
050,21,105,Kentucky,Hickman County,4530,4427,4422,4423,4393,2024
050,21,107,Kentucky,Hopkins County,45365,45149,44879,44985,45218,2024
050,21,109,Kentucky,Jackson County,12968,12975,12989,13138,13358,2024
050,21,111,Kentucky,Jefferson County,782896,777624,777329,783381,793881,2024
050,21,113,Kentucky,Jessamine County,53019,53583,54333,55511,56495,2024
050,21,115,Kentucky,Johnson County,22648,22550,22234,22139,22098,2024
050,21,117,Kentucky,Kenton County,169276,169641,170413,172248,174862,2024
050,21,119,Kentucky,Knott County,14163,14040,13848,13660,13438,2024
050,21,121,Kentucky,Knox County,30185,30028,29734,29723,29657,2024
050,21,123,Kentucky,Larue County,14877,15035,15165,15328,15128,2024
050,21,125,Kentucky,Laurel County,62735,62582,62891,63352,63353,2024
050,21,127,Kentucky,Lawrence County,16302,16273,16037,15974,15798,2024
050,21,129,Kentucky,Lee County,7364,7457,7259,7301,7313,2024
050,21,131,Kentucky,Leslie County,10471,10284,10044,9865,9729,2024
050,21,133,Kentucky,Letcher County,21468,21229,20792,20414,20139,2024
050,21,135,Kentucky,Lewis County,13088,12982,12924,12956,12875,2024
050,21,137,Kentucky,Lincoln County,24248,24232,24392,24738,24910,2024
050,21,139,Kentucky,Livingston County,8872,8981,8960,8889,8815,2024
050,21,141,Kentucky,Logan County,27515,27807,27855,28285,28467,2024
050,21,143,Kentucky,Lyon County,8678,8434,9119,9190,9078,2024
050,21,145,Kentucky,McCracken County,67926,67554,67333,67456,67550,2024
050,21,147,Kentucky,McCreary County,16852,16800,16788,17069,16824,2024
050,21,149,Kentucky,McLean County,9133,9121,9112,9076,9126,2024
050,21,151,Kentucky,Madison County,92990,93453,95219,97599,99582,2024
050,21,153,Kentucky,Magoffin County,11605,11490,11325,11202,11118,2024
050,21,155,Kentucky,Marion County,19594,19728,19731,19840,19851,2024
050,21,157,Kentucky,Marshall County,31688,31810,31766,31717,31734,2024
050,21,159,Kentucky,Martin County,11250,11165,11095,10927,10696,2024
050,21,161,Kentucky,Mason County,17137,16952,16880,16857,16956,2024
050,21,163,Kentucky,Meade County,30028,30125,30028,30166,30442,2024
050,21,165,Kentucky,Menifee County,6142,6175,6215,6279,6341,2024
050,21,167,Kentucky,Mercer County,22652,22859,22927,23189,23515,2024
050,21,169,Kentucky,Metcalfe County,10285,10387,10401,10495,10558,2024
050,21,171,Kentucky,Monroe County,11320,11263,11328,11271,11163,2024
050,21,173,Kentucky,Montgomery County,28105,28218,28348,28531,28771,2024
050,21,175,Kentucky,Morgan County,13732,13691,14156,14385,14300,2024
050,21,177,Kentucky,Muhlenberg County,30897,30334,30684,30527,30512,2024
050,21,179,Kentucky,Nelson County,46779,47135,47429,47981,48706,2024
050,21,181,Kentucky,Nicholas County,7540,7733,7776,7674,7816,2024
050,21,183,Kentucky,Ohio County,23744,23729,23549,23719,23933,2024
050,21,185,Kentucky,Oldham County,67696,68251,69506,70308,70525,2024
050,21,187,Kentucky,Owen County,11302,11301,11292,11309,11435,2024
050,21,189,Kentucky,Owsley County,4032,3971,3941,3984,3928,2024
050,21,191,Kentucky,Pendleton County,14647,14632,14688,14804,14844,2024
050,21,193,Kentucky,Perry County,28369,27929,27378,27082,26739,2024
050,21,195,Kentucky,Pike County,58447,57434,56328,55998,55430,2024
050,21,197,Kentucky,Powell County,13099,13095,13067,13003,12928,2024
050,21,199,Kentucky,Pulaski County,65112,65538,65776,66219,66842,2024
050,21,201,Kentucky,Robertson County,2184,2259,2254,2334,2382,2024
050,21,203,Kentucky,Rockcastle County,16063,16141,16213,16171,16226,2024
050,21,205,Kentucky,Rowan County,24721,24565,24428,24503,24675,2024
050,21,207,Kentucky,Russell County,17997,18166,18177,18308,18458,2024
050,21,209,Kentucky,Scott County,57535,58431,59413,60600,61700,2024
050,21,211,Kentucky,Shelby County,48255,48600,48884,49617,50124,2024
050,21,213,Kentucky,Simpson County,19629,19734,19926,20223,20350,2024
050,21,215,Kentucky,Spencer County,19503,19879,20204,20557,20823,2024
050,21,217,Kentucky,Taylor County,25994,26179,26421,26582,26809,2024
050,21,219,Kentucky,Todd County,12283,12296,12431,12576,12757,2024
050,21,221,Kentucky,Trigg County,14081,14225,14338,14370,14559,2024
050,21,223,Kentucky,Trimble County,8463,8553,8525,8616,8591,2024
050,21,225,Kentucky,Union County,13650,13251,13107,13116,13178,2024
050,21,227,Kentucky,Warren County,135033,137191,140503,143929,147936,2024
050,21,229,Kentucky,Washington County,12038,12076,12062,12257,12269,2024
050,21,231,Kentucky,Wayne County,19543,19543,19663,19630,19629,2024
050,21,233,Kentucky,Webster County,13022,12858,12724,12753,12854,2024
050,21,235,Kentucky,Whitley County,36694,36805,36950,36917,37233,2024
050,21,237,Kentucky,Wolfe County,6557,6507,6415,6370,6364,2024
050,21,239,Kentucky,Woodford County,26907,27089,27150,27522,27728,2024
040,22,000,Louisiana,Louisiana,4652301,4627971,4593687,4588071,4597740,2024
050,22,001,Louisiana,Acadia Parish,57481,57228,56812,56649,56604,2024
050,22,003,Louisiana,Allen Parish,22688,22594,22297,22304,22501,2024
050,22,005,Louisiana,Ascension Parish,126983,128592,130505,131954,133534,2024
050,22,007,Louisiana,Assumption Parish,20963,20701,20482,20223,20050,2024
050,22,009,Louisiana,Avoyelles Parish,39640,39261,38733,38520,38373,2024
050,22,011,Louisiana,Beauregard Parish,36608,36678,36587,36812,36695,2024
050,22,013,Louisiana,Bienville Parish,12918,12787,12627,12440,12412,2024
050,22,015,Louisiana,Bossier Parish,128759,129381,129324,130380,131102,2024
050,22,017,Louisiana,Caddo Parish,236912,232645,229109,226460,224893,2024
050,22,019,Louisiana,Calcasieu Parish,216493,204947,202664,204474,206861,2024
050,22,021,Louisiana,Caldwell Parish,9616,9580,9508,9402,9393,2024
050,22,023,Louisiana,Cameron Parish,5624,5095,4907,4773,4678,2024
050,22,025,Louisiana,Catahoula Parish,8847,8725,8625,8438,8280,2024
050,22,027,Louisiana,Claiborne Parish,14108,14051,13825,13643,13537,2024
050,22,029,Louisiana,Concordia Parish,18570,18354,18138,18009,17797,2024
050,22,031,Louisiana,De Soto Parish,26851,26960,26883,27161,27274,2024
050,22,033,Louisiana,East Baton Rouge Parish,455916,453685,451122,450943,453022,2024
050,22,035,Louisiana,East Carroll Parish,7394,7227,6966,6879,6892,2024
050,22,037,Louisiana,East Feliciana Parish,19442,19361,19180,19258,19112,2024
050,22,039,Louisiana,Evangeline Parish,32301,32223,32084,31945,31745,2024
050,22,041,Louisiana,Franklin Parish,19714,19613,19341,19265,19107,2024
050,22,043,Louisiana,Grant Parish,22153,22264,22022,21929,22109,2024
050,22,045,Louisiana,Iberia Parish,70064,69342,68344,67702,67540,2024
050,22,047,Louisiana,Iberville Parish,30071,29749,29696,29794,29766,2024
050,22,049,Louisiana,Jackson Parish,14996,14901,14859,14867,14797,2024
050,22,051,Louisiana,Jefferson Parish,439747,434206,427739,425657,427253,2024
050,22,053,Louisiana,Jefferson Davis Parish,32212,32381,31971,31620,31436,2024
050,22,055,Louisiana,Lafayette Parish,242178,244933,248145,250486,254241,2024
050,22,057,Louisiana,Lafourche Parish,97446,97607,95717,95146,95342,2024
050,22,059,Louisiana,LaSalle Parish,14829,14850,14799,14764,14702,2024
050,22,061,Louisiana,Lincoln Parish,48306,48132,48056,48133,48243,2024
050,22,063,Louisiana,Livingston Parish,142846,146143,148131,150570,152886,2024
050,22,065,Louisiana,Madison Parish,9918,9794,9492,9268,9093,2024
050,22,067,Louisiana,Morehouse Parish,25460,25018,24435,24055,23787,2024
050,22,069,Louisiana,Natchitoches Parish,37391,36989,36711,36391,35982,2024
050,22,071,Louisiana,Orleans Parish,383374,377547,370473,365167,362701,2024
050,22,073,Louisiana,Ouachita Parish,160114,158889,157812,157712,157874,2024
050,22,075,Louisiana,Plaquemines Parish,23457,23312,22603,22356,22289,2024
050,22,077,Louisiana,Pointe Coupee Parish,20674,20352,20221,19995,19845,2024
050,22,079,Louisiana,Rapides Parish,129658,128646,126977,126453,125899,2024
050,22,081,Louisiana,Red River Parish,7585,7510,7487,7395,7238,2024
050,22,083,Louisiana,Richland Parish,20030,19863,19828,19744,19643,2024
050,22,085,Louisiana,Sabine Parish,22108,22109,21984,21936,21746,2024
050,22,087,Louisiana,St. Bernard Parish,43859,44333,44474,44645,44783,2024
050,22,089,Louisiana,St. Charles Parish,52516,52480,51038,50547,50400,2024
050,22,091,Louisiana,St. Helena Parish,10900,10906,10814,10815,10857,2024
050,22,093,Louisiana,St. James Parish,20119,19796,19397,19218,19110,2024
050,22,095,Louisiana,St. John the Baptist Parish,42359,42107,39938,39615,39694,2024
050,22,097,Louisiana,St. Landry Parish,82310,82199,81642,81329,80869,2024
050,22,099,Louisiana,St. Martin Parish,51614,51550,51260,51122,51218,2024
050,22,101,Louisiana,St. Mary Parish,49155,48240,47816,47131,46799,2024
050,22,103,Louisiana,St. Tammany Parish,265007,270188,273494,275801,277615,2024
050,22,105,Louisiana,Tangipahoa Parish,133642,135487,136734,137999,139823,2024
050,22,107,Louisiana,Tensas Parish,4108,4026,3848,3848,3844,2024
050,22,109,Louisiana,Terrebonne Parish,109413,108973,104642,104036,103864,2024
050,22,111,Louisiana,Union Parish,21100,21013,20691,20686,20617,2024
050,22,113,Louisiana,Vermilion Parish,56954,56882,56958,57181,57641,2024
050,22,115,Louisiana,Vernon Parish,48624,48032,46861,46247,45819,2024
050,22,117,Louisiana,Washington Parish,45354,45202,45002,44951,45090,2024
050,22,119,Louisiana,Webster Parish,36887,35949,35635,35444,35184,2024
050,22,121,Louisiana,West Baton Rouge Parish,27262,27802,28045,28338,28425,2024
050,22,123,Louisiana,West Carroll Parish,9693,9582,9482,9307,9254,2024
050,22,125,Louisiana,West Feliciana Parish,15262,15503,15390,15327,15155,2024
050,22,127,Louisiana,Winn Parish,13718,13496,13305,13412,13405,2024
040,23,000,Maine,Maine,1364571,1378931,1390922,1399646,1405012,2024
050,23,001,Maine,Androscoggin County,111178,112733,113454,114477,115272,2024
050,23,003,Maine,Aroostook County,67053,67062,67250,67149,66776,2024
050,23,005,Maine,Cumberland County,303606,306152,309309,311258,313809,2024
050,23,007,Maine,Franklin County,29468,30265,30604,30826,30902,2024
050,23,009,Maine,Hancock County,55512,56362,56677,56801,56946,2024
050,23,011,Maine,Kennebec County,124723,125775,127143,127936,128461,2024
050,23,013,Maine,Knox County,40663,41078,41251,41044,40981,2024
050,23,015,Maine,Lincoln County,35256,36024,36263,36460,36491,2024
050,23,017,Maine,Oxford County,57892,58690,59539,60115,60039,2024
050,23,019,Maine,Penobscot County,152179,153383,154817,156329,156840,2024
050,23,021,Maine,Piscataquis County,16801,17211,17383,17486,17432,2024
050,23,023,Maine,Sagadahoc County,36730,37171,37402,37541,37582,2024
050,23,025,Maine,Somerset County,50473,50788,51027,51171,51338,2024
050,23,027,Maine,Waldo County,39666,39974,40212,40490,40617,2024
050,23,029,Maine,Washington County,31108,31213,31507,31446,31383,2024
050,23,031,Maine,York County,212263,215050,217084,219117,220143,2024
040,24,000,Maryland,Maryland,6177935,6179403,6192440,6217062,6263220,2024
050,24,001,Maryland,Allegany County,67950,67671,67241,67296,67097,2024
050,24,003,Maryland,Anne Arundel County,593412,596354,598751,599965,602350,2024
050,24,005,Maryland,Baltimore County,853338,850670,848873,848676,852425,2024
050,24,009,Maryland,Calvert County,92921,94249,94652,94828,94913,2024
050,24,011,Maryland,Caroline County,33277,33443,33539,33838,34248,2024
050,24,013,Maryland,Carroll County,172910,174282,175569,176735,177108,2024
050,24,015,Maryland,Cecil County,103805,104073,104939,105676,106305,2024
050,24,017,Maryland,Charles County,166692,168822,170376,172268,174478,2024
050,24,019,Maryland,Dorchester County,32523,32590,32599,32922,33138,2024
050,24,021,Maryland,Frederick County,272787,280666,288316,294154,299317,2024
050,24,023,Maryland,Garrett County,28797,28766,28619,28502,28393,2024
050,24,025,Maryland,Harford County,261245,263348,263908,264771,265514,2024
050,24,027,Maryland,Howard County,332821,335370,336439,337341,339668,2024
050,24,029,Maryland,Kent County,19124,19249,19360,19441,19557,2024
050,24,031,Maryland,Montgomery County,1060856,1056087,1061132,1069397,1082273,2024
050,24,033,Maryland,Prince George's County,965398,956603,953609,956533,966629,2024
050,24,035,Maryland,Queen Anne's County,50033,50921,51803,52682,53688,2024
050,24,037,Maryland,St. Mary's County,114006,114674,115001,115479,116469,2024
050,24,039,Maryland,Somerset County,24567,24563,24696,25044,25241,2024
050,24,041,Maryland,Talbot County,37522,37792,37959,38067,38244,2024
050,24,043,Maryland,Washington County,154677,155117,155407,156116,157228,2024
050,24,045,Maryland,Wicomico County,103563,104110,104985,105585,106329,2024
050,24,047,Maryland,Worcester County,52522,53408,54004,54229,54337,2024
050,24,510,Maryland,Baltimore city,583189,576575,570663,567517,568271,2024
040,25,000,Massachusetts,Massachusetts,6994598,7000474,7022468,7066568,7136171,2024
050,25,001,Massachusetts,Barnstable County,228060,232379,232571,232759,232570,2024
050,25,003,Massachusetts,Berkshire County,129812,130199,129551,128863,128726,2024
050,25,005,Massachusetts,Bristol County,576776,579729,581201,585053,588593,2024
050,25,007,Massachusetts,Dukes County,20580,21112,21033,20879,21061,2024
050,25,009,Massachusetts,Essex County,807781,807315,810039,816197,823938,2024
050,25,011,Massachusetts,Franklin County,70934,71007,71050,70860,70871,2024
050,25,013,Massachusetts,Hampden County,463714,462640,461440,462128,464151,2024
050,25,015,Massachusetts,Hampshire County,148589,165069,165397,165686,165399,2024
050,25,017,Massachusetts,Middlesex County,1627578,1620553,1629805,1644932,1668956,2024
050,25,019,Massachusetts,Nantucket County,14239,14507,14464,14534,14670,2024
050,25,021,Massachusetts,Norfolk County,723750,724906,728619,732379,740754,2024
050,25,023,Massachusetts,Plymouth County,528454,532726,534297,537807,542090,2024
050,25,025,Massachusetts,Suffolk County,797239,776280,777266,781678,793144,2024
050,25,027,Massachusetts,Worcester County,857092,862052,865735,872813,881248,2024
040,26,000,Michigan,Michigan,10072703,10041351,10050877,10083356,10140459,2024
050,26,001,Michigan,Alcona County,10185,10285,10375,10513,10624,2024
050,26,003,Michigan,Alger County,8839,8770,8767,8740,8695,2024
050,26,005,Michigan,Allegan County,120661,121055,121262,121874,122429,2024
050,26,007,Michigan,Alpena County,28879,28933,28813,28870,28903,2024
050,26,009,Michigan,Antrim County,23460,23877,24296,24466,24536,2024
050,26,011,Michigan,Arenac County,15009,15023,15115,15152,15087,2024
050,26,013,Michigan,Baraga County,8141,8231,8194,8222,8169,2024
050,26,015,Michigan,Barry County,62607,63141,63389,63881,64025,2024
050,26,017,Michigan,Bay County,103747,103116,102754,102774,102651,2024
050,26,019,Michigan,Benzie County,17993,18240,18336,18460,18520,2024
050,26,021,Michigan,Berrien County,154426,153598,153064,152651,152703,2024
050,26,023,Michigan,Branch County,44878,45209,44612,45613,46187,2024
050,26,025,Michigan,Calhoun County,134219,133905,133475,133505,133785,2024
050,26,027,Michigan,Cass County,51553,51523,51409,51566,51550,2024
050,26,029,Michigan,Charlevoix County,26035,26192,26117,26089,26105,2024
050,26,031,Michigan,Cheboygan County,25585,25746,25946,26078,25964,2024
050,26,033,Michigan,Chippewa County,36787,35861,36236,36340,36253,2024
050,26,035,Michigan,Clare County,30843,31143,31321,31376,31405,2024
050,26,037,Michigan,Clinton County,79171,79432,79652,79823,80050,2024
050,26,039,Michigan,Crawford County,12987,13271,13431,13557,13599,2024
050,26,041,Michigan,Delta County,36874,36838,36818,36846,36687,2024
050,26,043,Michigan,Dickinson County,25907,25824,25977,26069,25995,2024
050,26,045,Michigan,Eaton County,109199,108921,108962,109072,109494,2024
050,26,047,Michigan,Emmet County,34113,34303,34204,34039,33949,2024
050,26,049,Michigan,Genesee County,405793,404713,402031,401711,402279,2024
050,26,051,Michigan,Gladwin County,25370,25475,25667,25959,25995,2024
050,26,053,Michigan,Gogebic County,14346,14372,14399,14263,14217,2024
050,26,055,Michigan,Grand Traverse County,95427,95985,96337,96457,96625,2024
050,26,057,Michigan,Gratiot County,41687,41298,41134,41434,41372,2024
050,26,059,Michigan,Hillsdale County,45730,45622,45714,45616,45590,2024
050,26,061,Michigan,Houghton County,37256,37528,37792,37847,38041,2024
050,26,063,Michigan,Huron County,31372,31319,31150,30943,30780,2024
050,26,065,Michigan,Ingham County,285007,271662,284761,287710,290427,2024
050,26,067,Michigan,Ionia County,66891,66853,66774,66104,66250,2024
050,26,069,Michigan,Iosco County,25189,25362,25460,25361,25361,2024
050,26,071,Michigan,Iron County,11619,11597,11686,11722,11709,2024
050,26,073,Michigan,Isabella County,64521,64264,64483,64485,65072,2024
050,26,075,Michigan,Jackson County,160223,160181,159828,159835,160233,2024
050,26,077,Michigan,Kalamazoo County,261814,260566,261417,263297,264780,2024
050,26,079,Michigan,Kalkaska County,17929,17994,18230,18422,18618,2024
050,26,081,Michigan,Kent County,658524,658979,660134,665109,673002,2024
050,26,083,Michigan,Keweenaw County,2059,2108,2151,2181,2161,2024
050,26,085,Michigan,Lake County,12098,12281,12665,12766,13005,2024
050,26,087,Michigan,Lapeer County,88587,88667,88701,89060,89168,2024
050,26,089,Michigan,Leelanau County,22308,22630,22891,22970,22871,2024
050,26,091,Michigan,Lenawee County,99318,99105,98284,97621,97746,2024
050,26,093,Michigan,Livingston County,193989,195344,196083,196772,196976,2024
050,26,095,Michigan,Luce County,6410,5976,6254,6389,6328,2024
050,26,097,Michigan,Mackinac County,10811,10906,10983,10942,11144,2024
050,26,099,Michigan,Macomb County,880294,877789,875735,879271,886175,2024
050,26,101,Michigan,Manistee County,25070,25340,25334,25485,25519,2024
050,26,103,Michigan,Marquette County,66544,66278,67103,67654,67979,2024
050,26,105,Michigan,Mason County,29037,29350,29357,29199,29093,2024
050,26,107,Michigan,Mecosta County,40426,40692,41424,41722,41947,2024
050,26,109,Michigan,Menominee County,23450,23325,23289,23123,23050,2024
050,26,111,Michigan,Midland County,83493,83504,83761,84007,84022,2024
050,26,113,Michigan,Missaukee County,15067,15176,15228,15325,15239,2024
050,26,115,Michigan,Monroe County,154909,155569,155412,155590,156045,2024
050,26,117,Michigan,Montcalm County,66659,67361,67317,68431,69314,2024
050,26,119,Michigan,Montmorency County,9170,9304,9563,9714,9828,2024
050,26,121,Michigan,Muskegon County,174794,175581,175526,176476,177428,2024
050,26,123,Michigan,Newaygo County,50095,50401,50771,51189,51504,2024
050,26,125,Michigan,Oakland County,1272526,1272776,1275098,1281836,1296888,2024
050,26,127,Michigan,Oceana County,26716,26873,26964,27010,27014,2024
050,26,129,Michigan,Ogemaw County,20785,20781,20890,20983,20985,2024
050,26,131,Michigan,Ontonagon County,5803,5872,5895,5857,5824,2024
050,26,133,Michigan,Osceola County,22902,23190,23257,23289,23484,2024
050,26,135,Michigan,Oscoda County,8235,8322,8400,8572,8596,2024
050,26,137,Michigan,Otsego County,25135,25335,25583,25785,26083,2024
050,26,139,Michigan,Ottawa County,296899,298394,300910,303575,306235,2024
050,26,141,Michigan,Presque Isle County,12999,13174,13357,13278,13230,2024
050,26,143,Michigan,Roscommon County,23465,23651,23711,23920,23932,2024
050,26,145,Michigan,Saginaw County,189883,189533,188425,187769,187714,2024
050,26,147,Michigan,St. Clair County,160394,160243,159882,160280,160308,2024
050,26,149,Michigan,St. Joseph County,60942,60857,60814,61062,61171,2024
050,26,151,Michigan,Sanilac County,40504,40545,40536,40434,40293,2024
050,26,153,Michigan,Schoolcraft County,8057,8048,8189,8167,8178,2024
050,26,155,Michigan,Shiawassee County,68004,67992,67970,68005,67982,2024
050,26,157,Michigan,Tuscola County,53311,53043,52932,52856,52757,2024
050,26,159,Michigan,Van Buren County,75566,75685,75690,75905,76129,2024
050,26,161,Michigan,Washtenaw County,371849,365041,367947,370398,373875,2024
050,26,163,Michigan,Wayne County,1789655,1775196,1763011,1762371,1771063,2024
050,26,165,Michigan,Wexford County,33689,33906,34062,34266,34460,2024
040,27,000,Minnesota,Minnesota,5710735,5718660,5721621,5753048,5793151,2024
050,27,001,Minnesota,Aitkin County,15714,15951,16142,16139,16335,2024
050,27,003,Minnesota,Anoka County,364502,367835,369479,373090,376840,2024
050,27,005,Minnesota,Becker County,35205,35348,35387,35330,35444,2024
050,27,007,Minnesota,Beltrami County,46246,46477,46440,46635,46762,2024
050,27,009,Minnesota,Benton County,41358,41538,41570,41617,41881,2024
050,27,011,Minnesota,Big Stone County,5160,5169,5145,5095,5067,2024
050,27,013,Minnesota,Blue Earth County,69196,69382,69681,70396,70700,2024
050,27,015,Minnesota,Brown County,25911,25896,25786,25699,25710,2024
050,27,017,Minnesota,Carlton County,36187,36442,36501,36717,36745,2024
050,27,019,Minnesota,Carver County,107307,108873,110215,111180,112628,2024
050,27,021,Minnesota,Cass County,30162,30677,31287,31393,31442,2024
050,27,023,Minnesota,Chippewa County,12610,12378,12335,12265,12299,2024
050,27,025,Minnesota,Chisago County,56718,57556,57918,58657,59105,2024
050,27,027,Minnesota,Clay County,65359,65674,65989,66425,66848,2024
050,27,029,Minnesota,Clearwater County,8566,8568,8636,8680,8630,2024
050,27,031,Minnesota,Cook County,5599,5632,5732,5643,5571,2024
050,27,033,Minnesota,Cottonwood County,11521,11600,11416,11417,11338,2024
050,27,035,Minnesota,Crow Wing County,66285,67355,67862,68286,68642,2024
050,27,037,Minnesota,Dakota County,440436,442784,443982,448495,453156,2024
050,27,039,Minnesota,Dodge County,20888,20954,21027,21113,21242,2024
050,27,041,Minnesota,Douglas County,39093,39312,39665,39874,39933,2024
050,27,043,Minnesota,Faribault County,13896,13905,13957,13926,13886,2024
050,27,045,Minnesota,Fillmore County,21245,21335,21475,21512,21502,2024
050,27,047,Minnesota,Freeborn County,30891,30803,30674,30433,30314,2024
050,27,049,Minnesota,Goodhue County,47579,48049,48055,48050,47982,2024
050,27,051,Minnesota,Grant County,6090,6147,6134,6155,6109,2024
050,27,053,Minnesota,Hennepin County,1281722,1270232,1258981,1263210,1273334,2024
050,27,055,Minnesota,Houston County,18823,18796,18715,18577,18352,2024
050,27,057,Minnesota,Hubbard County,21389,21744,21925,22045,22050,2024
050,27,059,Minnesota,Isanti County,41390,41964,42725,43212,43687,2024
050,27,061,Minnesota,Itasca County,45043,45113,45258,45518,45442,2024
050,27,063,Minnesota,Jackson County,9990,10003,9905,9904,9861,2024
050,27,065,Minnesota,Kanabec County,16058,16179,16465,16639,16608,2024
050,27,067,Minnesota,Kandiyohi County,43723,43818,43904,44277,44674,2024
050,27,069,Minnesota,Kittson County,4190,4162,4058,4020,3992,2024
050,27,071,Minnesota,Koochiching County,12032,11945,11846,11750,11594,2024
050,27,073,Minnesota,Lac qui Parle County,6700,6703,6688,6684,6636,2024
050,27,075,Minnesota,Lake County,10911,11006,10919,10861,10698,2024
050,27,077,Minnesota,Lake of the Woods County,3770,3831,3902,3804,3797,2024
050,27,079,Minnesota,Le Sueur County,28648,28918,29205,29334,29458,2024
050,27,081,Minnesota,Lincoln County,5639,5593,5626,5594,5564,2024
050,27,083,Minnesota,Lyon County,25426,25495,25513,25503,25577,2024
050,27,085,Minnesota,McLeod County,36751,36819,36791,36850,36780,2024
050,27,087,Minnesota,Mahnomen County,5391,5415,5354,5332,5296,2024
050,27,089,Minnesota,Marshall County,9043,9013,8890,8822,8771,2024
050,27,091,Minnesota,Martin County,19993,19933,19687,19728,19561,2024
050,27,093,Minnesota,Meeker County,23433,23403,23526,23485,23491,2024
050,27,095,Minnesota,Mille Lacs County,26456,26903,27270,27418,27577,2024
050,27,097,Minnesota,Morrison County,34003,34072,34284,34366,34520,2024
050,27,099,Minnesota,Mower County,40062,40229,40174,40352,40900,2024
050,27,101,Minnesota,Murray County,8166,8135,8051,8087,8044,2024
050,27,103,Minnesota,Nicollet County,34498,34361,34381,34320,34493,2024
050,27,105,Minnesota,Nobles County,22207,22076,22030,21921,21969,2024
050,27,107,Minnesota,Norman County,6436,6443,6354,6318,6284,2024
050,27,109,Minnesota,Olmsted County,163041,163755,164151,165119,166424,2024
050,27,111,Minnesota,Otter Tail County,60068,60206,60530,60687,60884,2024
050,27,113,Minnesota,Pennington County,13950,13790,13832,13732,13652,2024
050,27,115,Minnesota,Pine County,28891,29410,29458,30124,30319,2024
050,27,117,Minnesota,Pipestone County,9414,9352,9320,9235,9100,2024
050,27,119,Minnesota,Polk County,31081,30831,30760,30438,30413,2024
050,27,121,Minnesota,Pope County,11330,11418,11429,11419,11495,2024
050,27,123,Minnesota,Ramsey County,551739,544068,538430,538474,542015,2024
050,27,125,Minnesota,Red Lake County,3942,3949,3888,3913,3882,2024
050,27,127,Minnesota,Redwood County,15422,15394,15362,15320,15254,2024
050,27,129,Minnesota,Renville County,14686,14600,14540,14509,14453,2024
050,27,131,Minnesota,Rice County,67100,67344,67696,68420,69025,2024
050,27,133,Minnesota,Rock County,9687,9697,9596,9601,9525,2024
050,27,135,Minnesota,Roseau County,15310,15284,15359,15293,15265,2024
050,27,137,Minnesota,St. Louis County,200083,199522,199598,200618,200794,2024
050,27,139,Minnesota,Scott County,151356,153633,154606,155986,157206,2024
050,27,141,Minnesota,Sherburne County,97589,99220,100617,102313,103059,2024
050,27,143,Minnesota,Sibley County,14801,14935,14964,15131,15194,2024
050,27,145,Minnesota,Stearns County,158488,159222,160556,162060,163997,2024
050,27,147,Minnesota,Steele County,37381,37432,37470,37476,37434,2024
050,27,149,Minnesota,Stevens County,9664,9687,9692,9834,9819,2024
050,27,151,Minnesota,Swift County,9816,9800,9774,9686,9666,2024
050,27,153,Minnesota,Todd County,25290,25289,25568,25773,25955,2024
050,27,155,Minnesota,Traverse County,3360,3280,3261,3175,3134,2024
050,27,157,Minnesota,Wabasha County,21399,21512,21654,21685,21574,2024
050,27,159,Minnesota,Wadena County,14120,14146,14284,14293,14437,2024
050,27,161,Minnesota,Waseca County,18955,18997,18884,18905,18684,2024
050,27,163,Minnesota,Washington County,268400,272904,276530,279398,283960,2024
050,27,165,Minnesota,Watonwan County,11238,11161,11245,11179,11204,2024
050,27,167,Minnesota,Wilkin County,6480,6413,6363,6330,6268,2024
050,27,169,Minnesota,Winona County,49672,49819,49585,49846,49973,2024
050,27,171,Minnesota,Wright County,141875,145209,148218,151452,154593,2024
050,27,173,Minnesota,Yellow Medicine County,9490,9437,9484,9471,9373,2024
040,28,000,Mississippi,Mississippi,2958536,2947209,2941939,2943172,2943045,2024
050,28,001,Mississippi,Adams County,29427,28504,28558,28854,28674,2024
050,28,003,Mississippi,Alcorn County,34732,34344,34094,34046,34228,2024
050,28,005,Mississippi,Amite County,12702,12626,12572,12474,12451,2024
050,28,007,Mississippi,Attala County,17817,17716,17529,17346,17222,2024
050,28,009,Mississippi,Benton County,7669,7645,7574,7491,7566,2024
050,28,011,Mississippi,Bolivar County,30843,30140,29443,28850,28395,2024
050,28,013,Mississippi,Calhoun County,13216,12962,12913,12766,12754,2024
050,28,015,Mississippi,Carroll County,9940,9831,9747,9532,9378,2024
050,28,017,Mississippi,Chickasaw County,17083,17011,16870,16838,16774,2024
050,28,019,Mississippi,Choctaw County,8207,8134,8086,8072,8091,2024
050,28,021,Mississippi,Claiborne County,9096,8668,8599,8425,8122,2024
050,28,023,Mississippi,Clarke County,15547,15417,15212,15240,15155,2024
050,28,025,Mississippi,Clay County,18621,18482,18334,18265,18213,2024
050,28,027,Mississippi,Coahoma County,21228,20712,20404,20253,20105,2024
050,28,029,Mississippi,Copiah County,28271,27918,27811,27737,27536,2024
050,28,031,Mississippi,Covington County,18301,18280,18126,18020,18015,2024
050,28,033,Mississippi,DeSoto County,186129,188957,191585,193961,195871,2024
050,28,035,Mississippi,Forrest County,78212,77996,78284,78432,78435,2024
050,28,037,Mississippi,Franklin County,7661,7686,7619,7626,7516,2024
050,28,039,Mississippi,George County,24367,24795,25219,25589,25880,2024
050,28,041,Mississippi,Greene County,13529,13664,13583,13625,13675,2024
050,28,043,Mississippi,Grenada County,21577,21324,21152,21103,20931,2024
050,28,045,Mississippi,Hancock County,46130,46004,46047,46161,46492,2024
050,28,047,Mississippi,Harrison County,208835,209526,210972,211394,213730,2024
050,28,049,Mississippi,Hinds County,226772,222017,217383,214517,211975,2024
050,28,051,Mississippi,Holmes County,16876,16535,16147,15836,15560,2024
050,28,053,Mississippi,Humphreys County,7735,7558,7342,7217,7121,2024
050,28,055,Mississippi,Issaquena County,1325,1318,1284,1280,1295,2024
050,28,057,Mississippi,Itawamba County,23865,23945,24034,24139,24198,2024
050,28,059,Mississippi,Jackson County,143378,144482,145218,146165,147002,2024
050,28,061,Mississippi,Jasper County,16352,16155,16020,15970,15799,2024
050,28,063,Mississippi,Jefferson County,7245,7137,7086,6974,6900,2024
050,28,065,Mississippi,Jefferson Davis County,11274,11170,11086,10997,11059,2024
050,28,067,Mississippi,Jones County,67173,66747,66464,66141,65837,2024
050,28,069,Mississippi,Kemper County,8962,8809,8692,8620,8562,2024
050,28,071,Mississippi,Lafayette County,55916,57700,58776,59400,59843,2024
050,28,073,Mississippi,Lamar County,64393,65420,65811,66207,66734,2024
050,28,075,Mississippi,Lauderdale County,72676,72032,71323,70901,70588,2024
050,28,077,Mississippi,Lawrence County,11984,11790,11766,11718,11672,2024
050,28,079,Mississippi,Leake County,21250,21270,21279,21336,21462,2024
050,28,081,Mississippi,Lee County,83319,83002,82946,82893,83012,2024
050,28,083,Mississippi,Leflore County,28341,27676,26938,26595,26157,2024
050,28,085,Mississippi,Lincoln County,34844,34961,34807,34815,34956,2024
050,28,087,Mississippi,Lowndes County,58783,58133,57694,57369,57210,2024
050,28,089,Mississippi,Madison County,109252,109972,111694,113068,114247,2024
050,28,091,Mississippi,Marion County,24376,24308,24142,24133,24008,2024
050,28,093,Mississippi,Marshall County,33783,33660,33897,34180,34374,2024
050,28,095,Mississippi,Monroe County,34135,33918,33561,33636,33483,2024
050,28,097,Mississippi,Montgomery County,9793,9696,9547,9565,9411,2024
050,28,099,Mississippi,Neshoba County,29003,28923,28854,28908,28973,2024
050,28,101,Mississippi,Newton County,21254,21088,21017,21041,21063,2024
050,28,103,Mississippi,Noxubee County,10226,10116,10019,9938,9825,2024
050,28,105,Mississippi,Oktibbeha County,51705,51803,51661,51721,51965,2024
050,28,107,Mississippi,Panola County,33170,32902,32553,32651,32764,2024
050,28,109,Mississippi,Pearl River County,56207,56519,57338,58198,59030,2024
050,28,111,Mississippi,Perry County,11459,11507,11440,11433,11406,2024
050,28,113,Mississippi,Pike County,40193,39976,39592,39271,38980,2024
050,28,115,Mississippi,Pontotoc County,31195,31332,31449,31761,32014,2024
050,28,117,Mississippi,Prentiss County,24974,25052,25094,25310,25489,2024
050,28,119,Mississippi,Quitman County,6153,5897,5683,5592,5542,2024
050,28,121,Mississippi,Rankin County,157175,157600,158733,160184,160573,2024
050,28,123,Mississippi,Scott County,27977,27617,27710,27619,27666,2024
050,28,125,Mississippi,Sharkey County,3774,3629,3483,3378,3234,2024
050,28,127,Mississippi,Simpson County,25890,25699,25615,25653,25597,2024
050,28,129,Mississippi,Smith County,14205,14199,14095,14108,14051,2024
050,28,131,Mississippi,Stone County,18329,18736,18834,19004,19569,2024
050,28,133,Mississippi,Sunflower County,25702,24681,24314,23940,23029,2024
050,28,135,Mississippi,Tallahatchie County,12647,11969,11762,11517,10921,2024
050,28,137,Mississippi,Tate County,28119,28173,28372,28389,28551,2024
050,28,139,Mississippi,Tippah County,21737,21599,21480,21377,21423,2024
050,28,141,Mississippi,Tishomingo County,18854,18745,18626,18524,18553,2024
050,28,143,Mississippi,Tunica County,9734,9644,9461,9380,9157,2024
050,28,145,Mississippi,Union County,27814,28029,28130,28275,28363,2024
050,28,147,Mississippi,Walthall County,13873,13835,13815,13835,13839,2024
050,28,149,Mississippi,Warren County,44550,43440,42684,42323,42105,2024
050,28,151,Mississippi,Washington County,44648,43605,42490,41902,41181,2024
050,28,153,Mississippi,Wayne County,19807,19672,19617,19743,19749,2024
050,28,155,Mississippi,Webster County,9904,9975,9953,9989,10039,2024
050,28,157,Mississippi,Wilkinson County,8524,8303,8175,7988,7820,2024
050,28,159,Mississippi,Winston County,17686,17573,17527,17476,17418,2024
050,28,161,Mississippi,Yalobusha County,12436,12438,12395,12369,12458,2024
050,28,163,Mississippi,Yazoo County,26670,25180,24698,24603,23024,2024
040,29,000,Missouri,Missouri,6154744,6171374,6179414,6208038,6245466,2024
050,29,001,Missouri,Adair County,25272,25188,25155,25231,25660,2024
050,29,003,Missouri,Andrew County,18102,18015,18008,18109,18091,2024
050,29,005,Missouri,Atchison County,5305,5210,5163,5116,5139,2024
050,29,007,Missouri,Audrain County,24781,24858,24455,24342,24304,2024
050,29,009,Missouri,Barry County,34542,34762,34931,35310,35618,2024
050,29,011,Missouri,Barton County,11623,11670,11695,11743,11717,2024
050,29,013,Missouri,Bates County,16053,16099,16156,16226,16394,2024
050,29,015,Missouri,Benton County,19425,19940,20216,20560,20614,2024
050,29,017,Missouri,Bollinger County,10555,10582,10510,10536,10610,2024
050,29,019,Missouri,Boone County,184050,186132,187743,190138,192154,2024
050,29,021,Missouri,Buchanan County,84472,83636,82956,83201,83574,2024
050,29,023,Missouri,Butler County,42063,42163,42150,41910,41814,2024
050,29,025,Missouri,Caldwell County,8821,8900,8939,8976,9000,2024
050,29,027,Missouri,Callaway County,44346,44655,44760,44818,45126,2024
050,29,029,Missouri,Camden County,42807,43513,43779,44099,44135,2024
050,29,031,Missouri,Cape Girardeau County,81824,82144,82940,83110,83658,2024
050,29,033,Missouri,Carroll County,8464,8398,8410,8367,8414,2024
050,29,035,Missouri,Carter County,5205,5325,5267,5329,5359,2024
050,29,037,Missouri,Cass County,108162,109792,110345,111695,113873,2024
050,29,039,Missouri,Cedar County,14214,14519,14612,14706,15023,2024
050,29,041,Missouri,Chariton County,7390,7367,7395,7403,7397,2024
050,29,043,Missouri,Christian County,89294,91636,93130,94469,96045,2024
050,29,045,Missouri,Clark County,6658,6734,6714,6648,6623,2024
050,29,047,Missouri,Clay County,254145,255908,257037,260150,263370,2024
050,29,049,Missouri,Clinton County,21218,21222,21339,21569,21721,2024
050,29,051,Missouri,Cole County,76624,76616,76977,77318,77625,2024
050,29,053,Missouri,Cooper County,16647,16682,16741,16926,17122,2024
050,29,055,Missouri,Crawford County,23036,22826,22622,22691,22808,2024
050,29,057,Missouri,Dade County,7586,7600,7679,7719,7622,2024
050,29,059,Missouri,Dallas County,17132,17344,17610,17793,17877,2024
050,29,061,Missouri,Daviess County,8433,8404,8455,8554,8541,2024
050,29,063,Missouri,DeKalb County,11596,11695,11307,9899,9884,2024
050,29,065,Missouri,Dent County,14389,14461,14471,14654,14721,2024
050,29,067,Missouri,Douglas County,11600,11746,11967,12224,12290,2024
050,29,069,Missouri,Dunklin County,28216,27739,27444,27066,27002,2024
050,29,071,Missouri,Franklin County,104867,105317,105865,106444,107256,2024
050,29,073,Missouri,Gasconade County,14763,14782,14800,14731,14655,2024
050,29,075,Missouri,Gentry County,6136,6189,6291,6311,6298,2024
050,29,077,Missouri,Greene County,299332,301137,303336,305130,307942,2024
050,29,079,Missouri,Grundy County,9757,9762,9828,9807,9766,2024
050,29,081,Missouri,Harrison County,8157,8179,8213,8216,8186,2024
050,29,083,Missouri,Henry County,21982,22220,22404,22457,22575,2024
050,29,085,Missouri,Hickory County,8298,8572,8576,8715,8766,2024
050,29,087,Missouri,Holt County,4191,4234,4265,4266,4241,2024
050,29,089,Missouri,Howard County,10157,10144,10169,10116,10150,2024
050,29,091,Missouri,Howell County,39806,40026,40612,40707,40762,2024
050,29,093,Missouri,Iron County,9513,9431,9411,9454,9420,2024
050,29,095,Missouri,Jackson County,717662,717993,716580,720283,727362,2024
050,29,097,Missouri,Jasper County,122896,123324,123969,125117,126479,2024
050,29,099,Missouri,Jefferson County,226947,228030,229268,231155,231888,2024
050,29,101,Missouri,Johnson County,54039,54209,54423,55107,55880,2024
050,29,103,Missouri,Knox County,3739,3786,3777,3736,3740,2024
050,29,105,Missouri,Laclede County,36046,36163,36330,36674,36738,2024
050,29,107,Missouri,Lafayette County,33050,32835,32937,33244,33511,2024
050,29,109,Missouri,Lawrence County,37998,38263,38672,38879,39151,2024
050,29,111,Missouri,Lewis County,10039,10000,9888,9840,9852,2024
050,29,113,Missouri,Lincoln County,59857,61651,63184,64707,65888,2024
050,29,115,Missouri,Linn County,11857,11844,11842,11808,11910,2024
050,29,117,Missouri,Livingston County,13990,14206,14365,14595,14658,2024
050,29,119,Missouri,McDonald County,23278,23432,23623,24117,24054,2024
050,29,121,Missouri,Macon County,15199,15183,15084,15173,15177,2024
050,29,123,Missouri,Madison County,12625,12665,12763,12739,12852,2024
050,29,125,Missouri,Maries County,8451,8418,8434,8441,8506,2024
050,29,127,Missouri,Marion County,28493,28564,28489,28312,28425,2024
050,29,129,Missouri,Mercer County,3512,3480,3469,3499,3452,2024
050,29,131,Missouri,Miller County,24778,24949,25384,25566,25668,2024
050,29,133,Missouri,Mississippi County,12121,12105,11683,11852,11750,2024
050,29,135,Missouri,Moniteau County,15216,15313,15241,15245,15294,2024
050,29,137,Missouri,Monroe County,8693,8708,8650,8731,8890,2024
050,29,139,Missouri,Montgomery County,11286,11440,11463,11430,11511,2024
050,29,141,Missouri,Morgan County,21001,21441,21781,21963,22399,2024
050,29,143,Missouri,New Madrid County,16329,16039,15686,15388,15212,2024
050,29,145,Missouri,Newton County,58699,59451,60107,60813,61519,2024
050,29,147,Missouri,Nodaway County,20999,20984,20690,20693,20503,2024
050,29,149,Missouri,Oregon County,8611,8628,8709,8719,8699,2024
050,29,151,Missouri,Osage County,13255,13397,13399,13479,13478,2024
050,29,153,Missouri,Ozark County,8519,8790,8970,8996,9090,2024
050,29,155,Missouri,Pemiscot County,15589,15246,14880,14669,14407,2024
050,29,157,Missouri,Perry County,18971,18975,18882,18950,19100,2024
050,29,159,Missouri,Pettis County,43004,43220,43381,43591,43791,2024
050,29,161,Missouri,Phelps County,44568,44912,45301,45517,45672,2024
050,29,163,Missouri,Pike County,17413,17606,17650,17927,17961,2024
050,29,165,Missouri,Platte County,107190,108752,110593,112112,113207,2024
050,29,167,Missouri,Polk County,31616,32047,32669,32818,33070,2024
050,29,169,Missouri,Pulaski County,54039,53816,53824,53829,53964,2024
050,29,171,Missouri,Putnam County,4685,4692,4653,4639,4539,2024
050,29,173,Missouri,Ralls County,10354,10365,10419,10501,10499,2024
050,29,175,Missouri,Randolph County,24457,24569,24619,24105,24077,2024
050,29,177,Missouri,Ray County,23135,23095,23119,23178,23199,2024
050,29,179,Missouri,Reynolds County,6079,6084,5994,5965,5927,2024
050,29,181,Missouri,Ripley County,10670,10648,10699,10809,10715,2024
050,29,183,Missouri,St. Charles County,406423,410515,414055,417958,423726,2024
050,29,185,Missouri,St. Clair County,9346,9416,9581,9743,9848,2024
050,29,186,Missouri,Ste. Genevieve County,18478,18576,18614,18640,18546,2024
050,29,187,Missouri,St. Francois County,66446,67015,66938,67094,67503,2024
050,29,189,Missouri,St. Louis County,1003376,998785,991881,990875,992929,2024
050,29,195,Missouri,Saline County,23339,23263,23016,23212,23325,2024
050,29,197,Missouri,Schuyler County,4010,4020,4016,4073,4069,2024
050,29,199,Missouri,Scotland County,4705,4674,4653,4698,4698,2024
050,29,201,Missouri,Scott County,38022,37894,37869,37923,37957,2024
050,29,203,Missouri,Shannon County,7035,7100,7223,7254,7275,2024
050,29,205,Missouri,Shelby County,6095,5974,6004,5930,5926,2024
050,29,207,Missouri,Stoddard County,28650,28522,28366,28372,28438,2024
050,29,209,Missouri,Stone County,31205,31590,32137,32680,32630,2024
050,29,211,Missouri,Sullivan County,5976,5891,5828,5841,5750,2024
050,29,213,Missouri,Taney County,56064,56313,56736,56790,56744,2024
050,29,215,Missouri,Texas County,24323,24864,25298,25606,25715,2024
050,29,217,Missouri,Vernon County,19675,19598,19608,19768,19787,2024
050,29,219,Missouri,Warren County,35740,36562,37292,37815,38478,2024
050,29,221,Missouri,Washington County,23432,23403,23389,23542,23583,2024
050,29,223,Missouri,Wayne County,10935,10925,10807,10825,10820,2024
050,29,225,Missouri,Webster County,39008,39600,40369,41481,42041,2024
050,29,227,Missouri,Worth County,1968,1973,1943,1903,1872,2024
050,29,229,Missouri,Wright County,18214,18625,19108,19373,19505,2024
050,29,510,Missouri,St. Louis city,300315,293484,286292,282772,279695,2024
040,30,000,Montana,Montana,1087230,1106522,1122095,1131302,1137233,2024
050,30,001,Montana,Beaverhead County,9377,9551,9742,9889,10006,2024
050,30,003,Montana,Big Horn County,13083,12894,12858,12825,12796,2024
050,30,005,Montana,Blaine County,7003,6999,6956,6884,6903,2024
050,30,007,Montana,Broadwater County,6863,7327,7787,8063,8302,2024
050,30,009,Montana,Carbon County,10514,10900,11241,11426,11498,2024
050,30,011,Montana,Carter County,1407,1416,1402,1400,1399,2024
050,30,013,Montana,Cascade County,84411,84565,84908,84625,84523,2024
050,30,015,Montana,Chouteau County,5917,5939,5917,5877,5880,2024
050,30,017,Montana,Custer County,11863,11961,12005,12013,11964,2024
050,30,019,Montana,Daniels County,1653,1671,1644,1626,1625,2024
050,30,021,Montana,Dawson County,8922,8859,8801,8820,8731,2024
050,30,023,Montana,Deer Lodge County,9423,9522,9541,9685,9811,2024
050,30,025,Montana,Fallon County,3029,3011,3047,2999,2946,2024
050,30,027,Montana,Fergus County,11470,11619,11669,11816,11862,2024
050,30,029,Montana,Flathead County,104881,108790,111783,113495,114527,2024
050,30,031,Montana,Gallatin County,119607,123119,124733,125929,126984,2024
050,30,033,Montana,Garfield County,1171,1206,1221,1216,1181,2024
050,30,035,Montana,Glacier County,13744,13723,13637,13577,13503,2024
050,30,037,Montana,Golden Valley County,821,816,838,867,863,2024
050,30,039,Montana,Granite County,3306,3354,3482,3565,3602,2024
050,30,041,Montana,Hill County,16253,16207,16069,16181,16065,2024
050,30,043,Montana,Jefferson County,12142,12472,12864,13086,13304,2024
050,30,045,Montana,Judith Basin County,2023,2041,2082,2099,2111,2024
050,30,047,Montana,Lake County,31247,32081,32821,33255,33403,2024
050,30,049,Montana,Lewis and Clark County,71179,72517,73681,74812,75129,2024
050,30,051,Montana,Liberty County,1958,1937,1972,1959,1934,2024
050,30,053,Montana,Lincoln County,19744,20597,21485,21867,22184,2024
050,30,055,Montana,McCone County,1729,1710,1712,1684,1717,2024
050,30,057,Montana,Madison County,8661,8954,9237,9509,9753,2024
050,30,059,Montana,Meagher County,1924,1963,2025,2057,2065,2024
050,30,061,Montana,Mineral County,4568,4859,5037,5135,5195,2024
050,30,063,Montana,Missoula County,118353,119857,120931,121672,122546,2024
050,30,065,Montana,Musselshell County,4749,4910,5188,5377,5452,2024
050,30,067,Montana,Park County,17229,17525,17783,17938,18074,2024
050,30,069,Montana,Petroleum County,502,520,520,543,525,2024
050,30,071,Montana,Phillips County,4211,4209,4223,4248,4214,2024
050,30,073,Montana,Pondera County,5877,6017,6093,6108,6078,2024
050,30,075,Montana,Powder River County,1693,1707,1725,1731,1734,2024
050,30,077,Montana,Powell County,6938,7023,7063,7122,7120,2024
050,30,079,Montana,Prairie County,1090,1096,1114,1115,1112,2024
050,30,081,Montana,Ravalli County,44417,46096,47177,47760,48187,2024
050,30,083,Montana,Richland County,11534,11330,11191,11094,11028,2024
050,30,085,Montana,Roosevelt County,10802,10788,10514,10327,10197,2024
050,30,087,Montana,Rosebud County,8306,8082,8122,8123,8194,2024
050,30,089,Montana,Sanders County,12461,12949,13396,13726,13895,2024
050,30,091,Montana,Sheridan County,3536,3572,3550,3490,3448,2024
050,30,093,Montana,Silver Bow County,35210,35510,35876,36193,36134,2024
050,30,095,Montana,Stillwater County,9002,9026,9194,9237,9450,2024
050,30,097,Montana,Sweet Grass County,3670,3702,3724,3749,3757,2024
050,30,099,Montana,Teton County,6253,6279,6349,6439,6444,2024
050,30,101,Montana,Toole County,4967,4987,5072,5128,5153,2024
050,30,103,Montana,Treasure County,758,768,749,767,739,2024
050,30,105,Montana,Valley County,7561,7566,7560,7475,7434,2024
050,30,107,Montana,Wheatland County,2072,2039,2043,2068,2058,2024
050,30,109,Montana,Wibaux County,936,936,924,904,911,2024
050,30,111,Montana,Yellowstone County,165210,167448,169817,170727,171583,2024
040,31,000,Nebraska,Nebraska,1963387,1964537,1972246,1987864,2005465,2024
050,31,001,Nebraska,Adams County,31176,30974,31023,30892,31196,2024
050,31,003,Nebraska,Antelope County,6279,6296,6299,6291,6358,2024
050,31,005,Nebraska,Arthur County,432,435,427,416,423,2024
050,31,007,Nebraska,Banner County,678,689,656,671,665,2024
050,31,009,Nebraska,Blaine County,428,463,448,431,454,2024
050,31,011,Nebraska,Boone County,5357,5381,5366,5320,5354,2024
050,31,013,Nebraska,Box Butte County,10819,10658,10685,10705,10703,2024
050,31,015,Nebraska,Boyd County,1803,1782,1737,1739,1700,2024
050,31,017,Nebraska,Brown County,2903,2922,2894,2877,2877,2024
050,31,019,Nebraska,Buffalo County,50204,50310,50528,50696,51156,2024
050,31,021,Nebraska,Burt County,6724,6716,6790,6730,6727,2024
050,31,023,Nebraska,Butler County,8356,8452,8432,8442,8439,2024
050,31,025,Nebraska,Cass County,26608,27079,27169,27458,27492,2024
050,31,027,Nebraska,Cedar County,8373,8331,8366,8244,8262,2024
050,31,029,Nebraska,Chase County,3889,3827,3768,3761,3764,2024
050,31,031,Nebraska,Cherry County,5457,5453,5495,5527,5558,2024
050,31,033,Nebraska,Cheyenne County,9486,9504,9524,9549,9602,2024
050,31,035,Nebraska,Clay County,6110,6046,6070,6144,6103,2024
050,31,037,Nebraska,Colfax County,10556,10480,10645,10696,10826,2024
050,31,039,Nebraska,Cuming County,9011,8993,8970,8951,8952,2024
050,31,041,Nebraska,Custer County,10492,10495,10503,10612,10487,2024
050,31,043,Nebraska,Dakota County,21556,21287,21253,21340,21335,2024
050,31,045,Nebraska,Dawes County,8155,8147,8250,8145,8003,2024
050,31,047,Nebraska,Dawson County,24082,23935,24048,24393,24554,2024
050,31,049,Nebraska,Deuel County,1833,1849,1900,1879,1892,2024
050,31,051,Nebraska,Dixon County,5585,5561,5522,5530,5526,2024
050,31,053,Nebraska,Dodge County,37121,37141,37130,37477,37884,2024
050,31,055,Nebraska,Douglas County,585451,585534,587894,593645,601158,2024
050,31,057,Nebraska,Dundy County,1651,1629,1601,1565,1581,2024
050,31,059,Nebraska,Fillmore County,5569,5554,5529,5539,5512,2024
050,31,061,Nebraska,Franklin County,2890,2879,2834,2812,2817,2024
050,31,063,Nebraska,Frontier County,2503,2547,2624,2598,2536,2024
050,31,065,Nebraska,Furnas County,4632,4613,4573,4555,4468,2024
050,31,067,Nebraska,Gage County,21652,21629,21542,21637,21687,2024
050,31,069,Nebraska,Garden County,1889,1841,1837,1804,1804,2024
050,31,071,Nebraska,Garfield County,1805,1830,1783,1758,1707,2024
050,31,073,Nebraska,Gosper County,1895,1828,1831,1837,1808,2024
050,31,075,Nebraska,Grant County,616,580,587,567,573,2024
050,31,077,Nebraska,Greeley County,2179,2180,2237,2218,2197,2024
050,31,079,Nebraska,Hall County,62776,62085,62292,62658,62869,2024
050,31,081,Nebraska,Hamilton County,9402,9388,9439,9528,9564,2024
050,31,083,Nebraska,Harlan County,3054,3095,3023,3046,3018,2024
050,31,085,Nebraska,Hayes County,849,843,864,840,846,2024
050,31,087,Nebraska,Hitchcock County,2621,2602,2611,2550,2460,2024
050,31,089,Nebraska,Holt County,10105,10063,10069,10152,10120,2024
050,31,091,Nebraska,Hooker County,707,735,680,677,698,2024
050,31,093,Nebraska,Howard County,6486,6525,6521,6564,6572,2024
050,31,095,Nebraska,Jefferson County,7260,7160,7151,7097,7136,2024
050,31,097,Nebraska,Johnson County,5295,5314,5264,5215,5219,2024
050,31,099,Nebraska,Kearney County,6692,6689,6708,6727,6749,2024
050,31,101,Nebraska,Keith County,8326,8259,8205,8155,8148,2024
050,31,103,Nebraska,Keya Paha County,760,797,801,804,819,2024
050,31,105,Nebraska,Kimball County,3408,3408,3344,3316,3305,2024
050,31,107,Nebraska,Knox County,8392,8414,8356,8341,8306,2024
050,31,109,Nebraska,Lancaster County,323171,323407,325252,328794,332857,2024
050,31,111,Nebraska,Lincoln County,34535,34079,33619,33457,33319,2024
050,31,113,Nebraska,Logan County,718,688,691,661,694,2024
050,31,115,Nebraska,Loup County,605,600,597,587,582,2024
050,31,117,Nebraska,McPherson County,396,380,374,377,376,2024
050,31,119,Nebraska,Madison County,35530,35397,35427,35727,35579,2024
050,31,121,Nebraska,Merrick County,7660,7666,7709,7746,7837,2024
050,31,123,Nebraska,Morrill County,4558,4570,4528,4531,4485,2024
050,31,125,Nebraska,Nance County,3394,3380,3323,3261,3262,2024
050,31,127,Nebraska,Nemaha County,7085,7008,7028,7064,7046,2024
050,31,129,Nebraska,Nuckolls County,4091,4071,4076,4103,4094,2024
050,31,131,Nebraska,Otoe County,15903,16022,16243,16448,16591,2024
050,31,133,Nebraska,Pawnee County,2541,2542,2536,2511,2521,2024
050,31,135,Nebraska,Perkins County,2861,2821,2844,2802,2779,2024
050,31,137,Nebraska,Phelps County,8977,8922,9007,9099,9042,2024
050,31,139,Nebraska,Pierce County,7344,7316,7326,7304,7334,2024
050,31,141,Nebraska,Platte County,34291,34305,34452,35034,35499,2024
050,31,143,Nebraska,Polk County,5218,5193,5234,5212,5269,2024
050,31,145,Nebraska,Red Willow County,10684,10621,10557,10512,10409,2024
050,31,147,Nebraska,Richardson County,7860,7785,7736,7708,7666,2024
050,31,149,Nebraska,Rock County,1265,1276,1234,1259,1241,2024
050,31,151,Nebraska,Saline County,14715,14522,14621,14651,14740,2024
050,31,153,Nebraska,Sarpy County,191181,193853,196606,200477,204828,2024
050,31,155,Nebraska,Saunders County,22370,22832,23159,23471,23406,2024
050,31,157,Nebraska,Scotts Bluff County,36051,35909,35798,35721,35734,2024
050,31,159,Nebraska,Seward County,17610,17555,17623,17646,17769,2024
050,31,161,Nebraska,Sheridan County,5104,5091,5015,4932,4927,2024
050,31,163,Nebraska,Sherman County,2953,2964,3000,2970,2949,2024
050,31,165,Nebraska,Sioux County,1141,1147,1129,1151,1099,2024
050,31,167,Nebraska,Stanton County,5822,5830,5748,5825,5756,2024
050,31,169,Nebraska,Thayer County,5024,4892,4866,4855,4870,2024
050,31,171,Nebraska,Thomas County,674,679,667,675,634,2024
050,31,173,Nebraska,Thurston County,6759,6627,6549,6562,6637,2024
050,31,175,Nebraska,Valley County,4058,4065,4064,4029,4032,2024
050,31,177,Nebraska,Washington County,20926,20991,21175,21182,21254,2024
050,31,179,Nebraska,Wayne County,9702,9870,9898,9882,9870,2024
050,31,181,Nebraska,Webster County,3392,3404,3334,3344,3326,2024
050,31,183,Nebraska,Wheeler County,775,785,784,787,808,2024
050,31,185,Nebraska,York County,14105,14245,14319,14386,14375,2024
040,32,000,Nevada,Nevada,3116967,3148141,3176116,3214363,3267467,2024
050,32,001,Nevada,Churchill County,25577,25674,25828,25915,26033,2024
050,32,003,Nevada,Clark County,2275970,2296651,2321961,2354285,2398871,2024
050,32,005,Nevada,Douglas County,49529,50008,49592,49422,49564,2024
050,32,007,Nevada,Elko County,53676,53868,53943,54383,54363,2024
050,32,009,Nevada,Esmeralda County,736,738,744,725,720,2024
050,32,011,Nevada,Eureka County,1853,1909,1862,1898,1877,2024
050,32,013,Nevada,Humboldt County,17272,17634,17262,17160,17116,2024
050,32,015,Nevada,Lander County,5727,5761,5769,5809,5785,2024
050,32,017,Nevada,Lincoln County,4438,4396,4421,4424,4345,2024
050,32,019,Nevada,Lyon County,59466,60971,61589,62656,63718,2024
050,32,021,Nevada,Mineral County,4555,4619,4538,4524,4475,2024
050,32,023,Nevada,Nye County,51971,53339,54710,55708,55990,2024
050,32,027,Nevada,Pershing County,6620,6430,6446,6403,6536,2024
050,32,029,Nevada,Storey County,4107,4143,4165,4171,4112,2024
050,32,031,Nevada,Washoe County,487725,494380,496458,500159,507280,2024
050,32,033,Nevada,White Pine County,9063,8850,8734,8495,8534,2024
050,32,510,Nevada,Carson City,58682,58770,58094,58226,58148,2024
040,33,000,New Hampshire,New Hampshire,1378756,1387677,1396678,1402199,1409032,2024
050,33,001,New Hampshire,Belknap County,63774,64598,64647,65019,65257,2024
050,33,003,New Hampshire,Carroll County,50240,51735,52094,52373,52580,2024
050,33,005,New Hampshire,Cheshire County,76542,76849,77386,77632,78078,2024
050,33,007,New Hampshire,Coos County,31228,31387,31430,31209,31094,2024
050,33,009,New Hampshire,Grafton County,91197,90508,92943,92909,93045,2024
050,33,011,New Hampshire,Hillsborough County,422929,424475,426307,427719,430462,2024
050,33,013,New Hampshire,Merrimack County,154039,154627,156241,157059,157869,2024
050,33,015,New Hampshire,Rockingham County,314664,318349,319298,320665,322433,2024
050,33,017,New Hampshire,Strafford County,131074,131540,132451,133608,134202,2024
050,33,019,New Hampshire,Sullivan County,43069,43609,43881,44006,44012,2024
040,34,000,New Jersey,New Jersey,9272794,9270541,9295227,9379642,9500851,2024
050,34,001,New Jersey,Atlantic County,274196,274991,276111,276937,279114,2024
050,34,003,New Jersey,Bergen County,953711,955510,957235,966484,978641,2024
050,34,005,New Jersey,Burlington County,461694,464547,466710,470561,475515,2024
050,34,007,New Jersey,Camden County,523151,524176,525395,529576,533988,2024
050,34,009,New Jersey,Cape May County,95051,95720,95415,94643,93875,2024
050,34,011,New Jersey,Cumberland County,153724,152100,151686,153338,155678,2024
050,34,013,New Jersey,Essex County,860020,854416,854738,864310,881527,2024
050,34,015,New Jersey,Gloucester County,302575,304636,306936,308840,311783,2024
050,34,017,New Jersey,Hudson County,721909,703545,708657,721320,736185,2024
050,34,019,New Jersey,Hunterdon County,128793,129691,129977,130633,131708,2024
050,34,021,New Jersey,Mercer County,386492,382231,382165,386296,392138,2024
050,34,023,New Jersey,Middlesex County,861460,862513,866241,876119,890119,2024
050,34,025,New Jersey,Monmouth County,642778,646531,644994,644941,647520,2024
050,34,027,New Jersey,Morris County,508472,510691,512685,517738,523053,2024
050,34,029,New Jersey,Ocean County,638554,649990,656386,660445,666434,2024
050,34,031,New Jersey,Passaic County,523464,518494,516287,520219,526597,2024
050,34,033,New Jersey,Salem County,64843,65062,65167,65429,65874,2024
050,34,035,New Jersey,Somerset County,344788,346562,348319,352095,357467,2024
050,34,037,New Jersey,Sussex County,143919,145741,145638,146294,147444,2024
050,34,039,New Jersey,Union County,573680,572930,573600,582080,594160,2024
050,34,041,New Jersey,Warren County,109520,110464,110885,111344,112031,2024
040,35,000,New Mexico,New Mexico,2118606,2117333,2113868,2121164,2130256,2024
050,35,001,New Mexico,Bernalillo County,676882,675410,673039,672572,671747,2024
050,35,003,New Mexico,Catron County,3609,3716,3793,3803,3795,2024
050,35,005,New Mexico,Chaves County,65153,64660,63907,63668,63697,2024
050,35,006,New Mexico,Cibola County,26969,27060,26771,26741,26686,2024
050,35,007,New Mexico,Colfax County,12353,12348,12289,12312,12307,2024
050,35,009,New Mexico,Curry County,48374,47950,47391,47321,47156,2024
050,35,011,New Mexico,De Baca County,1683,1682,1697,1672,1657,2024
050,35,013,New Mexico,Doña Ana County,220069,221756,223604,226534,229366,2024
050,35,015,New Mexico,Eddy County,62342,60870,60221,60654,61436,2024
050,35,017,New Mexico,Grant County,28214,27907,27699,27512,27541,2024
050,35,019,New Mexico,Guadalupe County,4442,4424,4324,4334,4385,2024
050,35,021,New Mexico,Harding County,654,633,627,643,635,2024
050,35,023,New Mexico,Hidalgo County,4163,4085,4012,3979,3966,2024
050,35,025,New Mexico,Lea County,74643,73070,72300,73503,75151,2024
050,35,027,New Mexico,Lincoln County,20304,20403,20339,20047,20025,2024
050,35,028,New Mexico,Los Alamos County,19422,19397,19259,19420,19675,2024
050,35,029,New Mexico,Luna County,25457,25471,25677,25573,25878,2024
050,35,031,New Mexico,McKinley County,72586,71468,70084,69073,68945,2024
050,35,033,New Mexico,Mora County,4192,4190,4142,4125,4096,2024
050,35,035,New Mexico,Otero County,67866,68499,68650,69354,69711,2024
050,35,037,New Mexico,Quay County,8710,8620,8536,8553,8403,2024
050,35,039,New Mexico,Rio Arriba County,40268,40219,39986,39921,39955,2024
050,35,041,New Mexico,Roosevelt County,19153,18998,18896,18879,18713,2024
050,35,043,New Mexico,Sandoval County,149301,151509,153509,155943,157757,2024
050,35,045,New Mexico,San Juan County,121387,121019,120580,120907,120817,2024
050,35,047,New Mexico,San Miguel County,27128,27162,26899,26633,26428,2024
050,35,049,New Mexico,Santa Fe County,155056,155429,155768,156507,157765,2024
050,35,051,New Mexico,Sierra County,11565,11524,11485,11535,11389,2024
050,35,053,New Mexico,Socorro County,16559,16304,16142,16028,15967,2024
050,35,055,New Mexico,Taos County,34465,34688,34594,34484,34482,2024
050,35,057,New Mexico,Torrance County,15057,15311,15398,15699,15986,2024
050,35,059,New Mexico,Union County,4073,4099,3996,3972,3926,2024
050,35,061,New Mexico,Valencia County,76507,77452,78254,79263,80813,2024
040,36,000,New York,New York,20105171,19848276,19703747,19737367,19867248,2024
050,36,001,New York,Albany County,314024,316817,316287,318000,319964,2024
050,36,003,New York,Allegany County,47358,46962,46850,47327,47299,2024
050,36,005,New York,Bronx County,1459323,1420392,1384189,1375266,1384724,2024
050,36,007,New York,Broome County,198172,198596,197340,196383,196397,2024
050,36,009,New York,Cattaraugus County,76983,76551,76036,75680,75475,2024
050,36,011,New York,Cayuga County,76151,75457,74758,74575,74567,2024
050,36,013,New York,Chautauqua County,127370,126192,125310,124742,124105,2024
050,36,015,New York,Chemung County,83677,83064,81598,81279,81115,2024
050,36,017,New York,Chenango County,47079,46572,46301,45875,45776,2024
050,36,019,New York,Clinton County,79715,79018,77978,77883,77871,2024
050,36,021,New York,Columbia County,61419,61977,61187,60616,60299,2024
050,36,023,New York,Cortland County,46751,46443,46133,45957,45945,2024
050,36,025,New York,Delaware County,44230,44730,44769,44514,44191,2024
050,36,027,New York,Dutchess County,295913,298816,298186,298224,299963,2024
050,36,029,New York,Erie County,952353,953023,948745,948386,950602,2024
050,36,031,New York,Essex County,37288,37246,36788,36796,36744,2024
050,36,033,New York,Franklin County,47248,46797,46072,46276,47086,2024
050,36,035,New York,Fulton County,53111,52751,52245,52253,52073,2024
050,36,037,New York,Genesee County,58315,57902,57482,57634,57604,2024
050,36,039,New York,Greene County,47761,47898,47388,47096,46903,2024
050,36,041,New York,Hamilton County,5070,5114,5108,5070,5082,2024
050,36,043,New York,Herkimer County,60031,60020,59576,59571,59585,2024
050,36,045,New York,Jefferson County,116071,116925,115487,113575,113140,2024
050,36,047,New York,Kings County,2716455,2634268,2596607,2592937,2617631,2024
050,36,049,New York,Lewis County,26557,26721,26602,26584,26570,2024
050,36,051,New York,Livingston County,61596,61698,61385,61248,61561,2024
050,36,053,New York,Madison County,67951,67402,67062,67152,67072,2024
050,36,055,New York,Monroe County,757747,756089,751827,750901,752202,2024
050,36,057,New York,Montgomery County,49487,49490,49434,49580,49648,2024
050,36,059,New York,Nassau County,1390584,1392058,1386825,1386052,1392438,2024
050,36,061,New York,New York County,1679602,1576787,1597103,1633229,1660664,2024
050,36,063,New York,Niagara County,212133,211754,210466,209684,209570,2024
050,36,065,New York,Oneida County,231103,229660,228502,228010,228347,2024
050,36,067,New York,Onondaga County,474218,471959,470432,469226,469812,2024
050,36,069,New York,Ontario County,112350,112648,112509,112605,113012,2024
050,36,071,New York,Orange County,400997,405214,406677,408427,411767,2024
050,36,073,New York,Orleans County,40069,39566,39329,39390,39686,2024
050,36,075,New York,Oswego County,117450,118010,118110,117889,118305,2024
050,36,077,New York,Otsego County,58366,60722,60408,60519,60524,2024
050,36,079,New York,Putnam County,97628,98235,98274,97988,98409,2024
050,36,081,New York,Queens County,2389813,2328286,2285640,2294682,2316841,2024
050,36,083,New York,Rensselaer County,160888,160645,159530,159846,160749,2024
050,36,085,New York,Richmond County,495113,494039,492640,494774,498212,2024
050,36,087,New York,Rockland County,337378,339828,340756,343310,348144,2024
050,36,089,New York,St. Lawrence County,108327,107835,107043,106727,106198,2024
050,36,091,New York,Saratoga County,235811,237885,238491,238873,240360,2024
050,36,093,New York,Schenectady County,159294,160066,159846,160378,162261,2024
050,36,095,New York,Schoharie County,29761,30144,30062,30126,30151,2024
050,36,097,New York,Schuyler County,17861,17789,17591,17446,17121,2024
050,36,099,New York,Seneca County,33512,33411,32610,32416,32650,2024
050,36,101,New York,Steuben County,93321,93099,92420,92087,92015,2024
050,36,103,New York,Suffolk County,1522175,1534053,1529565,1529029,1535909,2024
050,36,105,New York,Sullivan County,78465,79731,79768,80190,80450,2024
050,36,107,New York,Tioga County,48354,48090,47708,47593,47574,2024
050,36,109,New York,Tompkins County,99778,105974,105827,105505,105602,2024
050,36,111,New York,Ulster County,181277,183487,182357,182906,182977,2024
050,36,113,New York,Warren County,65608,65734,65448,65508,65288,2024
050,36,115,New York,Washington County,61106,60871,60764,60032,59839,2024
050,36,117,New York,Wayne County,91213,91173,90831,90671,90757,2024
050,36,119,New York,Westchester County,1001489,1000036,993488,996926,1006447,2024
050,36,121,New York,Wyoming County,40201,39916,39528,39530,39588,2024
050,36,123,New York,Yates County,24720,24640,24469,24413,24387,2024
040,37,000,North Carolina,North Carolina,10449652,10564320,10710793,10881189,11046024,2024
050,37,001,North Carolina,Alamance County,171620,173642,176544,179617,183040,2024
050,37,003,North Carolina,Alexander County,36410,36292,36237,36427,36693,2024
050,37,005,North Carolina,Alleghany County,10889,11074,11187,11340,11379,2024
050,37,007,North Carolina,Anson County,22034,22250,22346,22381,22432,2024
050,37,009,North Carolina,Ashe County,26590,26766,27062,27068,27266,2024
050,37,011,North Carolina,Avery County,17815,17511,17550,17711,17811,2024
050,37,013,North Carolina,Beaufort County,44690,44462,44356,44410,44576,2024
050,37,015,North Carolina,Bertie County,17717,17234,16947,17013,16939,2024
050,37,017,North Carolina,Bladen County,29630,29552,29365,29505,29777,2024
050,37,019,North Carolina,Brunswick County,138167,144869,152836,159855,167112,2024
050,37,021,North Carolina,Buncombe County,269704,271984,274112,276789,279210,2024
050,37,023,North Carolina,Burke County,87248,87303,87732,88147,88545,2024
050,37,025,North Carolina,Cabarrus County,227235,231821,236078,240608,244925,2024
050,37,027,North Carolina,Caldwell County,80584,80518,80259,80579,80739,2024
050,37,029,North Carolina,Camden County,10407,10821,11089,11132,11184,2024
050,37,031,North Carolina,Carteret County,67695,68707,69369,69712,70259,2024
050,37,033,North Carolina,Caswell County,22473,22487,22219,22479,22363,2024
050,37,035,North Carolina,Catawba County,160889,161682,163286,164955,167054,2024
050,37,037,North Carolina,Chatham County,76662,78147,80080,81992,83874,2024
050,37,039,North Carolina,Cherokee County,28864,29188,29431,29952,30373,2024
050,37,041,North Carolina,Chowan County,13707,13769,13921,13894,13891,2024
050,37,043,North Carolina,Clay County,11145,11380,11610,11873,12042,2024
050,37,045,North Carolina,Cleveland County,99945,100485,100771,101561,102194,2024
050,37,047,North Carolina,Columbus County,50475,50004,50027,50140,50054,2024
050,37,049,North Carolina,Craven County,101505,101667,102392,103329,104167,2024
050,37,051,North Carolina,Cumberland County,337195,339623,339068,338411,338430,2024
050,37,053,North Carolina,Currituck County,28404,29703,31011,31609,32278,2024
050,37,055,North Carolina,Dare County,37038,37924,38047,38181,38183,2024
050,37,057,North Carolina,Davidson County,169050,170580,172443,174887,177809,2024
050,37,059,North Carolina,Davie County,42894,43651,44087,44594,45383,2024
050,37,061,North Carolina,Duplin County,48668,48575,49072,49819,50539,2024
050,37,063,North Carolina,Durham County,322505,326826,331568,337238,343628,2024
050,37,065,North Carolina,Edgecombe County,48780,48351,48481,48946,49124,2024
050,37,067,North Carolina,Forsyth County,382634,385753,389519,393835,398143,2024
050,37,069,North Carolina,Franklin County,69028,71712,74326,77092,79771,2024
050,37,071,North Carolina,Gaston County,228625,231409,234208,238153,242010,2024
050,37,073,North Carolina,Gates County,10450,10404,10373,10354,10299,2024
050,37,075,North Carolina,Graham County,8039,8009,8052,8079,8179,2024
050,37,077,North Carolina,Granville County,60151,60460,60867,61362,61544,2024
050,37,079,North Carolina,Greene County,20438,20263,20415,20644,20671,2024
050,37,081,North Carolina,Guilford County,538761,542050,547195,552880,558816,2024
050,37,083,North Carolina,Halifax County,48416,48275,47623,47068,46992,2024
050,37,085,North Carolina,Harnett County,133716,135563,138583,141792,146096,2024
050,37,087,North Carolina,Haywood County,62218,62527,62595,62922,63048,2024
050,37,089,North Carolina,Henderson County,116571,117166,118336,119576,120771,2024
050,37,091,North Carolina,Hertford County,21787,19826,19525,19234,19169,2024
050,37,093,North Carolina,Hoke County,52249,53197,53759,54587,55382,2024
050,37,095,North Carolina,Hyde County,4514,4607,4616,4638,4583,2024
050,37,097,North Carolina,Iredell County,187696,192222,196129,200311,206361,2024
050,37,099,North Carolina,Jackson County,42146,42498,43880,45050,45281,2024
050,37,101,North Carolina,Johnston County,217426,226976,234762,242358,249794,2024
050,37,103,North Carolina,Jones County,9145,9211,9243,9448,9462,2024
050,37,105,North Carolina,Lee County,63402,64031,65687,67421,68537,2024
050,37,107,North Carolina,Lenoir County,55058,54710,54529,54967,55332,2024
050,37,109,North Carolina,Lincoln County,87169,89913,93103,95786,97611,2024
050,37,111,North Carolina,McDowell County,44554,44536,44759,44968,45269,2024
050,37,113,North Carolina,Macon County,37095,37465,37996,38430,38717,2024
050,37,115,North Carolina,Madison County,21295,21737,21912,22039,22352,2024
050,37,117,North Carolina,Martin County,21959,21752,21502,21484,21523,2024
050,37,119,North Carolina,Mecklenburg County,1116263,1125279,1149349,1176228,1206285,2024
050,37,121,North Carolina,Mitchell County,14898,14977,15051,15003,15030,2024
050,37,123,North Carolina,Montgomery County,25720,25826,25884,26241,26364,2024
050,37,125,North Carolina,Moore County,100293,103049,105548,107072,108417,2024
050,37,127,North Carolina,Nash County,95159,95215,95922,96796,97990,2024
050,37,129,North Carolina,New Hanover County,226442,230167,236147,240054,243333,2024
050,37,131,North Carolina,Northampton County,17439,17125,16806,16705,16580,2024
050,37,133,North Carolina,Onslow County,205111,203563,206718,211184,212954,2024
050,37,135,North Carolina,Orange County,143732,148798,150744,152239,152877,2024
050,37,137,North Carolina,Pamlico County,12312,12367,12269,12450,12550,2024
050,37,139,North Carolina,Pasquotank County,40270,40484,40818,41180,41418,2024
050,37,141,North Carolina,Pender County,60625,62994,65697,68356,70077,2024
050,37,143,North Carolina,Perquimans County,13022,13126,13243,13367,13460,2024
050,37,145,North Carolina,Person County,39187,39150,39396,39832,40143,2024
050,37,147,North Carolina,Pitt County,173643,175491,177090,178956,180783,2024
050,37,149,North Carolina,Polk County,19380,19709,20006,20030,20320,2024
050,37,151,North Carolina,Randolph County,144407,145129,146174,147641,148389,2024
050,37,153,North Carolina,Richmond County,42725,42641,42360,42003,41990,2024
050,37,155,North Carolina,Robeson County,115967,115901,116313,117705,118624,2024
050,37,157,North Carolina,Rockingham County,91214,91241,92044,92638,93517,2024
050,37,159,North Carolina,Rowan County,146909,147687,149514,151883,153384,2024
050,37,161,North Carolina,Rutherford County,64357,64508,64829,65369,65587,2024
050,37,163,North Carolina,Sampson County,59070,59038,59096,59742,60404,2024
050,37,165,North Carolina,Scotland County,33420,33423,33548,33660,33898,2024
050,37,167,North Carolina,Stanly County,62679,63147,64285,65818,67326,2024
050,37,169,North Carolina,Stokes County,44579,44636,45137,45486,45857,2024
050,37,171,North Carolina,Surry County,71371,71262,71489,71457,71547,2024
050,37,173,North Carolina,Swain County,14103,14126,13968,13923,13945,2024
050,37,175,North Carolina,Transylvania County,33258,33494,33668,33934,34103,2024
050,37,177,North Carolina,Tyrrell County,3234,3373,3469,3520,3517,2024
050,37,179,North Carolina,Union County,239688,244491,249714,257510,263386,2024
050,37,181,North Carolina,Vance County,42559,42126,42258,42329,42337,2024
050,37,183,North Carolina,Wake County,1130694,1152626,1174107,1203394,1232444,2024
050,37,185,North Carolina,Warren County,18601,18831,18700,18762,19081,2024
050,37,187,North Carolina,Washington County,10981,10888,10798,10739,10654,2024
050,37,189,North Carolina,Watauga County,54470,55326,55404,55420,54997,2024
050,37,191,North Carolina,Wayne County,117772,117395,118185,119570,120338,2024
050,37,193,North Carolina,Wilkes County,65872,65798,65801,66017,66186,2024
050,37,195,North Carolina,Wilson County,79301,78746,78838,79606,79958,2024
050,37,197,North Carolina,Yadkin County,37253,37280,37539,37798,37995,2024
050,37,199,North Carolina,Yancey County,18496,18767,18790,18940,18993,2024
040,38,000,North Dakota,North Dakota,779563,777966,781057,789047,796568,2024
050,38,001,North Dakota,Adams County,2181,2156,2106,2143,2141,2024
050,38,003,North Dakota,Barnes County,10842,10714,10743,10767,10798,2024
050,38,005,North Dakota,Benson County,5940,5773,5794,5778,5756,2024
050,38,007,North Dakota,Billings County,934,964,1022,1036,1063,2024
050,38,009,North Dakota,Bottineau County,6375,6417,6372,6335,6391,2024
050,38,011,North Dakota,Bowman County,2981,2901,2892,2870,2886,2024
050,38,013,North Dakota,Burke County,2192,2152,2133,2147,2154,2024
050,38,015,North Dakota,Burleigh County,98589,99386,100436,101484,103107,2024
050,38,017,North Dakota,Cass County,184897,189330,193670,198157,200945,2024
050,38,019,North Dakota,Cavalier County,3700,3677,3616,3605,3567,2024
050,38,021,North Dakota,Dickey County,4960,4903,4941,4940,4930,2024
050,38,023,North Dakota,Divide County,2205,2182,2174,2148,2124,2024
050,38,025,North Dakota,Dunn County,4098,4014,4005,4051,4031,2024
050,38,027,North Dakota,Eddy County,2321,2318,2311,2278,2309,2024
050,38,029,North Dakota,Emmons County,3291,3262,3267,3241,3209,2024
050,38,031,North Dakota,Foster County,3388,3366,3377,3334,3323,2024
050,38,033,North Dakota,Golden Valley County,1719,1754,1746,1760,1795,2024
050,38,035,North Dakota,Grand Forks County,73132,72409,72103,73198,73771,2024
050,38,037,North Dakota,Grant County,2291,2308,2248,2249,2247,2024
050,38,039,North Dakota,Griggs County,2301,2290,2268,2250,2227,2024
050,38,041,North Dakota,Hettinger County,2468,2428,2425,2418,2419,2024
050,38,043,North Dakota,Kidder County,2392,2364,2396,2360,2371,2024
050,38,045,North Dakota,LaMoure County,4096,4054,4061,4068,4051,2024
050,38,047,North Dakota,Logan County,1880,1860,1849,1886,1880,2024
050,38,049,North Dakota,McHenry County,5316,5224,5208,5152,5135,2024
050,38,051,North Dakota,McIntosh County,2516,2519,2503,2488,2461,2024
050,38,053,North Dakota,McKenzie County,14776,13855,13905,14282,14782,2024
050,38,055,North Dakota,McLean County,9763,9819,9851,9836,9845,2024
050,38,057,North Dakota,Mercer County,8348,8336,8333,8322,8348,2024
050,38,059,North Dakota,Morton County,33322,33581,33741,34047,34194,2024
050,38,061,North Dakota,Mountrail County,9803,9578,9255,9427,9474,2024
050,38,063,North Dakota,Nelson County,2999,3055,3011,3010,3007,2024
050,38,065,North Dakota,Oliver County,1868,1876,1858,1873,1882,2024
050,38,067,North Dakota,Pembina County,6826,6767,6764,6690,6588,2024
050,38,069,North Dakota,Pierce County,3975,3951,3944,3910,3853,2024
050,38,071,North Dakota,Ramsey County,11584,11619,11552,11517,11510,2024
050,38,073,North Dakota,Ransom County,5693,5677,5648,5606,5590,2024
050,38,075,North Dakota,Renville County,2282,2272,2267,2325,2376,2024
050,38,077,North Dakota,Richland County,16532,16547,16577,16604,16658,2024
050,38,079,North Dakota,Rolette County,12200,12074,11889,11766,11692,2024
050,38,081,North Dakota,Sargent County,3843,3849,3823,3794,3710,2024
050,38,083,North Dakota,Sheridan County,1262,1265,1285,1277,1268,2024
050,38,085,North Dakota,Sioux County,3881,3750,3697,3659,3713,2024
050,38,087,North Dakota,Slope County,702,695,684,679,660,2024
050,38,089,North Dakota,Stark County,33835,33031,32762,33117,33767,2024
050,38,091,North Dakota,Steele County,1790,1803,1782,1766,1767,2024
050,38,093,North Dakota,Stutsman County,21554,21607,21518,21522,21546,2024
050,38,095,North Dakota,Towner County,2139,2116,2060,2036,2051,2024
050,38,097,North Dakota,Traill County,7979,7968,7958,7957,7989,2024
050,38,099,North Dakota,Walsh County,10524,10483,10468,10293,10214,2024
050,38,101,North Dakota,Ward County,69922,69265,68831,68419,68427,2024
050,38,103,North Dakota,Wells County,3967,3896,3916,3866,3803,2024
050,38,105,North Dakota,Williams County,41189,38506,38012,39304,40763,2024
040,39,000,Ohio,Ohio,11798905,11767344,11777874,11824034,11883304,2024
050,39,001,Ohio,Adams County,27451,27589,27449,27542,27671,2024
050,39,003,Ohio,Allen County,102137,101800,101086,100851,100866,2024
050,39,005,Ohio,Ashland County,52476,52193,52010,52183,52420,2024
050,39,007,Ohio,Ashtabula County,97512,97470,96987,96962,96906,2024
050,39,009,Ohio,Athens County,62380,59090,61029,62969,63218,2024
050,39,011,Ohio,Auglaize County,46473,46261,45949,46018,45922,2024
050,39,013,Ohio,Belmont County,66291,65909,65495,64980,64692,2024
050,39,015,Ohio,Brown County,43684,43708,43707,43834,44292,2024
050,39,017,Ohio,Butler County,390887,387671,390689,395593,399542,2024
050,39,019,Ohio,Carroll County,26702,26702,26677,26754,26460,2024
050,39,021,Ohio,Champaign County,38743,38800,38712,38857,38907,2024
050,39,023,Ohio,Clark County,135894,135490,134686,134735,134985,2024
050,39,025,Ohio,Clermont County,208755,209919,210906,212202,214123,2024
050,39,027,Ohio,Clinton County,42035,42130,41902,41972,42019,2024
050,39,029,Ohio,Columbiana County,101650,101372,100537,100137,99823,2024
050,39,031,Ohio,Coshocton County,36595,36674,36583,36866,37003,2024
050,39,033,Ohio,Crawford County,42015,41793,41532,41591,41626,2024
050,39,035,Ohio,Cuyahoga County,1262635,1247735,1239720,1238679,1240594,2024
050,39,037,Ohio,Darke County,51897,51655,51526,51432,51462,2024
050,39,039,Ohio,Defiance County,38267,38182,38183,38437,38644,2024
050,39,041,Ohio,Delaware County,215162,221304,227008,232732,237966,2024
050,39,043,Ohio,Erie County,75482,74894,74563,74125,73841,2024
050,39,045,Ohio,Fairfield County,159464,161245,163166,165630,167762,2024
050,39,047,Ohio,Fayette County,28978,28935,28856,28831,28782,2024
050,39,049,Ohio,Franklin County,1324505,1317840,1327687,1338903,1356303,2024
050,39,051,Ohio,Fulton County,42640,42500,42083,41951,42028,2024
050,39,053,Ohio,Gallia County,29240,29235,29014,28964,28886,2024
050,39,055,Ohio,Geauga County,95385,95716,95552,95389,95362,2024
050,39,057,Ohio,Greene County,168130,168250,169380,170335,172347,2024
050,39,059,Ohio,Guernsey County,38419,38283,38069,38126,38219,2024
050,39,061,Ohio,Hamilton County,830418,827564,826970,831559,837359,2024
050,39,063,Ohio,Hancock County,74919,74755,74793,74847,75016,2024
050,39,065,Ohio,Hardin County,30722,30444,30400,30406,30402,2024
050,39,067,Ohio,Harrison County,14492,14463,14351,14183,14042,2024
050,39,069,Ohio,Henry County,27672,27565,27517,27545,27536,2024
050,39,071,Ohio,Highland County,43364,43453,43396,43588,43785,2024
050,39,073,Ohio,Hocking County,28046,28109,27843,27567,27429,2024
050,39,075,Ohio,Holmes County,44236,44367,44380,44439,44668,2024
050,39,077,Ohio,Huron County,58495,58416,58256,58258,58168,2024
050,39,079,Ohio,Jackson County,32671,32551,32634,32669,32723,2024
050,39,081,Ohio,Jefferson County,65186,65101,64286,64116,63900,2024
050,39,083,Ohio,Knox County,62792,62539,63186,63344,63848,2024
050,39,085,Ohio,Lake County,232527,232261,231968,231964,232360,2024
050,39,087,Ohio,Lawrence County,58141,57415,56571,56138,55829,2024
050,39,089,Ohio,Licking County,178796,180051,181899,183540,184898,2024
050,39,091,Ohio,Logan County,46114,46160,46040,46045,46085,2024
050,39,093,Ohio,Lorain County,313534,314301,316616,319163,322030,2024
050,39,095,Ohio,Lucas County,430870,429535,427154,426240,426291,2024
050,39,097,Ohio,Madison County,43858,44447,43613,44668,45531,2024
050,39,099,Ohio,Mahoning County,228017,226559,226104,225988,225786,2024
050,39,101,Ohio,Marion County,65390,65330,64576,64828,64976,2024
050,39,103,Ohio,Medina County,182639,183403,183520,184115,184625,2024
050,39,105,Ohio,Meigs County,22160,22084,21971,21772,21491,2024
050,39,107,Ohio,Mercer County,42532,42387,42403,42448,42648,2024
050,39,109,Ohio,Miami County,108962,109426,110245,110898,111950,2024
050,39,111,Ohio,Monroe County,13356,13339,13225,13165,13051,2024
050,39,113,Ohio,Montgomery County,537139,536229,534355,535313,537443,2024
050,39,115,Ohio,Morgan County,13752,13697,13648,13626,13532,2024
050,39,117,Ohio,Morrow County,34983,35211,35317,35583,35927,2024
050,39,119,Ohio,Muskingum County,86464,86585,86114,86312,86582,2024
050,39,121,Ohio,Noble County,14107,14326,14364,14345,14269,2024
050,39,123,Ohio,Ottawa County,40298,40175,39984,39819,39692,2024
050,39,125,Ohio,Paulding County,18807,18900,18763,18728,18755,2024
050,39,127,Ohio,Perry County,35455,35478,35483,35577,35682,2024
050,39,129,Ohio,Pickaway County,58664,58781,59987,61064,62158,2024
050,39,131,Ohio,Pike County,27076,27103,26991,26983,27065,2024
050,39,133,Ohio,Portage County,161854,159086,161924,163075,163839,2024
050,39,135,Ohio,Preble County,41016,40886,40557,40563,40801,2024
050,39,137,Ohio,Putnam County,34407,34371,34331,34254,34206,2024
050,39,139,Ohio,Richland County,124988,125382,125268,125003,124853,2024
050,39,141,Ohio,Ross County,77068,76526,76479,76340,76046,2024
050,39,143,Ohio,Sandusky County,58878,58769,58591,58785,58866,2024
050,39,145,Ohio,Scioto County,73852,72998,72312,72176,71798,2024
050,39,147,Ohio,Seneca County,55055,54876,54563,54628,54730,2024
050,39,149,Ohio,Shelby County,48154,48032,47723,47785,47952,2024
050,39,151,Ohio,Stark County,374552,373861,373008,373052,374091,2024
050,39,153,Ohio,Summit County,539835,537516,536582,537019,538370,2024
050,39,155,Ohio,Trumbull County,201682,201594,200716,200354,200300,2024
050,39,157,Ohio,Tuscarawas County,93199,92631,92030,92017,92048,2024
050,39,159,Ohio,Union County,63090,65119,66927,69765,71721,2024
050,39,161,Ohio,Van Wert County,28919,28793,28806,28725,28887,2024
050,39,163,Ohio,Vinton County,12808,12714,12585,12498,12545,2024
050,39,165,Ohio,Warren County,243236,246868,250298,253579,256059,2024
050,39,167,Ohio,Washington County,59656,59504,58883,58513,58332,2024
050,39,169,Ohio,Wayne County,116903,116160,116609,116635,116632,2024
050,39,171,Ohio,Williams County,37084,36770,36621,36566,36554,2024
050,39,173,Ohio,Wood County,132267,130340,131821,132813,133077,2024
050,39,175,Ohio,Wyandot County,21864,21693,21574,21466,21394,2024
040,40,000,Oklahoma,Oklahoma,3965415,3992238,4026229,4063882,4095393,2024
050,40,001,Oklahoma,Adair County,19458,19444,19513,19641,19821,2024
050,40,003,Oklahoma,Alfalfa County,5712,5698,5697,5661,5712,2024
050,40,005,Oklahoma,Atoka County,14165,14296,14311,14524,14600,2024
050,40,007,Oklahoma,Beaver County,5028,4991,5044,5052,5025,2024
050,40,009,Oklahoma,Beckham County,22331,22037,21990,22132,22248,2024
050,40,011,Oklahoma,Blaine County,8702,8551,8477,8547,8573,2024
050,40,013,Oklahoma,Bryan County,46328,47130,48229,49271,50305,2024
050,40,015,Oklahoma,Caddo County,26905,26457,26282,26253,26337,2024
050,40,017,Oklahoma,Canadian County,155445,162029,169507,176184,181760,2024
050,40,019,Oklahoma,Carter County,48041,48257,48488,48854,49135,2024
050,40,021,Oklahoma,Cherokee County,47092,47660,48058,48173,48729,2024
050,40,023,Oklahoma,Choctaw County,14207,14366,14416,14324,14174,2024
050,40,025,Oklahoma,Cimarron County,2290,2248,2229,2188,2133,2024
050,40,027,Oklahoma,Cleveland County,296256,298165,299950,301913,303952,2024
050,40,029,Oklahoma,Coal County,5283,5308,5309,5284,5414,2024
050,40,031,Oklahoma,Comanche County,121144,122325,122390,121868,121396,2024
050,40,033,Oklahoma,Cotton County,5537,5444,5473,5470,5503,2024
050,40,035,Oklahoma,Craig County,14143,14203,14180,14476,14506,2024
050,40,037,Oklahoma,Creek County,71857,72250,72698,73372,73971,2024
050,40,039,Oklahoma,Custer County,28444,28177,28075,28332,28266,2024
050,40,041,Oklahoma,Delaware County,40390,40969,41491,41775,41771,2024
050,40,043,Oklahoma,Dewey County,4473,4418,4387,4253,4268,2024
050,40,045,Oklahoma,Ellis County,3746,3740,3693,3637,3601,2024
050,40,047,Oklahoma,Garfield County,62701,61977,61990,62055,62007,2024
050,40,049,Oklahoma,Garvin County,25655,25783,25793,25918,26149,2024
050,40,051,Oklahoma,Grady County,54884,55601,56700,57493,58353,2024
050,40,053,Oklahoma,Grant County,4177,4142,4124,4088,4123,2024
050,40,055,Oklahoma,Greer County,5493,5482,5548,5491,5433,2024
050,40,057,Oklahoma,Harmon County,2475,2403,2428,2409,2315,2024
050,40,059,Oklahoma,Harper County,3248,3175,3176,3207,3209,2024
050,40,061,Oklahoma,Haskell County,11552,11619,11644,11790,11811,2024
050,40,063,Oklahoma,Hughes County,13346,13403,13421,13406,13371,2024
050,40,065,Oklahoma,Jackson County,24747,24746,24671,24685,24541,2024
050,40,067,Oklahoma,Jefferson County,5331,5401,5428,5367,5374,2024
050,40,069,Oklahoma,Johnston County,10244,10328,10328,10199,10293,2024
050,40,071,Oklahoma,Kay County,43611,43732,43726,43621,43437,2024
050,40,073,Oklahoma,Kingfisher County,15177,15227,15313,15615,15820,2024
050,40,075,Oklahoma,Kiowa County,8496,8403,8437,8322,8257,2024
050,40,077,Oklahoma,Latimer County,9484,9458,9580,9561,9509,2024
050,40,079,Oklahoma,Le Flore County,48201,48614,49004,49590,49854,2024
050,40,081,Oklahoma,Lincoln County,33502,33855,34153,34613,34972,2024
050,40,083,Oklahoma,Logan County,49752,50929,52029,53121,53860,2024
050,40,085,Oklahoma,Love County,10157,10238,10184,10305,10423,2024
050,40,087,Oklahoma,McClain County,41910,43538,45422,47060,48434,2024
050,40,089,Oklahoma,McCurtain County,30844,30819,30892,30957,30805,2024
050,40,091,Oklahoma,McIntosh County,18950,19251,19419,19670,19710,2024
050,40,093,Oklahoma,Major County,7749,7640,7558,7623,7569,2024
050,40,095,Oklahoma,Marshall County,15339,15553,15947,15974,16147,2024
050,40,097,Oklahoma,Mayes County,39053,39255,39593,39971,40144,2024
050,40,099,Oklahoma,Murray County,13878,13720,13677,13735,13754,2024
050,40,101,Oklahoma,Muskogee County,66245,66274,66293,66656,66752,2024
050,40,103,Oklahoma,Noble County,10922,10939,10861,10865,10896,2024
050,40,105,Oklahoma,Nowata County,9325,9359,9447,9481,9561,2024
050,40,107,Oklahoma,Okfuskee County,11272,11228,11230,11297,11364,2024
050,40,109,Oklahoma,Oklahoma County,798283,799961,805165,811096,816490,2024
050,40,111,Oklahoma,Okmulgee County,36688,36845,36937,36940,37084,2024
050,40,113,Oklahoma,Osage County,45792,45890,45799,46008,46495,2024
050,40,115,Oklahoma,Ottawa County,30229,30389,30366,30316,30404,2024
050,40,117,Oklahoma,Pawnee County,15560,15715,15695,15892,16111,2024
050,40,119,Oklahoma,Payne County,81649,82166,83029,83819,84199,2024
050,40,121,Oklahoma,Pittsburg County,43787,43632,43517,43472,43395,2024
050,40,123,Oklahoma,Pontotoc County,38094,38190,38074,38506,38310,2024
050,40,125,Oklahoma,Pottawatomie County,72553,73047,73403,73864,74446,2024
050,40,127,Oklahoma,Pushmataha County,10793,10772,10728,10856,10800,2024
050,40,129,Oklahoma,Roger Mills County,3428,3365,3366,3331,3304,2024
050,40,131,Oklahoma,Rogers County,95405,96903,99103,100268,101371,2024
050,40,133,Oklahoma,Seminole County,23512,23539,23484,23585,23351,2024
050,40,135,Oklahoma,Sequoyah County,39249,39492,39756,40248,40555,2024
050,40,137,Oklahoma,Stephens County,42823,43119,43674,44066,44075,2024
050,40,139,Oklahoma,Texas County,21291,20855,20635,20512,20577,2024
050,40,141,Oklahoma,Tillman County,6943,7036,6968,6867,6736,2024
050,40,143,Oklahoma,Tulsa County,670708,674123,679212,686411,693514,2024
050,40,145,Oklahoma,Wagoner County,81401,84257,86755,89375,91257,2024
050,40,147,Oklahoma,Washington County,52606,52902,53289,53772,54060,2024
050,40,149,Oklahoma,Washita County,10903,10901,10715,10716,10839,2024
050,40,151,Oklahoma,Woods County,8603,8632,8602,8560,8582,2024
050,40,153,Oklahoma,Woodward County,20418,20252,20054,20073,19991,2024
040,41,000,Oregon,Oregon,4243779,4254280,4247372,4253653,4272371,2024
050,41,001,Oregon,Baker County,16731,16884,16933,16904,16750,2024
050,41,003,Oregon,Benton County,93615,93031,97406,98566,98899,2024
050,41,005,Oregon,Clackamas County,422512,423892,423217,424396,425857,2024
050,41,007,Oregon,Clatsop County,41157,41930,41595,41089,41043,2024
050,41,009,Oregon,Columbia County,52716,53177,53589,53918,54063,2024
050,41,011,Oregon,Coos County,64976,65143,65135,64557,64326,2024
050,41,013,Oregon,Crook County,24930,25767,26393,26960,27336,2024
050,41,015,Oregon,Curry County,23518,23724,23614,23273,22774,2024
050,41,017,Oregon,Deschutes County,199470,205318,206491,208857,211535,2024
050,41,019,Oregon,Douglas County,111292,112153,112226,112435,112255,2024
050,41,021,Oregon,Gilliam County,2015,2011,2012,2035,1971,2024
050,41,023,Oregon,Grant County,7233,7284,7221,7216,7093,2024
050,41,025,Oregon,Harney County,7504,7601,7537,7451,7402,2024
050,41,027,Oregon,Hood River County,23897,24025,24028,23811,23764,2024
050,41,029,Oregon,Jackson County,223755,224649,222153,221338,221331,2024
050,41,031,Oregon,Jefferson County,24578,25100,25319,25480,25536,2024
050,41,033,Oregon,Josephine County,88228,88599,87786,88001,88276,2024
050,41,035,Oregon,Klamath County,69631,70415,70404,70347,70438,2024
050,41,037,Oregon,Lake County,8174,8294,8365,8307,8194,2024
050,41,039,Oregon,Lane County,384221,386082,386187,382151,382396,2024
050,41,041,Oregon,Lincoln County,50517,51028,50756,51307,51212,2024
050,41,043,Oregon,Linn County,128967,130062,130516,131509,132474,2024
050,41,045,Oregon,Malheur County,31643,31682,31868,32262,32315,2024
050,41,047,Oregon,Marion County,346305,347784,349388,349874,352867,2024
050,41,049,Oregon,Morrow County,12220,12359,12257,12303,12360,2024
050,41,051,Oregon,Multnomah County,816321,804934,795960,794271,795897,2024
050,41,053,Oregon,Polk County,88003,89480,89986,90290,90549,2024
050,41,055,Oregon,Sherman County,1873,1909,1953,1954,2002,2024
050,41,057,Oregon,Tillamook County,27462,27814,27516,27423,27264,2024
050,41,059,Oregon,Umatilla County,79893,79713,79732,79872,80491,2024
050,41,061,Oregon,Union County,26168,26287,26167,26038,26058,2024
050,41,063,Oregon,Wallowa County,7400,7553,7647,7643,7522,2024
050,41,065,Oregon,Wasco County,26610,26707,26535,26402,26507,2024
050,41,067,Oregon,Washington County,601045,602356,600229,604831,611272,2024
050,41,069,Oregon,Wheeler County,1459,1452,1434,1436,1456,2024
050,41,071,Oregon,Yamhill County,107740,108081,107817,109146,110886,2024
040,42,000,Pennsylvania,Pennsylvania,12996143,13015571,12984990,13017721,13078751,2024
050,42,001,Pennsylvania,Adams County,103802,105696,106017,107147,107914,2024
050,42,003,Pennsylvania,Allegheny County,1249671,1245440,1233821,1230138,1231814,2024
050,42,005,Pennsylvania,Armstrong County,65460,65211,64664,64094,63679,2024
050,42,007,Pennsylvania,Beaver County,167864,166979,165682,165556,165540,2024
050,42,009,Pennsylvania,Bedford County,47580,47505,47395,47442,47643,2024
050,42,011,Pennsylvania,Berks County,428693,429698,432281,435284,439117,2024
050,42,013,Pennsylvania,Blair County,122664,122160,120796,120494,120269,2024
050,42,015,Pennsylvania,Bradford County,59958,60131,59800,59700,59699,2024
050,42,017,Pennsylvania,Bucks County,646190,647489,645871,647625,650131,2024
050,42,019,Pennsylvania,Butler County,194069,196773,197422,198665,199341,2024
050,42,021,Pennsylvania,Cambria County,133198,132240,131432,130713,130108,2024
050,42,023,Pennsylvania,Cameron County,4532,4465,4406,4382,4348,2024
050,42,025,Pennsylvania,Carbon County,64752,65523,65466,65427,65743,2024
050,42,027,Pennsylvania,Centre County,157987,158008,157992,159087,159805,2024
050,42,029,Pennsylvania,Chester County,534860,541036,547248,555310,560745,2024
050,42,031,Pennsylvania,Clarion County,37198,37596,37280,36964,36855,2024
050,42,033,Pennsylvania,Clearfield County,80431,78348,77881,78381,78132,2024
050,42,035,Pennsylvania,Clinton County,37377,38024,37873,37852,37865,2024
050,42,037,Pennsylvania,Columbia County,64686,64982,65347,65782,66012,2024
050,42,039,Pennsylvania,Crawford County,83825,83232,82380,82052,82089,2024
050,42,041,Pennsylvania,Cumberland County,260254,265550,268740,271553,275516,2024
050,42,043,Pennsylvania,Dauphin County,286717,288286,289049,290886,293029,2024
050,42,045,Pennsylvania,Delaware County,576523,577126,577040,580538,584882,2024
050,42,047,Pennsylvania,Elk County,30939,30795,30453,30221,30124,2024
050,42,049,Pennsylvania,Erie County,270739,269455,269112,268203,267750,2024
050,42,051,Pennsylvania,Fayette County,128585,127136,125622,124699,123941,2024
050,42,053,Pennsylvania,Forest County,6964,6902,6621,6486,6601,2024
050,42,055,Pennsylvania,Franklin County,155951,156589,157017,158054,159285,2024
050,42,057,Pennsylvania,Fulton County,14582,14555,14557,14510,14452,2024
050,42,059,Pennsylvania,Greene County,35867,35282,34566,34493,33960,2024
050,42,061,Pennsylvania,Huntingdon County,44071,43989,43303,43545,43359,2024
050,42,063,Pennsylvania,Indiana County,83153,83095,82901,83110,82953,2024
050,42,065,Pennsylvania,Jefferson County,44480,44121,43725,43625,43367,2024
050,42,067,Pennsylvania,Juniata County,23483,23359,23290,23368,23395,2024
050,42,069,Pennsylvania,Lackawanna County,215538,216063,215797,216472,216859,2024
050,42,071,Pennsylvania,Lancaster County,552834,556364,556991,560174,563293,2024
050,42,073,Pennsylvania,Lawrence County,85970,85565,84800,84553,84233,2024
050,42,075,Pennsylvania,Lebanon County,143292,143772,144003,144546,145319,2024
050,42,077,Pennsylvania,Lehigh County,374493,375922,377019,380872,385655,2024
050,42,079,Pennsylvania,Luzerne County,325222,325975,326892,328909,331379,2024
050,42,081,Pennsylvania,Lycoming County,114130,113576,113223,113282,113236,2024
050,42,083,Pennsylvania,McKean County,40405,40325,39791,39522,39478,2024
050,42,085,Pennsylvania,Mercer County,110548,109964,109115,108519,108140,2024
050,42,087,Pennsylvania,Mifflin County,46145,46182,45993,45950,45935,2024
050,42,089,Pennsylvania,Monroe County,168326,168708,167437,166581,166523,2024
050,42,091,Pennsylvania,Montgomery County,856900,864252,865848,871673,879190,2024
050,42,093,Pennsylvania,Montour County,18132,18094,18122,18053,18115,2024
050,42,095,Pennsylvania,Northampton County,312810,318215,318044,320844,322989,2024
050,42,097,Pennsylvania,Northumberland County,91550,91001,90093,90131,90027,2024
050,42,099,Pennsylvania,Perry County,45838,45961,46214,46367,46816,2024
050,42,101,Pennsylvania,Philadelphia County,1600788,1589918,1570554,1563349,1573916,2024
050,42,103,Pennsylvania,Pike County,58576,60009,60647,61496,62376,2024
050,42,105,Pennsylvania,Potter County,16387,16318,16203,16040,15993,2024
050,42,107,Pennsylvania,Schuylkill County,142959,143169,143205,143932,144523,2024
050,42,109,Pennsylvania,Snyder County,39742,39748,39525,39699,39627,2024
050,42,111,Pennsylvania,Somerset County,74014,72994,72613,72233,72134,2024
050,42,113,Pennsylvania,Sullivan County,5831,5864,5892,5925,5927,2024
050,42,115,Pennsylvania,Susquehanna County,38349,38424,38115,38108,38100,2024
050,42,117,Pennsylvania,Tioga County,41017,41309,40954,40747,40698,2024
050,42,119,Pennsylvania,Union County,42655,42484,42745,42237,42159,2024
050,42,121,Pennsylvania,Venango County,50357,50041,49695,49436,49476,2024
050,42,123,Pennsylvania,Warren County,38526,38184,37843,37672,37373,2024
050,42,125,Pennsylvania,Washington County,209414,210057,209962,210344,210434,2024
050,42,127,Pennsylvania,Wayne County,51155,51201,51132,51404,51419,2024
050,42,129,Pennsylvania,Westmoreland County,354339,353753,352054,351420,350935,2024
050,42,131,Pennsylvania,Wyoming County,26042,26119,26034,25868,25771,2024
050,42,133,Pennsylvania,York County,456754,459264,461385,465977,471240,2024
040,44,000,Rhode Island,Rhode Island,1096530,1097246,1099498,1103429,1112308,2024
050,44,001,Rhode Island,Bristol County,50783,50778,50388,50358,50145,2024
050,44,003,Rhode Island,Kent County,170423,171115,171523,171770,172450,2024
050,44,005,Rhode Island,Newport County,85511,85613,84851,83843,83468,2024
050,44,007,Rhode Island,Providence County,660044,658887,662209,667219,675912,2024
050,44,009,Rhode Island,Washington County,129769,130853,130527,130239,130333,2024
040,45,000,South Carolina,South Carolina,5132249,5194274,5287935,5387830,5478831,2024
050,45,001,South Carolina,Abbeville County,24262,24263,24407,24563,24607,2024
050,45,003,South Carolina,Aiken County,169174,171272,174075,177034,179245,2024
050,45,005,South Carolina,Allendale County,7934,7714,7508,7596,7551,2024
050,45,007,South Carolina,Anderson County,204192,206949,210069,213998,217183,2024
050,45,009,South Carolina,Bamberg County,13261,13121,12966,12991,12870,2024
050,45,011,South Carolina,Barnwell County,20590,20604,20469,20448,20495,2024
050,45,013,South Carolina,Beaufort County,187829,191946,195932,198961,201775,2024
050,45,015,South Carolina,Berkeley County,231508,236852,245249,256123,264276,2024
050,45,017,South Carolina,Calhoun County,14113,14141,14200,14208,14249,2024
050,45,019,South Carolina,Charleston County,409958,414605,419952,425805,431001,2024
050,45,021,South Carolina,Cherokee County,56226,56110,56186,56943,57770,2024
050,45,023,South Carolina,Chester County,32291,32160,31972,32163,32323,2024
050,45,025,South Carolina,Chesterfield County,43254,43334,43722,44120,44488,2024
050,45,027,South Carolina,Clarendon County,30841,30965,30976,31119,31030,2024
050,45,029,South Carolina,Colleton County,38538,38461,38618,39040,39259,2024
050,45,031,South Carolina,Darlington County,62842,62723,62434,62368,62425,2024
050,45,033,South Carolina,Dillon County,28280,27977,27766,27712,27577,2024
050,45,035,South Carolina,Dorchester County,162059,163484,166029,169770,174663,2024
050,45,037,South Carolina,Edgefield County,25673,26274,27347,28629,29455,2024
050,45,039,South Carolina,Fairfield County,20872,20686,20430,20392,20369,2024
050,45,041,South Carolina,Florence County,136814,136409,136860,137454,138049,2024
050,45,043,South Carolina,Georgetown County,63517,63939,64753,65812,66035,2024
050,45,045,South Carolina,Greenville County,527266,534675,548447,559696,570745,2024
050,45,047,South Carolina,Greenwood County,69395,69139,69290,69582,70041,2024
050,45,049,South Carolina,Hampton County,18525,18259,18147,18167,18172,2024
050,45,051,South Carolina,Horry County,353779,366164,383372,398374,413391,2024
050,45,053,South Carolina,Jasper County,29148,30434,31988,33642,35618,2024
050,45,055,South Carolina,Kershaw County,65596,66215,67917,70145,71698,2024
050,45,057,South Carolina,Lancaster County,96592,100540,104795,108796,111652,2024
050,45,059,South Carolina,Laurens County,67628,67837,68109,69210,70545,2024
050,45,061,South Carolina,Lee County,16546,16278,16119,15927,15958,2024
050,45,063,South Carolina,Lexington County,294993,300644,305147,309877,313774,2024
050,45,065,South Carolina,McCormick County,9522,9768,9741,9786,9983,2024
050,45,067,South Carolina,Marion County,29082,28853,28494,28522,28368,2024
050,45,069,South Carolina,Marlboro County,26496,26106,26003,25772,25498,2024
050,45,071,South Carolina,Newberry County,37738,37976,38343,38916,39203,2024
050,45,073,South Carolina,Oconee County,78787,79331,80223,81527,82475,2024
050,45,075,South Carolina,Orangeburg County,83971,82851,83165,83148,83129,2024
050,45,077,South Carolina,Pickens County,131689,132139,134405,136704,138207,2024
050,45,079,South Carolina,Richland County,415697,417306,421693,425236,430651,2024
050,45,081,South Carolina,Saluda County,18908,18908,19086,19300,19452,2024
050,45,083,South Carolina,Spartanburg County,329405,335452,346455,358690,369256,2024
050,45,085,South Carolina,Sumter County,105493,104879,104068,104410,104776,2024
050,45,087,South Carolina,Union County,27182,27028,26787,26751,26678,2024
050,45,089,South Carolina,Williamsburg County,30921,30432,30164,30028,29865,2024
050,45,091,South Carolina,York County,283862,289071,294057,298375,303001,2024
040,46,000,South Dakota,South Dakota,887948,896492,909723,918305,924669,2024
050,46,003,South Dakota,Aurora County,2740,2741,2772,2796,2752,2024
050,46,005,South Dakota,Beadle County,19166,19185,19356,19380,19459,2024
050,46,007,South Dakota,Bennett County,3392,3393,3339,3312,3289,2024
050,46,009,South Dakota,Bon Homme County,6972,7002,7088,7088,7071,2024
050,46,011,South Dakota,Brookings County,34349,34705,35442,35912,36359,2024
050,46,013,South Dakota,Brown County,38219,38108,37915,37650,37495,2024
050,46,015,South Dakota,Brule County,5250,5252,5324,5326,5261,2024
050,46,017,South Dakota,Buffalo County,1938,1894,1848,1884,1825,2024
050,46,019,South Dakota,Butte County,10291,10544,10788,10868,10891,2024
050,46,021,South Dakota,Campbell County,1380,1378,1367,1357,1342,2024
050,46,023,South Dakota,Charles Mix County,9369,9187,9237,9271,9343,2024
050,46,025,South Dakota,Clark County,3851,3871,3945,3945,3974,2024
050,46,027,South Dakota,Clay County,15003,15170,15277,15398,15245,2024
050,46,029,South Dakota,Codington County,28355,28492,28756,28952,29278,2024
050,46,031,South Dakota,Corson County,3888,3842,3797,3756,3747,2024
050,46,033,South Dakota,Custer County,8342,8648,9024,9117,9330,2024
050,46,035,South Dakota,Davison County,19954,19901,20025,19973,19907,2024
050,46,037,South Dakota,Day County,5436,5418,5478,5445,5408,2024
050,46,039,South Dakota,Deuel County,4302,4299,4357,4345,4335,2024
050,46,041,South Dakota,Dewey County,5225,5221,5078,5179,5322,2024
050,46,043,South Dakota,Douglas County,2834,2813,2797,2844,2849,2024
050,46,045,South Dakota,Edmunds County,3997,4044,4103,4067,4027,2024
050,46,047,South Dakota,Fall River County,6973,7217,7373,7369,7359,2024
050,46,049,South Dakota,Faulk County,2126,2118,2117,2135,2136,2024
050,46,051,South Dakota,Grant County,7539,7554,7535,7571,7618,2024
050,46,053,South Dakota,Gregory County,4000,3954,3993,4023,4110,2024
050,46,055,South Dakota,Haakon County,1868,1837,1830,1855,1834,2024
050,46,057,South Dakota,Hamlin County,6161,6261,6395,6450,6596,2024
050,46,059,South Dakota,Hand County,3147,3087,3123,3114,3097,2024
050,46,061,South Dakota,Hanson County,3460,3507,3461,3457,3477,2024
050,46,063,South Dakota,Harding County,1308,1325,1329,1314,1325,2024
050,46,065,South Dakota,Hughes County,17741,17762,17674,17617,17526,2024
050,46,067,South Dakota,Hutchinson County,7425,7379,7375,7423,7416,2024
050,46,069,South Dakota,Hyde County,1252,1232,1196,1190,1215,2024
050,46,071,South Dakota,Jackson County,2803,2867,2833,2772,2737,2024
050,46,073,South Dakota,Jerauld County,1643,1641,1645,1650,1689,2024
050,46,075,South Dakota,Jones County,923,876,870,862,874,2024
050,46,077,South Dakota,Kingsbury County,5207,5210,5282,5262,5261,2024
050,46,079,South Dakota,Lake County,11016,10862,10945,11033,11006,2024
050,46,081,South Dakota,Lawrence County,25849,26169,27234,28106,28809,2024
050,46,083,South Dakota,Lincoln County,65648,68002,71156,73142,75244,2024
050,46,085,South Dakota,Lyman County,3701,3760,3717,3720,3721,2024
050,46,087,South Dakota,McCook County,5674,5725,5775,5809,5771,2024
050,46,089,South Dakota,McPherson County,2403,2419,2401,2335,2307,2024
050,46,091,South Dakota,Marshall County,4298,4314,4354,4358,4395,2024
050,46,093,South Dakota,Meade County,29903,30298,30679,30931,30918,2024
050,46,095,South Dakota,Mellette County,1922,1900,1867,1843,1834,2024
050,46,097,South Dakota,Miner County,2304,2311,2289,2293,2303,2024
050,46,099,South Dakota,Minnehaha County,197718,199947,203675,206464,208639,2024
050,46,101,South Dakota,Moody County,6339,6307,6366,6444,6529,2024
050,46,102,South Dakota,Oglala Lakota County,13648,13559,13482,13407,13360,2024
050,46,103,South Dakota,Pennington County,109573,111903,114269,115834,115979,2024
050,46,105,South Dakota,Perkins County,2849,2833,2807,2823,2832,2024
050,46,107,South Dakota,Potter County,2474,2473,2450,2416,2402,2024
050,46,109,South Dakota,Roberts County,10262,10180,10157,10222,10283,2024
050,46,111,South Dakota,Sanborn County,2330,2379,2413,2407,2392,2024
050,46,115,South Dakota,Spink County,6342,6265,6232,6149,6108,2024
050,46,117,South Dakota,Stanley County,2970,3034,3014,3040,3015,2024
050,46,119,South Dakota,Sully County,1452,1472,1478,1485,1468,2024
050,46,121,South Dakota,Todd County,9321,9298,9256,9175,9172,2024
050,46,123,South Dakota,Tripp County,5607,5577,5548,5607,5717,2024
050,46,125,South Dakota,Turner County,8686,8693,8890,9052,9087,2024
050,46,127,South Dakota,Union County,16857,16875,17083,17186,17402,2024
050,46,129,South Dakota,Walworth County,5294,5261,5266,5264,5270,2024
050,46,135,South Dakota,Yankton County,23286,23358,23407,23509,23509,2024
050,46,137,South Dakota,Ziebach County,2393,2383,2369,2322,2418,2024
040,47,000,Tennessee,Tennessee,6927904,6965740,7062217,7148304,7227750,2024
050,47,001,Tennessee,Anderson County,77327,77632,79016,80343,81449,2024
050,47,003,Tennessee,Bedford County,50396,51201,52088,53274,54228,2024
050,47,005,Tennessee,Benton County,15853,15836,16001,16167,16173,2024
050,47,007,Tennessee,Bledsoe County,14955,14839,14769,15008,15591,2024
050,47,009,Tennessee,Blount County,135656,137624,139789,141384,142211,2024
050,47,011,Tennessee,Bradley County,108831,109766,110814,112132,113782,2024
050,47,013,Tennessee,Campbell County,39306,39457,39578,40225,40238,2024
050,47,015,Tennessee,Cannon County,14561,14537,14797,15051,15142,2024
050,47,017,Tennessee,Carroll County,28428,28291,28431,28950,29107,2024
050,47,019,Tennessee,Carter County,56386,56095,56531,57112,57434,2024
050,47,021,Tennessee,Cheatham County,41090,41460,41742,42247,42604,2024
050,47,023,Tennessee,Chester County,17385,17475,17599,17722,17876,2024
050,47,025,Tennessee,Claiborne County,32066,32055,32400,32738,33070,2024
050,47,027,Tennessee,Clay County,7594,7591,7635,7672,7857,2024
050,47,029,Tennessee,Cocke County,36043,36367,36786,37272,37596,2024
050,47,031,Tennessee,Coffee County,58145,58986,59663,60472,61285,2024
050,47,033,Tennessee,Crockett County,13905,13988,13862,13991,13973,2024
050,47,035,Tennessee,Cumberland County,61372,62391,63537,64848,65618,2024
050,47,037,Tennessee,Davidson County,716095,700966,711280,719092,729505,2024
050,47,039,Tennessee,Decatur County,11433,11408,11546,11709,11800,2024
050,47,041,Tennessee,DeKalb County,20191,20506,21013,21337,21747,2024
050,47,043,Tennessee,Dickson County,54453,55194,55793,56835,57641,2024
050,47,045,Tennessee,Dyer County,36709,36605,36392,36432,36403,2024
050,47,047,Tennessee,Fayette County,41865,42615,43296,44082,44476,2024
050,47,049,Tennessee,Fentress County,18534,18839,19336,19708,20129,2024
050,47,051,Tennessee,Franklin County,42812,43161,44156,44682,45137,2024
050,47,053,Tennessee,Gibson County,50447,50471,50855,51152,51422,2024
050,47,055,Tennessee,Giles County,30344,30411,30560,30815,30971,2024
050,47,057,Tennessee,Grainger County,23569,23801,24191,24697,25073,2024
050,47,059,Tennessee,Greene County,70348,70570,71279,72546,73398,2024
050,47,061,Tennessee,Grundy County,13548,13595,13813,13992,14148,2024
050,47,063,Tennessee,Hamblen County,64542,64361,65263,66466,67715,2024
050,47,065,Tennessee,Hamilton County,367891,369678,375861,381272,386256,2024
050,47,067,Tennessee,Hancock County,6626,6794,6838,6963,7038,2024
050,47,069,Tennessee,Hardeman County,25438,25266,25493,25523,25434,2024
050,47,071,Tennessee,Hardin County,26958,26980,27240,27449,27617,2024
050,47,073,Tennessee,Hawkins County,56721,57206,57915,58608,59371,2024
050,47,075,Tennessee,Haywood County,17825,17673,17470,17312,17097,2024
050,47,077,Tennessee,Henderson County,27831,27916,27907,28065,28183,2024
050,47,079,Tennessee,Henry County,32146,32248,32328,32454,32883,2024
050,47,081,Tennessee,Hickman County,24970,25082,25479,25788,25859,2024
050,47,083,Tennessee,Houston County,8305,8292,8230,8398,8538,2024
050,47,085,Tennessee,Humphreys County,18996,19179,19046,19293,19554,2024
050,47,087,Tennessee,Jackson County,11631,11771,12022,12344,12376,2024
050,47,089,Tennessee,Jefferson County,54917,55550,56739,57897,59217,2024
050,47,091,Tennessee,Johnson County,17994,18061,18044,18376,18506,2024
050,47,093,Tennessee,Knox County,480530,486005,495882,501576,506748,2024
050,47,095,Tennessee,Lake County,6985,6588,6493,6407,6422,2024
050,47,097,Tennessee,Lauderdale County,25125,24888,24725,24554,24630,2024
050,47,099,Tennessee,Lawrence County,44179,44768,45476,46033,46467,2024
050,47,101,Tennessee,Lewis County,12607,12856,12934,13146,13418,2024
050,47,103,Tennessee,Lincoln County,35338,35444,36006,36193,36751,2024
050,47,105,Tennessee,Loudon County,55136,56800,58255,60581,62129,2024
050,47,107,Tennessee,McMinn County,53344,53922,54680,55720,56754,2024
050,47,109,Tennessee,McNairy County,25858,25853,25971,26065,26103,2024
050,47,111,Tennessee,Macon County,25269,25678,26225,26837,27189,2024
050,47,113,Tennessee,Madison County,98834,98580,99264,99390,100409,2024
050,47,115,Tennessee,Marion County,28905,28960,29101,29458,29826,2024
050,47,117,Tennessee,Marshall County,34472,35057,35862,37008,37847,2024
050,47,119,Tennessee,Maury County,101836,104965,108007,110734,113411,2024
050,47,121,Tennessee,Meigs County,12809,13022,13265,13682,13937,2024
050,47,123,Tennessee,Monroe County,46399,46651,47694,48578,49154,2024
050,47,125,Tennessee,Montgomery County,221309,227780,235252,240398,246025,2024
050,47,127,Tennessee,Moore County,6466,6644,6715,6774,6773,2024
050,47,129,Tennessee,Morgan County,21050,21120,21176,21503,21954,2024
050,47,131,Tennessee,Obion County,30775,30461,30365,30403,30261,2024
050,47,133,Tennessee,Overton County,22587,22836,22992,23358,23551,2024
050,47,135,Tennessee,Perry County,8386,8499,8702,8911,8987,2024
050,47,137,Tennessee,Pickett County,4999,5071,5102,5114,5108,2024
050,47,139,Tennessee,Polk County,17567,17722,17799,18066,18338,2024
050,47,141,Tennessee,Putnam County,80078,81262,82603,83952,84894,2024
050,47,143,Tennessee,Rhea County,33287,33539,34056,34319,34759,2024
050,47,145,Tennessee,Roane County,53664,54156,55256,56223,56742,2024
050,47,147,Tennessee,Robertson County,72962,74054,75402,76820,78459,2024
050,47,149,Tennessee,Rutherford County,343302,351241,362044,369649,376996,2024
050,47,151,Tennessee,Scott County,21876,21895,22033,22245,22517,2024
050,47,153,Tennessee,Sequatchie County,15847,16448,16943,17189,17620,2024
050,47,155,Tennessee,Sevier County,98865,99667,99318,100224,100184,2024
050,47,157,Tennessee,Shelby County,929788,923255,918382,913909,910530,2024
050,47,159,Tennessee,Smith County,19966,20166,20485,20545,20783,2024
050,47,161,Tennessee,Stewart County,13709,13813,14001,14246,14365,2024
050,47,163,Tennessee,Sullivan County,158244,159228,160891,162054,162703,2024
050,47,165,Tennessee,Sumner County,197420,200536,204018,208423,211721,2024
050,47,167,Tennessee,Tipton County,61047,61071,61577,61885,62187,2024
050,47,169,Tennessee,Trousdale County,11634,11607,12085,12301,12159,2024
050,47,171,Tennessee,Unicoi County,17873,17617,17606,17812,17872,2024
050,47,173,Tennessee,Union County,19845,20018,20483,20747,21064,2024
050,47,175,Tennessee,Van Buren County,6175,6295,6455,6576,6686,2024
050,47,177,Tennessee,Warren County,41059,41482,42014,42655,43619,2024
050,47,179,Tennessee,Washington County,133225,133473,136339,138628,139642,2024
050,47,181,Tennessee,Wayne County,16225,16334,16259,16047,15974,2024
050,47,183,Tennessee,Weakley County,32897,32880,33032,33110,33162,2024
050,47,185,Tennessee,White County,27446,27544,28004,28697,29108,2024
050,47,187,Tennessee,Williamson County,249616,256155,261536,265312,269136,2024
050,47,189,Tennessee,Wilson County,148651,152044,159029,164352,169948,2024
040,48,000,Texas,Texas,29239570,29570351,30113488,30727890,31290831,2024
050,48,001,Texas,Anderson County,57937,58317,57296,59134,59512,2024
050,48,003,Texas,Andrews County,18616,18417,18372,18722,18923,2024
050,48,005,Texas,Angelina County,86502,86852,87229,87698,88094,2024
050,48,007,Texas,Aransas County,23939,24522,24973,25351,25595,2024
050,48,009,Texas,Archer County,8555,8703,8858,9066,9155,2024
050,48,011,Texas,Armstrong County,1851,1839,1857,1830,1809,2024
050,48,013,Texas,Atascosa County,49290,49991,50935,52039,52783,2024
050,48,015,Texas,Austin County,30135,30441,31067,31661,32546,2024
050,48,017,Texas,Bailey County,6867,6805,6853,6853,7031,2024
050,48,019,Texas,Bandera County,20994,21525,22127,22629,22830,2024
050,48,021,Texas,Bastrop County,98072,102294,106484,111131,114931,2024
050,48,023,Texas,Baylor County,3462,3456,3476,3499,3533,2024
050,48,025,Texas,Bee County,31042,30842,30995,31308,31226,2024
050,48,027,Texas,Bell County,372404,380611,387828,394065,399578,2024
050,48,029,Texas,Bexar County,2015620,2031319,2063840,2098189,2127737,2024
050,48,031,Texas,Blanco County,11452,11887,12439,13093,13358,2024
050,48,033,Texas,Borden County,642,618,581,570,557,2024
050,48,035,Texas,Bosque County,18249,18492,18701,18982,19013,2024
050,48,037,Texas,Bowie County,92913,92290,91689,91692,91992,2024
050,48,039,Texas,Brazoria County,373509,379174,388946,401422,413224,2024
050,48,041,Texas,Brazos County,234515,237637,242515,247263,249624,2024
050,48,043,Texas,Brewster County,9564,9481,9381,9579,9508,2024
050,48,045,Texas,Briscoe County,1422,1403,1441,1451,1494,2024
050,48,047,Texas,Brooks County,7096,7023,6960,6895,6740,2024
050,48,049,Texas,Brown County,38059,38155,38411,38477,38631,2024
050,48,051,Texas,Burleson County,17682,18109,18739,19575,20179,2024
050,48,053,Texas,Burnet County,49479,51145,52578,54336,55722,2024
050,48,055,Texas,Caldwell County,45948,46939,47920,50107,52430,2024
050,48,057,Texas,Calhoun County,20064,19801,19735,19798,19942,2024
050,48,059,Texas,Callahan County,13753,14106,14275,14455,14615,2024
050,48,061,Texas,Cameron County,421592,422805,425819,428508,431874,2024
050,48,063,Texas,Camp County,12430,12607,12750,13041,13164,2024
050,48,065,Texas,Carson County,5794,5716,5809,5865,5822,2024
050,48,067,Texas,Cass County,28443,28579,28530,28668,28622,2024
050,48,069,Texas,Castro County,7333,7369,7307,7330,7380,2024
050,48,071,Texas,Chambers County,47003,48714,51403,54193,56179,2024
050,48,073,Texas,Cherokee County,50612,51278,51666,52651,53223,2024
050,48,075,Texas,Childress County,6658,6786,6834,6757,6679,2024
050,48,077,Texas,Clay County,10255,10310,10484,10694,10730,2024
050,48,079,Texas,Cochran County,2564,2483,2551,2571,2583,2024
050,48,081,Texas,Coke County,3320,3324,3347,3378,3396,2024
050,48,083,Texas,Coleman County,7683,7718,7863,7909,7990,2024
050,48,085,Texas,Collin County,1075651,1114687,1163724,1207964,1254658,2024
050,48,087,Texas,Collingsworth County,2643,2609,2584,2561,2611,2024
050,48,089,Texas,Colorado County,20646,20732,20926,21250,21475,2024
050,48,091,Texas,Comal County,163637,174971,184799,194097,201628,2024
050,48,093,Texas,Comanche County,13629,13800,13903,14058,14359,2024
050,48,095,Texas,Concho County,3316,3349,3371,3280,3326,2024
050,48,097,Texas,Cooke County,41749,42399,43047,43779,44258,2024
050,48,099,Texas,Coryell County,83126,84400,84224,85620,86370,2024
050,48,101,Texas,Cottle County,1364,1353,1317,1292,1263,2024
050,48,103,Texas,Crane County,4675,4636,4557,4587,4594,2024
050,48,105,Texas,Crockett County,3094,3015,2952,2842,2799,2024
050,48,107,Texas,Crosby County,5095,5082,5010,4990,5030,2024
050,48,109,Texas,Culberson County,2186,2183,2159,2195,2254,2024
050,48,111,Texas,Dallam County,7138,7185,7271,7372,7526,2024
050,48,113,Texas,Dallas County,2610741,2589162,2613712,2636254,2656028,2024
050,48,115,Texas,Dawson County,12472,12367,12171,11903,11758,2024
050,48,117,Texas,Deaf Smith County,18527,18383,18433,18460,18495,2024
050,48,119,Texas,Delta County,5223,5339,5417,5563,5647,2024
050,48,121,Texas,Denton County,914510,944086,980355,1013736,1045120,2024
050,48,123,Texas,DeWitt County,19844,19965,19783,20238,20252,2024
050,48,125,Texas,Dickens County,1760,1736,1734,1711,1725,2024
050,48,127,Texas,Dimmit County,8582,8481,8377,8279,8181,2024
050,48,129,Texas,Donley County,3280,3360,3275,3177,3193,2024
050,48,131,Texas,Duval County,9810,9999,9688,9626,9585,2024
050,48,133,Texas,Eastland County,17795,17860,17909,18199,18290,2024
050,48,135,Texas,Ector County,165511,160809,161480,165450,170022,2024
050,48,137,Texas,Edwards County,1420,1430,1423,1391,1383,2024
050,48,139,Texas,Ellis County,194328,203214,212548,223324,232387,2024
050,48,141,Texas,El Paso County,866684,867700,868890,874836,875784,2024
050,48,143,Texas,Erath County,42719,43387,43929,44439,44496,2024
050,48,145,Texas,Falls County,16962,17113,16958,17670,17752,2024
050,48,147,Texas,Fannin County,35977,36902,37237,37865,38650,2024
050,48,149,Texas,Fayette County,24512,24736,24987,25485,25488,2024
050,48,151,Texas,Fisher County,3677,3675,3639,3618,3665,2024
050,48,153,Texas,Floyd County,5374,5296,5250,5116,5042,2024
050,48,155,Texas,Foard County,1090,1058,1062,1084,1053,2024
050,48,157,Texas,Fort Bend County,829335,860626,893319,927120,958434,2024
050,48,159,Texas,Franklin County,10370,10500,10641,10737,10912,2024
050,48,161,Texas,Freestone County,19441,19795,20006,20358,20645,2024
050,48,163,Texas,Frio County,18414,17944,18220,18811,19520,2024
050,48,165,Texas,Gaines County,21704,21885,22157,22524,22892,2024
050,48,167,Texas,Galveston County,351606,355616,357735,362586,367407,2024
050,48,169,Texas,Garza County,5812,6265,4527,4590,4645,2024
050,48,171,Texas,Gillespie County,26766,27313,27572,27809,28159,2024
050,48,173,Texas,Glasscock County,1117,1138,1145,1151,1153,2024
050,48,175,Texas,Goliad County,7023,7134,7144,7183,7221,2024
050,48,177,Texas,Gonzales County,19681,19641,19865,20030,20040,2024
050,48,179,Texas,Gray County,21195,21128,20986,21030,20888,2024
050,48,181,Texas,Grayson County,136152,139652,143292,147056,150532,2024
050,48,183,Texas,Gregg County,124317,124205,125668,126531,126679,2024
050,48,185,Texas,Grimes County,29438,30148,31141,32527,33448,2024
050,48,187,Texas,Guadalupe County,173708,177328,182953,189056,195166,2024
050,48,189,Texas,Hale County,32467,32212,32007,32014,31953,2024
050,48,191,Texas,Hall County,2799,2845,2820,2810,2828,2024
050,48,193,Texas,Hamilton County,8247,8234,8314,8593,8644,2024
050,48,195,Texas,Hansford County,5252,5121,5117,5097,5006,2024
050,48,197,Texas,Hardeman County,3561,3549,3509,3470,3417,2024
050,48,199,Texas,Hardin County,56355,57141,57819,58227,58670,2024
050,48,201,Texas,Harris County,4735383,4736633,4806747,4903450,5009302,2024
050,48,203,Texas,Harrison County,68806,69550,70047,71004,71370,2024
050,48,205,Texas,Hartley County,5340,5383,5220,5137,4996,2024
050,48,207,Texas,Haskell County,5436,5379,5412,5442,5435,2024
050,48,209,Texas,Hays County,243988,256002,269476,281697,292029,2024
050,48,211,Texas,Hemphill County,3366,3325,3204,3143,3134,2024
050,48,213,Texas,Henderson County,82402,83655,84508,86277,87467,2024
050,48,215,Texas,Hidalgo County,872892,879929,889799,902443,914820,2024
050,48,217,Texas,Hill County,35964,36379,37320,38206,38771,2024
050,48,219,Texas,Hockley County,21497,21261,21227,21325,21505,2024
050,48,221,Texas,Hood County,62056,64292,66315,67681,69126,2024
050,48,223,Texas,Hopkins County,36827,37214,37834,38261,38784,2024
050,48,225,Texas,Houston County,22070,21971,21936,22082,22197,2024
050,48,227,Texas,Howard County,34807,34360,30745,30704,30833,2024
050,48,229,Texas,Hudspeth County,3193,3278,3454,3483,3608,2024
050,48,231,Texas,Hunt County,100250,103596,108532,113754,118729,2024
050,48,233,Texas,Hutchinson County,20577,20448,20176,19997,19721,2024
050,48,235,Texas,Irion County,1512,1536,1544,1563,1526,2024
050,48,237,Texas,Jack County,8487,8549,8755,9220,9398,2024
050,48,239,Texas,Jackson County,14997,15121,15162,15195,15284,2024
050,48,241,Texas,Jasper County,32923,32560,32518,32725,32907,2024
050,48,243,Texas,Jeff Davis County,1984,1961,1908,1850,1778,2024
050,48,245,Texas,Jefferson County,256172,253784,252095,253392,253948,2024
050,48,247,Texas,Jim Hogg County,4846,4786,4764,4657,4583,2024
050,48,249,Texas,Jim Wells County,38888,38909,38755,38811,38886,2024
050,48,251,Texas,Johnson County,180950,187517,195774,203196,210547,2024
050,48,253,Texas,Jones County,19680,19903,20316,20765,20850,2024
050,48,255,Texas,Karnes County,14811,14800,15039,15054,15137,2024
050,48,257,Texas,Kaufman County,147169,158355,172951,186715,197829,2024
050,48,259,Texas,Kendall County,44572,46893,49046,50494,51828,2024
050,48,261,Texas,Kenedy County,350,341,358,351,330,2024
050,48,263,Texas,Kent County,759,744,739,728,703,2024
050,48,265,Texas,Kerr County,52696,53185,53785,53878,53900,2024
050,48,267,Texas,Kimble County,4293,4348,4438,4465,4401,2024
050,48,269,Texas,King County,267,256,233,215,215,2024
050,48,271,Texas,Kinney County,3125,3120,3143,3204,3191,2024
050,48,273,Texas,Kleberg County,30986,30632,30454,30381,30442,2024
050,48,275,Texas,Knox County,3351,3325,3288,3318,3255,2024
050,48,277,Texas,Lamar County,50135,50357,50513,51093,51249,2024
050,48,279,Texas,Lamb County,13006,12905,12774,12768,12687,2024
050,48,281,Texas,Lampasas County,21703,22227,22789,23319,23539,2024
050,48,283,Texas,La Salle County,6652,6698,6561,6599,6679,2024
050,48,285,Texas,Lavaca County,20352,20538,20661,20604,20605,2024
050,48,287,Texas,Lee County,17506,17680,17966,18250,18451,2024
050,48,289,Texas,Leon County,15777,16056,16228,16556,16698,2024
050,48,291,Texas,Liberty County,92510,97515,102661,109172,115042,2024
050,48,293,Texas,Limestone County,22150,22069,22224,22405,22569,2024
050,48,295,Texas,Lipscomb County,3038,2901,2855,2915,2880,2024
050,48,297,Texas,Live Oak County,11348,11385,11571,11828,11967,2024
050,48,299,Texas,Llano County,21318,22091,22664,22883,23163,2024
050,48,301,Texas,Loving County,67,56,47,46,48,2024
050,48,303,Texas,Lubbock County,311590,314677,318324,322434,327394,2024
050,48,305,Texas,Lynn County,5606,5642,5751,5811,5952,2024
050,48,307,Texas,McCulloch County,7587,7524,7494,7516,7448,2024
050,48,309,Texas,McLennan County,261192,263751,266254,268778,270358,2024
050,48,311,Texas,McMullen County,597,593,571,579,565,2024
050,48,313,Texas,Madison County,13458,13514,13642,13750,13877,2024
050,48,315,Texas,Marion County,9869,9740,9677,9693,9704,2024
050,48,317,Texas,Martin County,5261,5224,5226,5200,5179,2024
050,48,319,Texas,Mason County,3968,3931,3975,3912,3987,2024
050,48,321,Texas,Matagorda County,36295,36353,36182,36422,36391,2024
050,48,323,Texas,Maverick County,57873,57690,57813,58203,58829,2024
050,48,325,Texas,Medina County,51063,52445,53756,54851,55619,2024
050,48,327,Texas,Menard County,1961,1968,1979,1958,1911,2024
050,48,329,Texas,Midland County,170725,168629,172705,178357,183587,2024
050,48,331,Texas,Milam County,24778,25215,25649,26033,26159,2024
050,48,333,Texas,Mills County,4450,4490,4504,4550,4563,2024
050,48,335,Texas,Mitchell County,9011,9047,8959,9104,8968,2024
050,48,337,Texas,Montague County,20043,20483,21134,21680,21890,2024
050,48,339,Texas,Montgomery County,625420,650960,680824,715345,749613,2024
050,48,341,Texas,Moore County,21269,21143,21156,21423,21872,2024
050,48,343,Texas,Morris County,11973,12007,12082,12133,12184,2024
050,48,345,Texas,Motley County,1064,1074,1033,1023,1015,2024
050,48,347,Texas,Nacogdoches County,64643,64809,64995,65636,65728,2024
050,48,349,Texas,Navarro County,52861,53667,54775,55719,56533,2024
050,48,351,Texas,Newton County,12159,12222,12076,12101,11908,2024
050,48,353,Texas,Nolan County,14729,14618,14460,14281,14182,2024
050,48,355,Texas,Nueces County,353600,353552,351852,352645,353125,2024
050,48,357,Texas,Ochiltree County,9953,9767,9718,9774,9717,2024
050,48,359,Texas,Oldham County,1763,1736,1764,1787,1823,2024
050,48,361,Texas,Orange County,84760,84677,85125,85857,86115,2024
050,48,363,Texas,Palo Pinto County,28450,28739,29292,29762,30231,2024
050,48,365,Texas,Panola County,22500,22560,22730,22816,23022,2024
050,48,367,Texas,Parker County,149560,157107,165899,173565,179707,2024
050,48,369,Texas,Parmer County,9854,9785,9657,9691,9669,2024
050,48,371,Texas,Pecos County,15184,15121,14742,14720,14712,2024
050,48,373,Texas,Polk County,50497,51878,53223,54146,54258,2024
050,48,375,Texas,Potter County,118309,116509,115100,115309,114649,2024
050,48,377,Texas,Presidio County,6107,6113,5970,5776,5686,2024
050,48,379,Texas,Rains County,12179,12471,12858,13059,13306,2024
050,48,381,Texas,Randall County,141334,144058,146221,148190,150547,2024
050,48,383,Texas,Reagan County,3423,3261,3161,3178,3139,2024
050,48,385,Texas,Real County,2750,2817,2819,2854,2772,2024
050,48,387,Texas,Red River County,11556,11560,11594,11651,11696,2024
050,48,389,Texas,Reeves County,14768,12991,11750,11856,11956,2024
050,48,391,Texas,Refugio County,6740,6698,6649,6711,6739,2024
050,48,393,Texas,Roberts County,823,802,804,819,837,2024
050,48,395,Texas,Robertson County,16768,16951,17135,17322,17659,2024
050,48,397,Texas,Rockwall County,109202,116666,123538,131636,137044,2024
050,48,399,Texas,Runnels County,9921,9893,9896,9909,9751,2024
050,48,401,Texas,Rusk County,52254,52697,52597,53271,53391,2024
050,48,403,Texas,Sabine County,9891,10013,10035,10118,10058,2024
050,48,405,Texas,San Augustine County,7925,7911,7886,7882,7767,2024
050,48,407,Texas,San Jacinto County,27538,27818,28399,29126,29326,2024
050,48,409,Texas,San Patricio County,68848,69776,70044,70770,71467,2024
050,48,411,Texas,San Saba County,5728,5830,5873,5543,5508,2024
050,48,413,Texas,Schleicher County,2443,2442,2351,2369,2302,2024
050,48,415,Texas,Scurry County,16922,16817,16258,16230,16211,2024
050,48,417,Texas,Shackelford County,3109,3191,3201,3204,3169,2024
050,48,419,Texas,Shelby County,24048,24112,24163,24258,24192,2024
050,48,421,Texas,Sherman County,2791,2792,2781,2710,2771,2024
050,48,423,Texas,Smith County,234200,237206,242249,245955,249091,2024
050,48,425,Texas,Somervell County,9206,9477,9791,9881,10098,2024
050,48,427,Texas,Starr County,65871,65869,65793,66215,66587,2024
050,48,429,Texas,Stephens County,9094,9434,9374,9380,9475,2024
050,48,431,Texas,Sterling County,1384,1384,1417,1377,1387,2024
050,48,433,Texas,Stonewall County,1245,1213,1218,1220,1235,2024
050,48,435,Texas,Sutton County,3357,3293,3239,3227,3269,2024
050,48,437,Texas,Swisher County,6948,7009,6952,6899,6877,2024
050,48,439,Texas,Tarrant County,2116297,2130359,2161670,2197915,2230708,2024
050,48,441,Texas,Taylor County,143493,143909,145481,147618,148813,2024
050,48,443,Texas,Terrell County,750,721,693,702,718,2024
050,48,445,Texas,Terry County,11790,11709,11462,11583,11602,2024
050,48,447,Texas,Throckmorton County,1451,1505,1543,1531,1532,2024
050,48,449,Texas,Titus County,31294,31280,31273,31423,31547,2024
050,48,451,Texas,Tom Green County,120201,119242,119006,119334,120103,2024
050,48,453,Texas,Travis County,1296610,1309113,1332544,1348043,1363767,2024
050,48,455,Texas,Trinity County,13638,13837,13996,14269,14489,2024
050,48,457,Texas,Tyler County,19829,19921,20447,20435,20560,2024
050,48,459,Texas,Upshur County,41040,41828,42492,43425,44050,2024
050,48,461,Texas,Upton County,3303,3238,3157,3131,3128,2024
050,48,463,Texas,Uvalde County,24564,24797,24895,25012,25138,2024
050,48,465,Texas,Val Verde County,47605,47560,47678,47863,47999,2024
050,48,467,Texas,Van Zandt County,59748,61246,62872,64077,65304,2024
050,48,469,Texas,Victoria County,91315,90917,91128,91756,91949,2024
050,48,471,Texas,Walker County,76563,78374,79821,82566,83722,2024
050,48,473,Texas,Waller County,57289,59459,61967,63936,65109,2024
050,48,475,Texas,Ward County,11677,11084,10946,10974,11038,2024
050,48,477,Texas,Washington County,35802,35955,36382,37286,37810,2024
050,48,479,Texas,Webb County,267368,267465,268276,270538,272823,2024
050,48,481,Texas,Wharton County,41586,41681,41811,41855,42035,2024
050,48,483,Texas,Wheeler County,4976,4885,4801,4825,4824,2024
050,48,485,Texas,Wichita County,129624,130105,130166,130102,129984,2024
050,48,487,Texas,Wilbarger County,12845,12707,12544,12529,12455,2024
050,48,489,Texas,Willacy County,20141,20292,20231,20003,20027,2024
050,48,491,Texas,Williamson County,615631,644740,673951,701640,727480,2024
050,48,493,Texas,Wilson County,50051,51311,52772,54354,55415,2024
050,48,495,Texas,Winkler County,7754,7383,7305,7447,7381,2024
050,48,497,Texas,Wise County,68936,71862,74900,78051,81275,2024
050,48,499,Texas,Wood County,45038,46075,46967,47981,48742,2024
050,48,501,Texas,Yoakum County,7673,7562,7523,7517,7581,2024
050,48,503,Texas,Young County,17844,17938,17998,18131,18236,2024
050,48,505,Texas,Zapata County,13875,13887,13841,13782,13819,2024
050,48,507,Texas,Zavala County,9660,9472,9382,9339,9209,2024
040,49,000,Utah,Utah,3284077,3339738,3391011,3443222,3503613,2024
050,49,001,Utah,Beaver County,7088,7216,7348,7291,7424,2024
050,49,003,Utah,Box Elder County,57948,59694,61590,62878,64120,2024
050,49,005,Utah,Cache County,133629,137470,140450,143193,145487,2024
050,49,007,Utah,Carbon County,20480,20355,20530,20607,20613,2024
050,49,009,Utah,Daggett County,952,982,1011,983,956,2024
050,49,011,Utah,Davis County,363768,367529,370424,374430,378470,2024
050,49,013,Utah,Duchesne County,19625,19800,20158,20541,20803,2024
050,49,015,Utah,Emery County,9848,9967,10104,10149,10161,2024
050,49,017,Utah,Garfield County,5098,5122,5264,5320,5290,2024
050,49,019,Utah,Grand County,9683,9680,9809,9810,9788,2024
050,49,021,Utah,Iron County,57711,60520,62607,64485,65936,2024
050,49,023,Utah,Juab County,11826,12214,12575,13016,13297,2024
050,49,025,Utah,Kane County,7688,7981,8208,8446,8525,2024
050,49,027,Utah,Millard County,13055,13189,13328,13432,13572,2024
050,49,029,Utah,Morgan County,12386,12668,12860,13004,13093,2024
050,49,031,Utah,Piute County,1438,1491,1493,1546,1534,2024
050,49,033,Utah,Rich County,2504,2599,2634,2665,2752,2024
050,49,035,Utah,Salt Lake County,1187028,1186513,1192255,1200544,1216274,2024
050,49,037,Utah,San Juan County,14518,14494,14411,14390,14601,2024
050,49,039,Utah,Sanpete County,28524,29128,29762,30450,30732,2024
050,49,041,Utah,Sevier County,21564,21909,22065,22367,22520,2024
050,49,043,Utah,Summit County,42485,43182,43134,42939,43109,2024
050,49,045,Utah,Tooele County,73351,76777,79981,82137,84488,2024
050,49,047,Utah,Uintah County,35675,36235,37162,37903,38307,2024
050,49,049,Utah,Utah County,663606,686038,704764,725359,747234,2024
050,49,051,Utah,Wasatch County,35063,36257,36731,37303,37858,2024
050,49,053,Utah,Washington County,182029,191552,197898,202735,207943,2024
050,49,055,Utah,Wayne County,2506,2563,2632,2613,2608,2024
050,49,057,Utah,Weber County,263001,266613,269823,272686,276118,2024
040,50,000,Vermont,Vermont,642977,647210,648142,648708,648493,2024
050,50,001,Vermont,Addison County,37354,37414,37619,37886,38047,2024
050,50,003,Vermont,Bennington County,37312,37443,37367,37185,37039,2024
050,50,005,Vermont,Caledonia County,30179,30462,30578,30623,30535,2024
050,50,007,Vermont,Chittenden County,168419,169377,170050,170092,170851,2024
050,50,009,Vermont,Essex County,5920,5970,5988,5993,6037,2024
050,50,011,Vermont,Franklin County,50049,50441,50732,50902,51066,2024
050,50,013,Vermont,Grand Isle County,7275,7428,7508,7509,7528,2024
050,50,015,Vermont,Lamoille County,25925,26156,26177,26233,26248,2024
050,50,017,Vermont,Orange County,29295,29636,29892,29930,30050,2024
050,50,019,Vermont,Orleans County,27401,27590,27618,27697,27726,2024
050,50,021,Vermont,Rutland County,60464,60713,60381,60369,60198,2024
050,50,023,Vermont,Washington County,59770,60050,60165,60258,59844,2024
050,50,025,Vermont,Windham County,45878,46174,45951,45985,45627,2024
050,50,027,Vermont,Windsor County,57736,58356,58116,58046,57697,2024
040,51,000,Virginia,Virginia,8637615,8658910,8683414,8734685,8811195,2024
050,51,001,Virginia,Accomack County,33397,33422,33157,33288,33411,2024
050,51,003,Virginia,Albemarle County,112560,113939,114925,115857,117313,2024
050,51,005,Virginia,Alleghany County,15194,15007,14764,14698,14632,2024
050,51,007,Virginia,Amelia County,13267,13311,13419,13596,13716,2024
050,51,009,Virginia,Amherst County,31313,31391,31512,31559,31650,2024
050,51,011,Virginia,Appomattox County,16158,16405,16696,16835,16957,2024
050,51,013,Virginia,Arlington County,238829,233478,233976,235181,239807,2024
050,51,015,Virginia,Augusta County,77589,77787,77919,78250,78622,2024
050,51,017,Virginia,Bath County,4188,4094,4077,4070,4071,2024
050,51,019,Virginia,Bedford County,79581,80281,80798,81628,82182,2024
050,51,021,Virginia,Bland County,6256,6179,6151,6221,6186,2024
050,51,023,Virginia,Botetourt County,33641,34002,34092,34154,34129,2024
050,51,025,Virginia,Brunswick County,15827,15969,15856,15801,15750,2024
050,51,027,Virginia,Buchanan County,20250,19886,19329,18978,18632,2024
050,51,029,Virginia,Buckingham County,16830,16957,16983,16988,17115,2024
050,51,031,Virginia,Campbell County,55610,55323,55035,55248,55342,2024
050,51,033,Virginia,Caroline County,30929,31418,31959,32705,33477,2024
050,51,035,Virginia,Carroll County,29145,29100,29096,29202,29242,2024
050,51,036,Virginia,Charles City County,6746,6611,6580,6635,6564,2024
050,51,037,Virginia,Charlotte County,11539,11500,11427,11387,11258,2024
050,51,041,Virginia,Chesterfield County,365350,371022,378488,384693,389793,2024
050,51,043,Virginia,Clarke County,14817,14947,15312,15405,15598,2024
050,51,045,Virginia,Craig County,4880,4891,4859,4827,4829,2024
050,51,047,Virginia,Culpeper County,52766,53779,54250,55065,56125,2024
050,51,049,Virginia,Cumberland County,9679,9719,9755,9875,10062,2024
050,51,051,Virginia,Dickenson County,14077,13867,13714,13594,13411,2024
050,51,053,Virginia,Dinwiddie County,27889,28000,28112,28377,28576,2024
050,51,057,Virginia,Essex County,10597,10572,10644,10618,10683,2024
050,51,059,Virginia,Fairfax County,1148680,1142381,1140521,1146677,1160925,2024
050,51,061,Virginia,Fauquier County,73010,74068,74686,75256,75865,2024
050,51,063,Virginia,Floyd County,15473,15514,15625,15693,15658,2024
050,51,065,Virginia,Fluvanna County,27294,27804,28134,28480,28746,2024
050,51,067,Virginia,Franklin County,54475,55020,55047,55471,55637,2024
050,51,069,Virginia,Frederick County,91907,94009,94839,96178,98109,2024
050,51,071,Virginia,Giles County,16786,16574,16430,16461,16533,2024
050,51,073,Virginia,Gloucester County,38724,39184,39546,40024,40154,2024
050,51,075,Virginia,Goochland County,24873,25556,26184,27216,28223,2024
050,51,077,Virginia,Grayson County,15279,15347,15310,15235,15265,2024
050,51,079,Virginia,Greene County,20608,21007,21026,21391,21744,2024
050,51,081,Virginia,Greensville County,11396,11424,11232,11174,11150,2024
050,51,083,Virginia,Halifax County,33928,33784,33599,33434,33448,2024
050,51,085,Virginia,Hanover County,110207,111799,112889,114193,115309,2024
050,51,087,Virginia,Henrico County,334939,334501,334855,335729,338696,2024
050,51,089,Virginia,Henry County,50848,50268,49765,49636,49385,2024
050,51,091,Virginia,Highland County,2240,2240,2303,2351,2348,2024
050,51,093,Virginia,Isle of Wight County,38710,39401,40149,40667,40942,2024
050,51,095,Virginia,James City County,78487,80009,81426,82346,82797,2024
050,51,097,Virginia,King and Queen County,6589,6672,6721,6746,6747,2024
050,51,099,Virginia,King George County,26827,27548,27867,28422,28816,2024
050,51,101,Virginia,King William County,17922,18249,18528,19035,19232,2024
050,51,103,Virginia,Lancaster County,10905,10943,10838,10927,11062,2024
050,51,105,Virginia,Lee County,22107,22009,21842,21761,21780,2024
050,51,107,Virginia,Loudoun County,422723,428827,432897,437164,443380,2024
050,51,109,Virginia,Louisa County,37784,39011,39986,41008,42109,2024
050,51,111,Virginia,Lunenburg County,11950,12007,12020,12042,12060,2024
050,51,113,Virginia,Madison County,13861,13959,14013,14135,14252,2024
050,51,115,Virginia,Mathews County,8519,8545,8467,8568,8602,2024
050,51,117,Virginia,Mecklenburg County,30283,30338,30511,30622,30824,2024
050,51,119,Virginia,Middlesex County,10611,10778,10958,10938,10949,2024
050,51,121,Virginia,Montgomery County,99584,98808,98980,99134,98998,2024
050,51,125,Virginia,Nelson County,14739,14839,14692,14625,14766,2024
050,51,127,Virginia,New Kent County,23126,23970,25000,26211,27218,2024
050,51,131,Virginia,Northampton County,12215,12070,11974,12026,12004,2024
050,51,133,Virginia,Northumberland County,11837,12053,12263,12388,12397,2024
050,51,135,Virginia,Nottoway County,15645,15576,15561,15570,15632,2024
050,51,137,Virginia,Orange County,36396,37224,38019,38487,38986,2024
050,51,139,Virginia,Page County,23689,23829,23747,23682,23686,2024
050,51,141,Virginia,Patrick County,17591,17654,17569,17440,17308,2024
050,51,143,Virginia,Pittsylvania County,60380,60062,59845,59581,59410,2024
050,51,145,Virginia,Powhatan County,30451,31238,31582,32113,32392,2024
050,51,147,Virginia,Prince Edward County,21893,21955,21856,21998,22276,2024
050,51,149,Virginia,Prince George County,43086,42942,43067,43048,43589,2024
050,51,153,Virginia,Prince William County,482863,485433,487523,491578,497003,2024
050,51,155,Virginia,Pulaski County,33800,33809,33639,33607,33579,2024
050,51,157,Virginia,Rappahannock County,7323,7435,7445,7455,7479,2024
050,51,159,Virginia,Richmond County,8918,9079,9099,9162,9215,2024
050,51,161,Virginia,Roanoke County,96952,96711,96856,97263,97334,2024
050,51,163,Virginia,Rockbridge County,22657,22651,22585,22394,22368,2024
050,51,165,Virginia,Rockingham County,83779,84528,85390,86630,87674,2024
050,51,167,Virginia,Russell County,25756,25574,25440,25502,25420,2024
050,51,169,Virginia,Scott County,21586,21479,21497,21444,21388,2024
050,51,171,Virginia,Shenandoah County,44256,44837,44905,45185,45441,2024
050,51,173,Virginia,Smyth County,29780,29605,29393,29187,29137,2024
050,51,175,Virginia,Southampton County,17951,18028,17897,18000,17941,2024
050,51,177,Virginia,Spotsylvania County,140611,144027,146744,149614,152021,2024
050,51,179,Virginia,Stafford County,157767,161588,163233,165821,168919,2024
050,51,181,Virginia,Surry County,6551,6535,6506,6575,6579,2024
050,51,183,Virginia,Sussex County,10798,10828,10652,10794,10753,2024
050,51,185,Virginia,Tazewell County,40411,39960,39650,39222,38875,2024
050,51,187,Virginia,Warren County,40797,40977,41436,41982,42461,2024
050,51,191,Virginia,Washington County,53903,53753,53846,54028,54098,2024
050,51,193,Virginia,Westmoreland County,18505,18768,18704,18918,19235,2024
050,51,195,Virginia,Wise County,36066,35688,35324,35191,34973,2024
050,51,197,Virginia,Wythe County,28322,28205,28143,28171,28100,2024
050,51,199,Virginia,York County,70238,71123,71209,71046,71410,2024
050,51,510,Virginia,Alexandria city,159144,155129,155235,156271,159102,2024
050,51,520,Virginia,Bristol city,17303,17074,16884,16668,16316,2024
050,51,530,Virginia,Buena Vista city,6621,6624,6567,6574,6581,2024
050,51,540,Virginia,Charlottesville city,46434,45713,45223,45047,44767,2024
050,51,550,Virginia,Chesapeake city,249726,251732,252493,253967,254997,2024
050,51,570,Virginia,Colonial Heights city,18166,18207,18265,18446,18674,2024
050,51,580,Virginia,Covington city,5745,5715,5668,5611,5663,2024
050,51,590,Virginia,Danville city,42578,42292,42099,42108,41993,2024
050,51,595,Virginia,Emporia city,5694,5628,5524,5479,5402,2024
050,51,600,Virginia,Fairfax city,24179,24361,24825,25426,26340,2024
050,51,610,Virginia,Falls Church city,14677,14515,14518,14805,15034,2024
050,51,620,Virginia,Franklin city,8148,8156,8259,8316,8373,2024
050,51,630,Virginia,Fredericksburg city,27995,28445,28709,29226,29992,2024
050,51,640,Virginia,Galax city,6717,6657,6724,6799,6739,2024
050,51,650,Virginia,Hampton city,137282,137780,137970,137157,137596,2024
050,51,660,Virginia,Harrisonburg city,51705,51504,51207,51378,51164,2024
050,51,670,Virginia,Hopewell city,23012,23081,22848,22883,22970,2024
050,51,678,Virginia,Lexington city,7315,7443,7508,7556,7802,2024
050,51,680,Virginia,Lynchburg city,78993,79137,79279,79775,80301,2024
050,51,683,Virginia,Manassas city,42695,42770,42710,43087,43616,2024
050,51,685,Virginia,Manassas Park city,17164,17094,16675,16448,16611,2024
050,51,690,Virginia,Martinsville city,13476,13539,13686,13753,13834,2024
050,51,700,Virginia,Newport News city,186052,184717,184004,183249,183056,2024
050,51,710,Virginia,Norfolk city,237813,234920,232766,231378,231105,2024
050,51,720,Virginia,Norton city,3681,3631,3594,3501,3478,2024
050,51,730,Virginia,Petersburg city,33398,33422,33481,33328,34058,2024
050,51,735,Virginia,Poquoson city,12473,12629,12624,12613,12854,2024
050,51,740,Virginia,Portsmouth city,97997,97700,96989,96782,96482,2024
050,51,750,Virginia,Radford city,16115,16525,16723,16994,17273,2024
050,51,760,Virginia,Richmond city,226923,227164,228670,230383,233655,2024
050,51,770,Virginia,Roanoke city,99898,98717,97743,97503,97912,2024
050,51,775,Virginia,Salem city,25396,25417,25698,25669,25908,2024
050,51,790,Virginia,Staunton city,25809,25690,25942,25936,26361,2024
050,51,800,Virginia,Suffolk city,94794,96400,98630,101050,103105,2024
050,51,810,Virginia,Virginia Beach city,459673,458599,454886,453779,454808,2024
050,51,820,Virginia,Waynesboro city,22277,22606,22742,23083,23498,2024
050,51,830,Virginia,Williamsburg city,15473,15615,15757,16116,16030,2024
050,51,840,Virginia,Winchester city,28003,28088,27919,27754,27800,2024
040,53,000,Washington,Washington,7727209,7743760,7794123,7857320,7958180,2024
050,53,001,Washington,Adams County,20609,20653,20843,20857,21039,2024
050,53,003,Washington,Asotin County,22328,22476,22497,22510,22523,2024
050,53,005,Washington,Benton County,207426,210627,212838,215445,218190,2024
050,53,007,Washington,Chelan County,79307,79854,80032,80439,81228,2024
050,53,009,Washington,Clallam County,77365,78476,77675,77589,77958,2024
050,53,011,Washington,Clark County,505363,512662,517036,522467,527269,2024
050,53,013,Washington,Columbia County,3953,4019,4018,4055,4025,2024
050,53,015,Washington,Cowlitz County,111021,111701,112058,113040,113982,2024
050,53,017,Washington,Douglas County,43032,43847,44147,45010,45795,2024
050,53,019,Washington,Ferry County,7197,7290,7435,7472,7543,2024
050,53,021,Washington,Franklin County,97152,98107,98461,99554,101238,2024
050,53,023,Washington,Garfield County,2297,2348,2355,2360,2404,2024
050,53,025,Washington,Grant County,99445,100437,101308,103088,104717,2024
050,53,027,Washington,Grays Harbor County,75863,76859,77080,77570,77893,2024
050,53,029,Washington,Island County,87007,87581,86744,86369,86478,2024
050,53,031,Washington,Jefferson County,33061,33558,33597,33725,33944,2024
050,53,033,Washington,King County,2274349,2253242,2271238,2296813,2340211,2024
050,53,035,Washington,Kitsap County,275832,276629,277876,277650,281420,2024
050,53,037,Washington,Kittitas County,46823,45653,47368,47845,48172,2024
050,53,039,Washington,Klickitat County,22820,23177,23248,23688,24124,2024
050,53,041,Washington,Lewis County,82562,84590,85307,86264,87049,2024
050,53,043,Washington,Lincoln County,10927,11285,11609,11760,11862,2024
050,53,045,Washington,Mason County,66033,67255,68238,68754,69632,2024
050,53,047,Washington,Okanogan County,42147,42785,43255,43998,44942,2024
050,53,049,Washington,Pacific County,23492,23995,24067,24173,24245,2024
050,53,051,Washington,Pend Oreille County,13506,13897,14153,14362,14332,2024
050,53,053,Washington,Pierce County,923655,927738,927313,931718,941170,2024
050,53,055,Washington,San Juan County,17826,18623,18666,18605,18668,2024
050,53,057,Washington,Skagit County,129901,131018,131229,131754,132736,2024
050,53,059,Washington,Skamania County,12045,12214,12454,12639,12660,2024
050,53,061,Washington,Snohomish County,829975,836235,841529,850297,864113,2024
050,53,063,Washington,Spokane County,541198,545540,549835,552758,555947,2024
050,53,065,Washington,Stevens County,46589,47620,48273,48838,49015,2024
050,53,067,Washington,Thurston County,296018,298241,298645,299519,302912,2024
050,53,069,Washington,Wahkiakum County,4448,4586,4691,4767,4800,2024
050,53,071,Washington,Walla Walla County,62629,62232,62085,61789,62068,2024
050,53,073,Washington,Whatcom County,227451,226725,230701,232686,234954,2024
050,53,075,Washington,Whitman County,47821,43242,47653,47900,48399,2024
050,53,077,Washington,Yakima County,256736,256743,256566,257193,258523,2024
040,54,000,West Virginia,West Virginia,1791646,1785618,1774122,1770495,1769979,2024
050,54,001,West Virginia,Barbour County,15462,15447,15397,15443,15369,2024
050,54,003,West Virginia,Berkeley County,122699,126194,129538,132851,136287,2024
050,54,005,West Virginia,Boone County,21746,21361,20925,20600,20496,2024
050,54,007,West Virginia,Braxton County,12396,12297,12158,12139,12051,2024
050,54,009,West Virginia,Brooke County,22484,22080,21739,21438,21285,2024
050,54,011,West Virginia,Cabell County,94245,93422,92501,92036,91489,2024
050,54,013,West Virginia,Calhoun County,6196,6172,6056,5945,5873,2024
050,54,015,West Virginia,Clay County,8013,7914,7819,7740,7689,2024
050,54,017,West Virginia,Doddridge County,7790,7745,7719,7685,7615,2024
050,54,019,West Virginia,Fayette County,40445,40059,39411,39079,38600,2024
050,54,021,West Virginia,Gilmer County,7399,7396,7309,7221,7116,2024
050,54,023,West Virginia,Grant County,10995,10998,10965,10985,10971,2024
050,54,025,West Virginia,Greenbrier County,32903,32705,32348,32123,31851,2024
050,54,027,West Virginia,Hampshire County,23085,23351,23464,23632,23793,2024
050,54,029,West Virginia,Hancock County,29043,28604,28265,28191,28054,2024
050,54,031,West Virginia,Hardy County,14241,14150,14196,14293,14335,2024
050,54,033,West Virginia,Harrison County,65842,65412,64683,64513,64472,2024
050,54,035,West Virginia,Jackson County,27726,27789,27624,27668,27718,2024
050,54,037,West Virginia,Jefferson County,57785,58550,58957,59744,61264,2024
050,54,039,West Virginia,Kanawha County,180208,178071,175899,174602,173906,2024
050,54,041,West Virginia,Lewis County,17020,16877,16719,16605,16477,2024
050,54,043,West Virginia,Lincoln County,20368,20197,19862,19699,19377,2024
050,54,045,West Virginia,Logan County,32516,31852,31251,30910,30560,2024
050,54,047,West Virginia,McDowell County,18939,18415,17790,17425,17147,2024
050,54,049,West Virginia,Marion County,56234,56056,55799,55805,55649,2024
050,54,051,West Virginia,Marshall County,30529,30204,29722,29517,29354,2024
050,54,053,West Virginia,Mason County,25413,25281,24938,24815,24770,2024
050,54,055,West Virginia,Mercer County,59519,59163,58599,58008,57524,2024
050,54,057,West Virginia,Mineral County,26901,26913,26872,26806,26778,2024
050,54,059,West Virginia,Mingo County,23487,23055,22427,22025,21712,2024
050,54,061,West Virginia,Monongalia County,105912,106537,106921,107749,108697,2024
050,54,063,West Virginia,Monroe County,12386,12394,12314,12376,12462,2024
050,54,065,West Virginia,Morgan County,17087,17304,17380,17580,17780,2024
050,54,067,West Virginia,Nicholas County,24562,24438,24266,24104,24017,2024
050,54,069,West Virginia,Ohio County,42307,41817,41473,41221,41090,2024
050,54,071,West Virginia,Pendleton County,6129,6093,6051,5998,5944,2024
050,54,073,West Virginia,Pleasants County,7653,7610,7564,7420,7358,2024
050,54,075,West Virginia,Pocahontas County,7864,7888,7776,7739,7653,2024
050,54,077,West Virginia,Preston County,34191,34309,34196,34050,34055,2024
050,54,079,West Virginia,Putnam County,57443,57365,57070,56942,57067,2024
050,54,081,West Virginia,Raleigh County,74407,73800,72863,72526,72379,2024
050,54,083,West Virginia,Randolph County,27892,27902,27539,27359,27190,2024
050,54,085,West Virginia,Ritchie County,8422,8413,8239,8187,8170,2024
050,54,087,West Virginia,Roane County,13984,13933,13794,13678,13540,2024
050,54,089,West Virginia,Summers County,11940,11869,11711,11581,11544,2024
050,54,091,West Virginia,Taylor County,16693,16534,16386,16385,16438,2024
050,54,093,West Virginia,Tucker County,6754,6700,6625,6618,6573,2024
050,54,095,West Virginia,Tyler County,8292,8208,8081,7894,7843,2024
050,54,097,West Virginia,Upshur County,23818,23812,23715,23566,23650,2024
050,54,099,West Virginia,Wayne County,38865,38563,38025,37779,37589,2024
050,54,101,West Virginia,Webster County,8352,8270,8125,8025,7947,2024
050,54,103,West Virginia,Wetzel County,14412,14211,14027,13972,13766,2024
050,54,105,West Virginia,Wirt County,5187,5067,5095,4994,4924,2024
050,54,107,West Virginia,Wood County,84146,83820,83364,82947,82757,2024
050,54,109,West Virginia,Wyoming County,21319,21031,20570,20262,19964,2024
040,55,000,Wisconsin,Wisconsin,5897375,5881608,5903975,5930405,5960975,2024
050,55,001,Wisconsin,Adams County,20682,20844,21211,21528,21352,2024
050,55,003,Wisconsin,Ashland County,16015,16044,16037,16103,16196,2024
050,55,005,Wisconsin,Barron County,46723,46701,46828,46922,46810,2024
050,55,007,Wisconsin,Bayfield County,16238,16327,16664,16809,16838,2024
050,55,009,Wisconsin,Brown County,268966,268948,270561,272074,273909,2024
050,55,011,Wisconsin,Buffalo County,13323,13340,13400,13440,13464,2024
050,55,013,Wisconsin,Burnett County,16578,16755,16973,17089,17187,2024
050,55,015,Wisconsin,Calumet County,52478,52581,52745,53303,53602,2024
050,55,017,Wisconsin,Chippewa County,66346,66601,66775,66949,67323,2024
050,55,019,Wisconsin,Clark County,34629,34732,34742,34792,34801,2024
050,55,021,Wisconsin,Columbia County,58520,58440,58337,57949,58113,2024
050,55,023,Wisconsin,Crawford County,16084,16097,16032,15991,16008,2024
050,55,025,Wisconsin,Dane County,562620,561788,570869,579739,588347,2024
050,55,027,Wisconsin,Dodge County,89344,88693,88539,88501,88635,2024
050,55,029,Wisconsin,Door County,30119,30430,30597,30566,30512,2024
050,55,031,Wisconsin,Douglas County,44348,44026,44238,44252,44276,2024
050,55,033,Wisconsin,Dunn County,45453,44543,45676,45827,46135,2024
050,55,035,Wisconsin,Eau Claire County,105877,105979,106835,108058,108830,2024
050,55,037,Wisconsin,Florence County,4563,4590,4708,4695,4673,2024
050,55,039,Wisconsin,Fond du Lac County,104156,104117,104010,104135,104269,2024
050,55,041,Wisconsin,Forest County,9168,9448,9344,9381,9506,2024
050,55,043,Wisconsin,Grant County,51979,51309,51337,51894,52330,2024
050,55,045,Wisconsin,Green County,37033,37069,36864,36934,37183,2024
050,55,047,Wisconsin,Green Lake County,19027,19262,19241,19417,19370,2024
050,55,049,Wisconsin,Iowa County,23718,23815,23959,23881,23963,2024
050,55,051,Wisconsin,Iron County,6140,6176,6221,6277,6235,2024
050,55,053,Wisconsin,Jackson County,21095,20913,20930,20938,21027,2024
050,55,055,Wisconsin,Jefferson County,86208,85781,85809,85971,86245,2024
050,55,057,Wisconsin,Juneau County,26780,26773,26743,26557,26590,2024
050,55,059,Wisconsin,Kenosha County,169202,168446,167920,167867,168754,2024
050,55,061,Wisconsin,Kewaunee County,20563,20593,20681,20733,20751,2024
050,55,063,Wisconsin,La Crosse County,120943,119362,120359,120717,121060,2024
050,55,065,Wisconsin,Lafayette County,16604,16817,16926,17059,17306,2024
050,55,067,Wisconsin,Langlade County,19466,19486,19528,19435,19535,2024
050,55,069,Wisconsin,Lincoln County,28429,28463,28345,28430,28461,2024
050,55,071,Wisconsin,Manitowoc County,81412,81526,81256,81325,81513,2024
050,55,073,Wisconsin,Marathon County,138114,137798,138175,138838,139091,2024
050,55,075,Wisconsin,Marinette County,41900,41875,42000,42113,42343,2024
050,55,077,Wisconsin,Marquette County,15580,15778,15776,15851,15743,2024
050,55,078,Wisconsin,Menominee County,4258,4295,4199,4221,4286,2024
050,55,079,Wisconsin,Milwaukee County,938609,924469,921977,921860,924740,2024
050,55,081,Wisconsin,Monroe County,46299,46157,46021,46193,46370,2024
050,55,083,Wisconsin,Oconto County,39077,39429,39660,39741,40037,2024
050,55,085,Wisconsin,Oneida County,37877,38329,38267,38189,38175,2024
050,55,087,Wisconsin,Outagamie County,190973,191380,192561,193828,195390,2024
050,55,089,Wisconsin,Ozaukee County,91627,92610,93115,93520,93956,2024
050,55,091,Wisconsin,Pepin County,7343,7376,7400,7482,7555,2024
050,55,093,Wisconsin,Pierce County,42229,41609,42597,43101,43380,2024
050,55,095,Wisconsin,Polk County,45029,45462,45608,45845,45831,2024
050,55,097,Wisconsin,Portage County,70412,69447,70799,71461,72040,2024
050,55,099,Wisconsin,Price County,14036,14061,14178,14098,14087,2024
050,55,101,Wisconsin,Racine County,198065,196829,196710,197407,198651,2024
050,55,103,Wisconsin,Richland County,17283,17205,17161,17251,17123,2024
050,55,105,Wisconsin,Rock County,163761,164128,163959,164443,165461,2024
050,55,107,Wisconsin,Rusk County,14181,14115,14180,14252,14168,2024
050,55,109,Wisconsin,St. Croix County,93893,95025,96138,97156,97954,2024
050,55,111,Wisconsin,Sauk County,65793,65705,65916,66143,66486,2024
050,55,113,Wisconsin,Sawyer County,18119,18230,18575,18619,18835,2024
050,55,115,Wisconsin,Shawano County,40869,40861,41017,41148,41299,2024
050,55,117,Wisconsin,Sheboygan County,118058,117710,117860,117995,118331,2024
050,55,119,Wisconsin,Taylor County,19938,19946,19946,20123,20167,2024
050,55,121,Wisconsin,Trempealeau County,30813,30722,30920,30939,30801,2024
050,55,123,Wisconsin,Vernon County,30710,30932,31110,31143,31351,2024
050,55,125,Wisconsin,Vilas County,23097,23516,23755,23914,23948,2024
050,55,127,Wisconsin,Walworth County,105310,105231,105705,106008,106029,2024
050,55,129,Wisconsin,Washburn County,16623,16755,16915,16996,16982,2024
050,55,131,Wisconsin,Washington County,136811,137361,137999,138496,138727,2024
050,55,133,Wisconsin,Waukesha County,407518,409191,411061,414013,417029,2024
050,55,135,Wisconsin,Waupaca County,51806,51897,51645,51324,51171,2024
050,55,137,Wisconsin,Waushara County,24550,24767,24932,25014,25079,2024
050,55,139,Wisconsin,Winnebago County,171796,170590,171049,172105,173307,2024
050,55,141,Wisconsin,Wood County,74189,74002,73849,74037,73943,2024
040,56,000,Wyoming,Wyoming,577681,579636,581978,585067,587618,2024
050,56,001,Wyoming,Albany County,37115,37859,38361,38624,39288,2024
050,56,003,Wyoming,Big Horn County,11479,11641,11876,12061,12084,2024
050,56,005,Wyoming,Campbell County,47146,46547,47049,47511,47946,2024
050,56,007,Wyoming,Carbon County,14508,14711,14527,14317,14250,2024
050,56,009,Wyoming,Converse County,13750,13670,13774,13850,13766,2024
050,56,011,Wyoming,Crook County,7179,7309,7417,7596,7775,2024
050,56,013,Wyoming,Fremont County,39190,39408,39545,39800,39721,2024
050,56,015,Wyoming,Goshen County,12517,12571,12638,12662,12635,2024
050,56,017,Wyoming,Hot Springs County,4620,4595,4609,4652,4625,2024
050,56,019,Wyoming,Johnson County,8469,8629,8735,8792,8803,2024
050,56,021,Wyoming,Laramie County,100733,100843,100860,101079,101783,2024
050,56,023,Wyoming,Lincoln County,19658,20174,20690,20909,21000,2024
050,56,025,Wyoming,Natrona County,80300,79642,79565,79968,80410,2024
050,56,027,Wyoming,Niobrara County,2453,2413,2346,2327,2301,2024
050,56,029,Wyoming,Park County,29666,30146,30530,30822,31082,2024
050,56,031,Wyoming,Platte County,8632,8679,8655,8581,8512,2024
050,56,033,Wyoming,Sheridan County,31005,31663,32049,32581,32978,2024
050,56,035,Wyoming,Sublette County,8740,8729,8767,8991,8965,2024
050,56,037,Wyoming,Sweetwater County,42196,41630,41322,41288,41273,2024
050,56,039,Wyoming,Teton County,23384,23613,23341,23368,23272,2024
050,56,041,Wyoming,Uinta County,20461,20690,20722,20724,20621,2024
050,56,043,Wyoming,Washakie County,7663,7727,7728,7736,7662,2024
050,56,045,Wyoming,Weston County,6817,6747,6872,6828,6866,2024
