series_id,date,value,realtime_start,realtime_end
UNRATE,2024-01-01,3.7,2026-09-04,2026-09-04
UNRATE,2024-02-01,3.9,2026-09-04,2026-09-04
UNRATE,2024-03-01,3.9,2026-09-04,2026-09-04
UNRATE,2024-04-01,3.9,2026-09-04,2026-09-04
UNRATE,2024-05-01,3.9,2026-09-04,2026-09-04
UNRATE,2024-06-01,4.1,2026-09-04,2026-09-04
UNRATE,2024-07-01,4.2,2026-09-04,2026-09-04
UNRATE,2024-08-01,4.2,2026-09-04,2026-09-04
UNRATE,2024-09-01,4.1,2026-09-04,2026-09-04
UNRATE,2024-10-01,4.1,2026-09-04,2026-09-04
UNRATE,2024-11-01,4.2,2026-09-04,2026-09-04
UNRATE,2024-12-01,4.1,2026-09-04,2026-09-04
UNRATE,2025-01-01,4.0,2026-09-04,2026-09-04
UNRATE,2025-02-01,4.2,2026-09-04,2026-09-04
UNRATE,2025-03-01,4.2,2026-09-04,2026-09-04
UNRATE,2025-04-01,4.2,2026-09-04,2026-09-04
UNRATE,2025-05-01,4.3,2026-09-04,2026-09-04
UNRATE,2025-06-01,4.1,2026-09-04,2026-09-04
UNRATE,2025-07-01,4.3,2026-09-04,2026-09-04
UNRATE,2025-08-01,4.3,2026-09-04,2026-09-04
UNRATE,2025-09-01,4.4,2026-09-04,2026-09-04
UNRATE,2025-10-01,.,2026-09-04,2026-09-04
UNRATE,2025-11-01,4.5,2026-09-04,2026-09-04
UNRATE,2025-12-01,4.4,2026-09-04,2026-09-04
UNRATE,2026-01-01,4.3,2026-09-04,2026-09-04
UNRATE,2026-02-01,4.4,2026-09-04,2026-09-04
UNRATE,2026-03-01,4.3,2026-09-04,2026-09-04
UNRATE,2026-04-01,4.3,2026-09-04,2026-09-04
UNRATE,2026-05-01,4.3,2026-09-04,2026-09-04
UNRATE,2026-06-01,4.2,2026-09-04,2026-09-04
UNRATE,2026-07-01,4.1,2026-09-04,2026-09-04
UNRATE,2026-08-01,4.1,2026-09-04,2026-09-04
FEDFUNDS,2024-01-01,5.33,2026-09-01,2026-09-01
FEDFUNDS,2024-02-01,5.33,2026-09-01,2026-09-01
FEDFUNDS,2024-03-01,5.33,2026-09-01,2026-09-01
FEDFUNDS,2024-04-01,5.33,2026-09-01,2026-09-01
FEDFUNDS,2024-05-01,5.33,2026-09-01,2026-09-01
FEDFUNDS,2024-06-01,5.33,2026-09-01,2026-09-01
FEDFUNDS,2024-07-01,5.33,2026-09-01,2026-09-01
FEDFUNDS,2024-08-01,5.33,2026-09-01,2026-09-01
FEDFUNDS,2024-09-01,5.13,2026-09-01,2026-09-01
FEDFUNDS,2024-10-01,4.83,2026-09-01,2026-09-01
FEDFUNDS,2024-11-01,4.64,2026-09-01,2026-09-01
FEDFUNDS,2024-12-01,4.48,2026-09-01,2026-09-01
FEDFUNDS,2025-01-01,4.33,2026-09-01,2026-09-01
FEDFUNDS,2025-02-01,4.33,2026-09-01,2026-09-01
FEDFUNDS,2025-03-01,4.33,2026-09-01,2026-09-01
FEDFUNDS,2025-04-01,4.33,2026-09-01,2026-09-01
FEDFUNDS,2025-05-01,4.33,2026-09-01,2026-09-01
FEDFUNDS,2025-06-01,4.33,2026-09-01,2026-09-01
FEDFUNDS,2025-07-01,4.33,2026-09-01,2026-09-01
FEDFUNDS,2025-08-01,4.33,2026-09-01,2026-09-01
FEDFUNDS,2025-09-01,4.22,2026-09-01,2026-09-01
FEDFUNDS,2025-10-01,4.09,2026-09-01,2026-09-01
FEDFUNDS,2025-11-01,3.88,2026-09-01,2026-09-01
FEDFUNDS,2025-12-01,3.72,2026-09-01,2026-09-01
FEDFUNDS,2026-01-01,3.64,2026-09-01,2026-09-01
FEDFUNDS,2026-02-01,3.64,2026-09-01,2026-09-01
FEDFUNDS,2026-03-01,3.64,2026-09-01,2026-09-01
FEDFUNDS,2026-04-01,3.64,2026-09-01,2026-09-01
FEDFUNDS,2026-05-01,3.63,2026-09-01,2026-09-01
FEDFUNDS,2026-06-01,3.63,2026-09-01,2026-09-01
FEDFUNDS,2026-07-01,3.63,2026-09-01,2026-09-01
FEDFUNDS,2026-08-01,3.63,2026-09-01,2026-09-01
DGS10,2024-01-01,.,2026-09-28,2026-09-28
DGS10,2024-01-02,3.95,2026-09-28,2026-09-28
DGS10,2024-01-03,3.91,2026-09-28,2026-09-28
DGS10,2024-01-04,3.99,2026-09-28,2026-09-28
DGS10,2024-01-05,4.05,2026-09-28,2026-09-28
DGS10,2024-01-08,4.01,2026-09-28,2026-09-28
DGS10,2024-01-09,4.02,2026-09-28,2026-09-28
DGS10,2024-01-10,4.04,2026-09-28,2026-09-28
DGS10,2024-01-11,3.98,2026-09-28,2026-09-28
DGS10,2024-01-12,3.96,2026-09-28,2026-09-28
DGS10,2024-01-15,.,2026-09-28,2026-09-28
DGS10,2024-01-16,4.07,2026-09-28,2026-09-28
DGS10,2024-01-17,4.10,2026-09-28,2026-09-28
DGS10,2024-01-18,4.14,2026-09-28,2026-09-28
DGS10,2024-01-19,4.15,2026-09-28,2026-09-28
DGS10,2024-01-22,4.11,2026-09-28,2026-09-28
DGS10,2024-01-23,4.14,2026-09-28,2026-09-28
DGS10,2024-01-24,4.18,2026-09-28,2026-09-28
DGS10,2024-01-25,4.14,2026-09-28,2026-09-28
DGS10,2024-01-26,4.15,2026-09-28,2026-09-28
DGS10,2024-01-29,4.08,2026-09-28,2026-09-28
DGS10,2024-01-30,4.06,2026-09-28,2026-09-28
DGS10,2024-01-31,3.99,2026-09-28,2026-09-28
DGS10,2024-02-01,3.87,2026-09-28,2026-09-28
DGS10,2024-02-02,4.03,2026-09-28,2026-09-28
DGS10,2024-02-05,4.17,2026-09-28,2026-09-28
DGS10,2024-02-06,4.09,2026-09-28,2026-09-28
DGS10,2024-02-07,4.09,2026-09-28,2026-09-28
DGS10,2024-02-08,4.15,2026-09-28,2026-09-28
DGS10,2024-02-09,4.17,2026-09-28,2026-09-28
DGS10,2024-02-12,4.17,2026-09-28,2026-09-28
DGS10,2024-02-13,4.31,2026-09-28,2026-09-28
DGS10,2024-02-14,4.27,2026-09-28,2026-09-28
DGS10,2024-02-15,4.24,2026-09-28,2026-09-28
DGS10,2024-02-16,4.3,2026-09-28,2026-09-28
DGS10,2024-02-19,.,2026-09-28,2026-09-28
DGS10,2024-02-20,4.27,2026-09-28,2026-09-28
DGS10,2024-02-21,4.32,2026-09-28,2026-09-28
DGS10,2024-02-22,4.33,2026-09-28,2026-09-28
DGS10,2024-02-23,4.26,2026-09-28,2026-09-28
DGS10,2024-02-26,4.28,2026-09-28,2026-09-28
DGS10,2024-02-27,4.31,2026-09-28,2026-09-28
DGS10,2024-02-28,4.27,2026-09-28,2026-09-28
DGS10,2024-02-29,4.25,2026-09-28,2026-09-28
DGS10,2024-03-01,4.19,2026-09-28,2026-09-28
DGS10,2024-03-04,4.22,2026-09-28,2026-09-28
DGS10,2024-03-05,4.13,2026-09-28,2026-09-28
DGS10,2024-03-06,4.11,2026-09-28,2026-09-28
DGS10,2024-03-07,4.09,2026-09-28,2026-09-28
DGS10,2024-03-08,4.09,2026-09-28,2026-09-28
DGS10,2024-03-11,4.1,2026-09-28,2026-09-28
DGS10,2024-03-12,4.16,2026-09-28,2026-09-28
DGS10,2024-03-13,4.19,2026-09-28,2026-09-28
DGS10,2024-03-14,4.29,2026-09-28,2026-09-28
DGS10,2024-03-15,4.31,2026-09-28,2026-09-28
DGS10,2024-03-18,4.34,2026-09-28,2026-09-28
DGS10,2024-03-19,4.3,2026-09-28,2026-09-28
DGS10,2024-03-20,4.27,2026-09-28,2026-09-28
DGS10,2024-03-21,4.27,2026-09-28,2026-09-28
DGS10,2024-03-22,4.22,2026-09-28,2026-09-28
DGS10,2024-03-25,4.25,2026-09-28,2026-09-28
DGS10,2024-03-26,4.24,2026-09-28,2026-09-28
DGS10,2024-03-27,4.2,2026-09-28,2026-09-28
DGS10,2024-03-28,4.2,2026-09-28,2026-09-28
DGS10,2024-03-29,.,2026-09-28,2026-09-28
DGS10,2024-04-01,4.33,2026-09-28,2026-09-28
DGS10,2024-04-02,4.36,2026-09-28,2026-09-28
DGS10,2024-04-03,4.36,2026-09-28,2026-09-28
DGS10,2024-04-04,4.31,2026-09-28,2026-09-28
DGS10,2024-04-05,4.39,2026-09-28,2026-09-28
DGS10,2024-04-08,4.42,2026-09-28,2026-09-28
DGS10,2024-04-09,4.36,2026-09-28,2026-09-28
DGS10,2024-04-10,4.55,2026-09-28,2026-09-28
DGS10,2024-04-11,4.56,2026-09-28,2026-09-28
DGS10,2024-04-12,4.5,2026-09-28,2026-09-28
DGS10,2024-04-15,4.63,2026-09-28,2026-09-28
DGS10,2024-04-16,4.67,2026-09-28,2026-09-28
DGS10,2024-04-17,4.59,2026-09-28,2026-09-28
DGS10,2024-04-18,4.64,2026-09-28,2026-09-28
DGS10,2024-04-19,4.62,2026-09-28,2026-09-28
DGS10,2024-04-22,4.62,2026-09-28,2026-09-28
DGS10,2024-04-23,4.61,2026-09-28,2026-09-28
DGS10,2024-04-24,4.65,2026-09-28,2026-09-28
DGS10,2024-04-25,4.7,2026-09-28,2026-09-28
DGS10,2024-04-26,4.67,2026-09-28,2026-09-28
DGS10,2024-04-29,4.63,2026-09-28,2026-09-28
DGS10,2024-04-30,4.69,2026-09-28,2026-09-28
DGS10,2024-05-01,4.63,2026-09-28,2026-09-28
DGS10,2024-05-02,4.58,2026-09-28,2026-09-28
DGS10,2024-05-03,4.5,2026-09-28,2026-09-28
DGS10,2024-05-06,4.49,2026-09-28,2026-09-28
DGS10,2024-05-07,4.47,2026-09-28,2026-09-28
DGS10,2024-05-08,4.48,2026-09-28,2026-09-28
DGS10,2024-05-09,4.45,2026-09-28,2026-09-28
DGS10,2024-05-10,4.5,2026-09-28,2026-09-28
DGS10,2024-05-13,4.48,2026-09-28,2026-09-28
DGS10,2024-05-14,4.45,2026-09-28,2026-09-28
DGS10,2024-05-15,4.36,2026-09-28,2026-09-28
DGS10,2024-05-16,4.38,2026-09-28,2026-09-28
DGS10,2024-05-17,4.42,2026-09-28,2026-09-28
DGS10,2024-05-20,4.44,2026-09-28,2026-09-28
DGS10,2024-05-21,4.41,2026-09-28,2026-09-28
DGS10,2024-05-22,4.43,2026-09-28,2026-09-28
DGS10,2024-05-23,4.47,2026-09-28,2026-09-28
DGS10,2024-05-24,4.46,2026-09-28,2026-09-28
DGS10,2024-05-27,.,2026-09-28,2026-09-28
DGS10,2024-05-28,4.54,2026-09-28,2026-09-28
DGS10,2024-05-29,4.61,2026-09-28,2026-09-28
DGS10,2024-05-30,4.55,2026-09-28,2026-09-28
DGS10,2024-05-31,4.51,2026-09-28,2026-09-28
DGS10,2024-06-03,4.41,2026-09-28,2026-09-28
DGS10,2024-06-04,4.33,2026-09-28,2026-09-28
DGS10,2024-06-05,4.29,2026-09-28,2026-09-28
DGS10,2024-06-06,4.28,2026-09-28,2026-09-28
DGS10,2024-06-07,4.43,2026-09-28,2026-09-28
DGS10,2024-06-10,4.47,2026-09-28,2026-09-28
DGS10,2024-06-11,4.39,2026-09-28,2026-09-28
DGS10,2024-06-12,4.31,2026-09-28,2026-09-28
DGS10,2024-06-13,4.24,2026-09-28,2026-09-28
DGS10,2024-06-14,4.2,2026-09-28,2026-09-28
DGS10,2024-06-17,4.28,2026-09-28,2026-09-28
DGS10,2024-06-18,4.22,2026-09-28,2026-09-28
DGS10,2024-06-19,.,2026-09-28,2026-09-28
DGS10,2024-06-20,4.25,2026-09-28,2026-09-28
DGS10,2024-06-21,4.25,2026-09-28,2026-09-28
DGS10,2024-06-24,4.25,2026-09-28,2026-09-28
DGS10,2024-06-25,4.23,2026-09-28,2026-09-28
DGS10,2024-06-26,4.32,2026-09-28,2026-09-28
DGS10,2024-06-27,4.29,2026-09-28,2026-09-28
DGS10,2024-06-28,4.36,2026-09-28,2026-09-28
DGS10,2024-07-01,4.48,2026-09-28,2026-09-28
DGS10,2024-07-02,4.43,2026-09-28,2026-09-28
DGS10,2024-07-03,4.36,2026-09-28,2026-09-28
DGS10,2024-07-04,.,2026-09-28,2026-09-28
DGS10,2024-07-05,4.28,2026-09-28,2026-09-28
DGS10,2024-07-08,4.28,2026-09-28,2026-09-28
DGS10,2024-07-09,4.3,2026-09-28,2026-09-28
DGS10,2024-07-10,4.28,2026-09-28,2026-09-28
DGS10,2024-07-11,4.2,2026-09-28,2026-09-28
DGS10,2024-07-12,4.18,2026-09-28,2026-09-28
DGS10,2024-07-15,4.23,2026-09-28,2026-09-28
DGS10,2024-07-16,4.17,2026-09-28,2026-09-28
DGS10,2024-07-17,4.16,2026-09-28,2026-09-28
DGS10,2024-07-18,4.2,2026-09-28,2026-09-28
DGS10,2024-07-19,4.25,2026-09-28,2026-09-28
DGS10,2024-07-22,4.26,2026-09-28,2026-09-28
DGS10,2024-07-23,4.25,2026-09-28,2026-09-28
DGS10,2024-07-24,4.28,2026-09-28,2026-09-28
DGS10,2024-07-25,4.27,2026-09-28,2026-09-28
DGS10,2024-07-26,4.2,2026-09-28,2026-09-28
DGS10,2024-07-29,4.17,2026-09-28,2026-09-28
DGS10,2024-07-30,4.15,2026-09-28,2026-09-28
DGS10,2024-07-31,4.09,2026-09-28,2026-09-28
DGS10,2024-08-01,3.99,2026-09-28,2026-09-28
DGS10,2024-08-02,3.8,2026-09-28,2026-09-28
DGS10,2024-08-05,3.78,2026-09-28,2026-09-28
DGS10,2024-08-06,3.9,2026-09-28,2026-09-28
DGS10,2024-08-07,3.96,2026-09-28,2026-09-28
DGS10,2024-08-08,3.99,2026-09-28,2026-09-28
DGS10,2024-08-09,3.94,2026-09-28,2026-09-28
DGS10,2024-08-12,3.9,2026-09-28,2026-09-28
DGS10,2024-08-13,3.85,2026-09-28,2026-09-28
DGS10,2024-08-14,3.83,2026-09-28,2026-09-28
DGS10,2024-08-15,3.92,2026-09-28,2026-09-28
DGS10,2024-08-16,3.89,2026-09-28,2026-09-28
DGS10,2024-08-19,3.86,2026-09-28,2026-09-28
DGS10,2024-08-20,3.82,2026-09-28,2026-09-28
DGS10,2024-08-21,3.79,2026-09-28,2026-09-28
DGS10,2024-08-22,3.86,2026-09-28,2026-09-28
DGS10,2024-08-23,3.81,2026-09-28,2026-09-28
DGS10,2024-08-26,3.82,2026-09-28,2026-09-28
DGS10,2024-08-27,3.83,2026-09-28,2026-09-28
DGS10,2024-08-28,3.84,2026-09-28,2026-09-28
DGS10,2024-08-29,3.87,2026-09-28,2026-09-28
DGS10,2024-08-30,3.91,2026-09-28,2026-09-28
DGS10,2024-09-02,.,2026-09-28,2026-09-28
DGS10,2024-09-03,3.84,2026-09-28,2026-09-28
DGS10,2024-09-04,3.77,2026-09-28,2026-09-28
DGS10,2024-09-05,3.73,2026-09-28,2026-09-28
DGS10,2024-09-06,3.72,2026-09-28,2026-09-28
DGS10,2024-09-09,3.7,2026-09-28,2026-09-28
DGS10,2024-09-10,3.65,2026-09-28,2026-09-28
DGS10,2024-09-11,3.65,2026-09-28,2026-09-28
DGS10,2024-09-12,3.68,2026-09-28,2026-09-28
DGS10,2024-09-13,3.66,2026-09-28,2026-09-28
DGS10,2024-09-16,3.63,2026-09-28,2026-09-28
DGS10,2024-09-17,3.65,2026-09-28,2026-09-28
DGS10,2024-09-18,3.7,2026-09-28,2026-09-28
DGS10,2024-09-19,3.73,2026-09-28,2026-09-28
DGS10,2024-09-20,3.73,2026-09-28,2026-09-28
DGS10,2024-09-23,3.75,2026-09-28,2026-09-28
DGS10,2024-09-24,3.74,2026-09-28,2026-09-28
DGS10,2024-09-25,3.79,2026-09-28,2026-09-28
DGS10,2024-09-26,3.79,2026-09-28,2026-09-28
DGS10,2024-09-27,3.75,2026-09-28,2026-09-28
DGS10,2024-09-30,3.81,2026-09-28,2026-09-28
DGS10,2024-10-01,3.74,2026-09-28,2026-09-28
DGS10,2024-10-02,3.79,2026-09-28,2026-09-28
DGS10,2024-10-03,3.85,2026-09-28,2026-09-28
DGS10,2024-10-04,3.98,2026-09-28,2026-09-28
DGS10,2024-10-07,4.03,2026-09-28,2026-09-28
DGS10,2024-10-08,4.04,2026-09-28,2026-09-28
DGS10,2024-10-09,4.06,2026-09-28,2026-09-28
DGS10,2024-10-10,4.09,2026-09-28,2026-09-28
DGS10,2024-10-11,4.08,2026-09-28,2026-09-28
DGS10,2024-10-14,.,2026-09-28,2026-09-28
DGS10,2024-10-15,4.03,2026-09-28,2026-09-28
DGS10,2024-10-16,4.02,2026-09-28,2026-09-28
DGS10,2024-10-17,4.09,2026-09-28,2026-09-28
DGS10,2024-10-18,4.08,2026-09-28,2026-09-28
DGS10,2024-10-21,4.19,2026-09-28,2026-09-28
DGS10,2024-10-22,4.2,2026-09-28,2026-09-28
DGS10,2024-10-23,4.24,2026-09-28,2026-09-28
DGS10,2024-10-24,4.21,2026-09-28,2026-09-28
DGS10,2024-10-25,4.25,2026-09-28,2026-09-28
DGS10,2024-10-28,4.28,2026-09-28,2026-09-28
DGS10,2024-10-29,4.28,2026-09-28,2026-09-28
DGS10,2024-10-30,4.29,2026-09-28,2026-09-28
DGS10,2024-10-31,4.28,2026-09-28,2026-09-28
DGS10,2024-11-01,4.37,2026-09-28,2026-09-28
DGS10,2024-11-04,4.31,2026-09-28,2026-09-28
DGS10,2024-11-05,4.26,2026-09-28,2026-09-28
DGS10,2024-11-06,4.42,2026-09-28,2026-09-28
DGS10,2024-11-07,4.31,2026-09-28,2026-09-28
DGS10,2024-11-08,4.3,2026-09-28,2026-09-28
DGS10,2024-11-11,.,2026-09-28,2026-09-28
DGS10,2024-11-12,4.43,2026-09-28,2026-09-28
DGS10,2024-11-13,4.44,2026-09-28,2026-09-28
DGS10,2024-11-14,4.43,2026-09-28,2026-09-28
DGS10,2024-11-15,4.43,2026-09-28,2026-09-28
DGS10,2024-11-18,4.42,2026-09-28,2026-09-28
DGS10,2024-11-19,4.39,2026-09-28,2026-09-28
DGS10,2024-11-20,4.41,2026-09-28,2026-09-28
DGS10,2024-11-21,4.43,2026-09-28,2026-09-28
DGS10,2024-11-22,4.41,2026-09-28,2026-09-28
DGS10,2024-11-25,4.27,2026-09-28,2026-09-28
DGS10,2024-11-26,4.3,2026-09-28,2026-09-28
DGS10,2024-11-27,4.25,2026-09-28,2026-09-28
DGS10,2024-11-28,.,2026-09-28,2026-09-28
DGS10,2024-11-29,4.18,2026-09-28,2026-09-28
DGS10,2024-12-02,4.19,2026-09-28,2026-09-28
DGS10,2024-12-03,4.23,2026-09-28,2026-09-28
DGS10,2024-12-04,4.19,2026-09-28,2026-09-28
DGS10,2024-12-05,4.17,2026-09-28,2026-09-28
DGS10,2024-12-06,4.15,2026-09-28,2026-09-28
DGS10,2024-12-09,4.2,2026-09-28,2026-09-28
DGS10,2024-12-10,4.22,2026-09-28,2026-09-28
DGS10,2024-12-11,4.26,2026-09-28,2026-09-28
DGS10,2024-12-12,4.32,2026-09-28,2026-09-28
DGS10,2024-12-13,4.4,2026-09-28,2026-09-28
DGS10,2024-12-16,4.39,2026-09-28,2026-09-28
DGS10,2024-12-17,4.4,2026-09-28,2026-09-28
DGS10,2024-12-18,4.5,2026-09-28,2026-09-28
DGS10,2024-12-19,4.57,2026-09-28,2026-09-28
DGS10,2024-12-20,4.52,2026-09-28,2026-09-28
DGS10,2024-12-23,4.59,2026-09-28,2026-09-28
DGS10,2024-12-24,4.59,2026-09-28,2026-09-28
DGS10,2024-12-25,.,2026-09-28,2026-09-28
DGS10,2024-12-26,4.58,2026-09-28,2026-09-28
DGS10,2024-12-27,4.62,2026-09-28,2026-09-28
DGS10,2024-12-30,4.55,2026-09-28,2026-09-28
DGS10,2024-12-31,4.58,2026-09-28,2026-09-28
DGS10,2025-01-01,.,2026-09-28,2026-09-28
DGS10,2025-01-02,4.57,2026-09-28,2026-09-28
DGS10,2025-01-03,4.6,2026-09-28,2026-09-28
DGS10,2025-01-06,4.62,2026-09-28,2026-09-28
DGS10,2025-01-07,4.67,2026-09-28,2026-09-28
DGS10,2025-01-08,4.67,2026-09-28,2026-09-28
DGS10,2025-01-09,4.68,2026-09-28,2026-09-28
DGS10,2025-01-10,4.77,2026-09-28,2026-09-28
DGS10,2025-01-13,4.79,2026-09-28,2026-09-28
DGS10,2025-01-14,4.78,2026-09-28,2026-09-28
DGS10,2025-01-15,4.66,2026-09-28,2026-09-28
DGS10,2025-01-16,4.61,2026-09-28,2026-09-28
DGS10,2025-01-17,4.61,2026-09-28,2026-09-28
DGS10,2025-01-20,.,2026-09-28,2026-09-28
DGS10,2025-01-21,4.57,2026-09-28,2026-09-28
DGS10,2025-01-22,4.6,2026-09-28,2026-09-28
DGS10,2025-01-23,4.65,2026-09-28,2026-09-28
DGS10,2025-01-24,4.63,2026-09-28,2026-09-28
DGS10,2025-01-27,4.53,2026-09-28,2026-09-28
DGS10,2025-01-28,4.55,2026-09-28,2026-09-28
DGS10,2025-01-29,4.55,2026-09-28,2026-09-28
DGS10,2025-01-30,4.52,2026-09-28,2026-09-28
DGS10,2025-01-31,4.58,2026-09-28,2026-09-28
DGS10,2025-02-03,4.54,2026-09-28,2026-09-28
DGS10,2025-02-04,4.52,2026-09-28,2026-09-28
DGS10,2025-02-05,4.43,2026-09-28,2026-09-28
DGS10,2025-02-06,4.45,2026-09-28,2026-09-28
DGS10,2025-02-07,4.49,2026-09-28,2026-09-28
DGS10,2025-02-10,4.51,2026-09-28,2026-09-28
DGS10,2025-02-11,4.54,2026-09-28,2026-09-28
DGS10,2025-02-12,4.62,2026-09-28,2026-09-28
DGS10,2025-02-13,4.52,2026-09-28,2026-09-28
DGS10,2025-02-14,4.47,2026-09-28,2026-09-28
DGS10,2025-02-17,.,2026-09-28,2026-09-28
DGS10,2025-02-18,4.55,2026-09-28,2026-09-28
DGS10,2025-02-19,4.53,2026-09-28,2026-09-28
DGS10,2025-02-20,4.5,2026-09-28,2026-09-28
DGS10,2025-02-21,4.42,2026-09-28,2026-09-28
DGS10,2025-02-24,4.4,2026-09-28,2026-09-28
DGS10,2025-02-25,4.3,2026-09-28,2026-09-28
DGS10,2025-02-26,4.25,2026-09-28,2026-09-28
DGS10,2025-02-27,4.29,2026-09-28,2026-09-28
DGS10,2025-02-28,4.24,2026-09-28,2026-09-28
DGS10,2025-03-03,4.16,2026-09-28,2026-09-28
DGS10,2025-03-04,4.22,2026-09-28,2026-09-28
DGS10,2025-03-05,4.28,2026-09-28,2026-09-28
DGS10,2025-03-06,4.29,2026-09-28,2026-09-28
DGS10,2025-03-07,4.32,2026-09-28,2026-09-28
DGS10,2025-03-10,4.22,2026-09-28,2026-09-28
DGS10,2025-03-11,4.28,2026-09-28,2026-09-28
DGS10,2025-03-12,4.32,2026-09-28,2026-09-28
DGS10,2025-03-13,4.27,2026-09-28,2026-09-28
DGS10,2025-03-14,4.31,2026-09-28,2026-09-28
DGS10,2025-03-17,4.31,2026-09-28,2026-09-28
DGS10,2025-03-18,4.29,2026-09-28,2026-09-28
DGS10,2025-03-19,4.25,2026-09-28,2026-09-28
DGS10,2025-03-20,4.24,2026-09-28,2026-09-28
DGS10,2025-03-21,4.25,2026-09-28,2026-09-28
DGS10,2025-03-24,4.34,2026-09-28,2026-09-28
DGS10,2025-03-25,4.31,2026-09-28,2026-09-28
DGS10,2025-03-26,4.35,2026-09-28,2026-09-28
DGS10,2025-03-27,4.38,2026-09-28,2026-09-28
DGS10,2025-03-28,4.27,2026-09-28,2026-09-28
DGS10,2025-03-31,4.23,2026-09-28,2026-09-28
DGS10,2025-04-01,4.17,2026-09-28,2026-09-28
DGS10,2025-04-02,4.2,2026-09-28,2026-09-28
DGS10,2025-04-03,4.06,2026-09-28,2026-09-28
DGS10,2025-04-04,4.01,2026-09-28,2026-09-28
DGS10,2025-04-07,4.15,2026-09-28,2026-09-28
DGS10,2025-04-08,4.26,2026-09-28,2026-09-28
DGS10,2025-04-09,4.34,2026-09-28,2026-09-28
DGS10,2025-04-10,4.4,2026-09-28,2026-09-28
DGS10,2025-04-11,4.48,2026-09-28,2026-09-28
DGS10,2025-04-14,4.38,2026-09-28,2026-09-28
DGS10,2025-04-15,4.35,2026-09-28,2026-09-28
DGS10,2025-04-16,4.29,2026-09-28,2026-09-28
DGS10,2025-04-17,4.34,2026-09-28,2026-09-28
DGS10,2025-04-18,.,2026-09-28,2026-09-28
DGS10,2025-04-21,4.42,2026-09-28,2026-09-28
DGS10,2025-04-22,4.41,2026-09-28,2026-09-28
DGS10,2025-04-23,4.4,2026-09-28,2026-09-28
DGS10,2025-04-24,4.32,2026-09-28,2026-09-28
DGS10,2025-04-25,4.29,2026-09-28,2026-09-28
DGS10,2025-04-28,4.23,2026-09-28,2026-09-28
DGS10,2025-04-29,4.19,2026-09-28,2026-09-28
DGS10,2025-04-30,4.17,2026-09-28,2026-09-28
DGS10,2025-05-01,4.25,2026-09-28,2026-09-28
DGS10,2025-05-02,4.33,2026-09-28,2026-09-28
DGS10,2025-05-05,4.36,2026-09-28,2026-09-28
DGS10,2025-05-06,4.3,2026-09-28,2026-09-28
DGS10,2025-05-07,4.26,2026-09-28,2026-09-28
DGS10,2025-05-08,4.37,2026-09-28,2026-09-28
DGS10,2025-05-09,4.37,2026-09-28,2026-09-28
DGS10,2025-05-12,4.45,2026-09-28,2026-09-28
DGS10,2025-05-13,4.49,2026-09-28,2026-09-28
DGS10,2025-05-14,4.53,2026-09-28,2026-09-28
DGS10,2025-05-15,4.45,2026-09-28,2026-09-28
DGS10,2025-05-16,4.43,2026-09-28,2026-09-28
DGS10,2025-05-19,4.46,2026-09-28,2026-09-28
DGS10,2025-05-20,4.48,2026-09-28,2026-09-28
DGS10,2025-05-21,4.58,2026-09-28,2026-09-28
DGS10,2025-05-22,4.54,2026-09-28,2026-09-28
DGS10,2025-05-23,4.51,2026-09-28,2026-09-28
DGS10,2025-05-26,.,2026-09-28,2026-09-28
DGS10,2025-05-27,4.43,2026-09-28,2026-09-28
DGS10,2025-05-28,4.47,2026-09-28,2026-09-28
DGS10,2025-05-29,4.43,2026-09-28,2026-09-28
DGS10,2025-05-30,4.41,2026-09-28,2026-09-28
DGS10,2025-06-02,4.46,2026-09-28,2026-09-28
DGS10,2025-06-03,4.46,2026-09-28,2026-09-28
DGS10,2025-06-04,4.37,2026-09-28,2026-09-28
DGS10,2025-06-05,4.4,2026-09-28,2026-09-28
DGS10,2025-06-06,4.51,2026-09-28,2026-09-28
DGS10,2025-06-09,4.49,2026-09-28,2026-09-28
DGS10,2025-06-10,4.47,2026-09-28,2026-09-28
DGS10,2025-06-11,4.41,2026-09-28,2026-09-28
DGS10,2025-06-12,4.36,2026-09-28,2026-09-28
DGS10,2025-06-13,4.41,2026-09-28,2026-09-28
DGS10,2025-06-16,4.46,2026-09-28,2026-09-28
DGS10,2025-06-17,4.39,2026-09-28,2026-09-28
DGS10,2025-06-18,4.38,2026-09-28,2026-09-28
DGS10,2025-06-19,.,2026-09-28,2026-09-28
DGS10,2025-06-20,4.38,2026-09-28,2026-09-28
DGS10,2025-06-23,4.34,2026-09-28,2026-09-28
DGS10,2025-06-24,4.3,2026-09-28,2026-09-28
DGS10,2025-06-25,4.29,2026-09-28,2026-09-28
DGS10,2025-06-26,4.26,2026-09-28,2026-09-28
DGS10,2025-06-27,4.29,2026-09-28,2026-09-28
DGS10,2025-06-30,4.24,2026-09-28,2026-09-28
DGS10,2025-07-01,4.26,2026-09-28,2026-09-28
DGS10,2025-07-02,4.3,2026-09-28,2026-09-28
DGS10,2025-07-03,4.35,2026-09-28,2026-09-28
DGS10,2025-07-04,.,2026-09-28,2026-09-28
DGS10,2025-07-07,4.4,2026-09-28,2026-09-28
DGS10,2025-07-08,4.42,2026-09-28,2026-09-28
DGS10,2025-07-09,4.34,2026-09-28,2026-09-28
DGS10,2025-07-10,4.35,2026-09-28,2026-09-28
DGS10,2025-07-11,4.43,2026-09-28,2026-09-28
DGS10,2025-07-14,4.43,2026-09-28,2026-09-28
DGS10,2025-07-15,4.5,2026-09-28,2026-09-28
DGS10,2025-07-16,4.46,2026-09-28,2026-09-28
DGS10,2025-07-17,4.47,2026-09-28,2026-09-28
DGS10,2025-07-18,4.44,2026-09-28,2026-09-28
DGS10,2025-07-21,4.38,2026-09-28,2026-09-28
DGS10,2025-07-22,4.35,2026-09-28,2026-09-28
DGS10,2025-07-23,4.4,2026-09-28,2026-09-28
DGS10,2025-07-24,4.43,2026-09-28,2026-09-28
DGS10,2025-07-25,4.4,2026-09-28,2026-09-28
DGS10,2025-07-28,4.42,2026-09-28,2026-09-28
DGS10,2025-07-29,4.34,2026-09-28,2026-09-28
DGS10,2025-07-30,4.38,2026-09-28,2026-09-28
DGS10,2025-07-31,4.37,2026-09-28,2026-09-28
DGS10,2025-08-01,4.23,2026-09-28,2026-09-28
DGS10,2025-08-04,4.22,2026-09-28,2026-09-28
DGS10,2025-08-05,4.22,2026-09-28,2026-09-28
DGS10,2025-08-06,4.22,2026-09-28,2026-09-28
DGS10,2025-08-07,4.23,2026-09-28,2026-09-28
DGS10,2025-08-08,4.27,2026-09-28,2026-09-28
DGS10,2025-08-11,4.27,2026-09-28,2026-09-28
DGS10,2025-08-12,4.29,2026-09-28,2026-09-28
DGS10,2025-08-13,4.24,2026-09-28,2026-09-28
DGS10,2025-08-14,4.29,2026-09-28,2026-09-28
DGS10,2025-08-15,4.33,2026-09-28,2026-09-28
DGS10,2025-08-18,4.34,2026-09-28,2026-09-28
DGS10,2025-08-19,4.3,2026-09-28,2026-09-28
DGS10,2025-08-20,4.29,2026-09-28,2026-09-28
DGS10,2025-08-21,4.33,2026-09-28,2026-09-28
DGS10,2025-08-22,4.26,2026-09-28,2026-09-28
DGS10,2025-08-25,4.28,2026-09-28,2026-09-28
DGS10,2025-08-26,4.26,2026-09-28,2026-09-28
DGS10,2025-08-27,4.24,2026-09-28,2026-09-28
DGS10,2025-08-28,4.22,2026-09-28,2026-09-28
DGS10,2025-08-29,4.23,2026-09-28,2026-09-28
DGS10,2025-09-01,.,2026-09-28,2026-09-28
DGS10,2025-09-02,4.28,2026-09-28,2026-09-28
DGS10,2025-09-03,4.22,2026-09-28,2026-09-28
DGS10,2025-09-04,4.17,2026-09-28,2026-09-28
DGS10,2025-09-05,4.1,2026-09-28,2026-09-28
DGS10,2025-09-08,4.05,2026-09-28,2026-09-28
DGS10,2025-09-09,4.08,2026-09-28,2026-09-28
DGS10,2025-09-10,4.04,2026-09-28,2026-09-28
DGS10,2025-09-11,4.01,2026-09-28,2026-09-28
DGS10,2025-09-12,4.06,2026-09-28,2026-09-28
DGS10,2025-09-15,4.05,2026-09-28,2026-09-28
DGS10,2025-09-16,4.04,2026-09-28,2026-09-28
DGS10,2025-09-17,4.06,2026-09-28,2026-09-28
DGS10,2025-09-18,4.11,2026-09-28,2026-09-28
DGS10,2025-09-19,4.14,2026-09-28,2026-09-28
DGS10,2025-09-22,4.15,2026-09-28,2026-09-28
DGS10,2025-09-23,4.12,2026-09-28,2026-09-28
DGS10,2025-09-24,4.16,2026-09-28,2026-09-28
DGS10,2025-09-25,4.18,2026-09-28,2026-09-28
DGS10,2025-09-26,4.2,2026-09-28,2026-09-28
DGS10,2025-09-29,4.15,2026-09-28,2026-09-28
DGS10,2025-09-30,4.16,2026-09-28,2026-09-28
DGS10,2025-10-01,4.12,2026-09-28,2026-09-28
DGS10,2025-10-02,4.1,2026-09-28,2026-09-28
DGS10,2025-10-03,4.13,2026-09-28,2026-09-28
DGS10,2025-10-06,4.18,2026-09-28,2026-09-28
DGS10,2025-10-07,4.14,2026-09-28,2026-09-28
DGS10,2025-10-08,4.13,2026-09-28,2026-09-28
DGS10,2025-10-09,4.14,2026-09-28,2026-09-28
DGS10,2025-10-10,4.05,2026-09-28,2026-09-28
DGS10,2025-10-13,.,2026-09-28,2026-09-28
DGS10,2025-10-14,4.03,2026-09-28,2026-09-28
DGS10,2025-10-15,4.05,2026-09-28,2026-09-28
DGS10,2025-10-16,3.99,2026-09-28,2026-09-28
DGS10,2025-10-17,4.02,2026-09-28,2026-09-28
DGS10,2025-10-20,4.0,2026-09-28,2026-09-28
DGS10,2025-10-21,3.98,2026-09-28,2026-09-28
DGS10,2025-10-22,3.97,2026-09-28,2026-09-28
DGS10,2025-10-23,4.01,2026-09-28,2026-09-28
DGS10,2025-10-24,4.02,2026-09-28,2026-09-28
DGS10,2025-10-27,4.01,2026-09-28,2026-09-28
DGS10,2025-10-28,3.99,2026-09-28,2026-09-28
DGS10,2025-10-29,4.08,2026-09-28,2026-09-28
DGS10,2025-10-30,4.11,2026-09-28,2026-09-28
DGS10,2025-10-31,4.11,2026-09-28,2026-09-28
DGS10,2025-11-03,4.13,2026-09-28,2026-09-28
DGS10,2025-11-04,4.1,2026-09-28,2026-09-28
DGS10,2025-11-05,4.17,2026-09-28,2026-09-28
DGS10,2025-11-06,4.11,2026-09-28,2026-09-28
DGS10,2025-11-07,4.11,2026-09-28,2026-09-28
DGS10,2025-11-10,4.13,2026-09-28,2026-09-28
DGS10,2025-11-11,.,2026-09-28,2026-09-28
DGS10,2025-11-12,4.08,2026-09-28,2026-09-28
DGS10,2025-11-13,4.11,2026-09-28,2026-09-28
DGS10,2025-11-14,4.14,2026-09-28,2026-09-28
DGS10,2025-11-17,4.13,2026-09-28,2026-09-28
DGS10,2025-11-18,4.12,2026-09-28,2026-09-28
DGS10,2025-11-19,4.13,2026-09-28,2026-09-28
DGS10,2025-11-20,4.1,2026-09-28,2026-09-28
DGS10,2025-11-21,4.06,2026-09-28,2026-09-28
DGS10,2025-11-24,4.04,2026-09-28,2026-09-28
DGS10,2025-11-25,4.01,2026-09-28,2026-09-28
DGS10,2025-11-26,4.0,2026-09-28,2026-09-28
DGS10,2025-11-27,.,2026-09-28,2026-09-28
DGS10,2025-11-28,4.02,2026-09-28,2026-09-28
DGS10,2025-12-01,4.09,2026-09-28,2026-09-28
DGS10,2025-12-02,4.09,2026-09-28,2026-09-28
DGS10,2025-12-03,4.06,2026-09-28,2026-09-28
DGS10,2025-12-04,4.11,2026-09-28,2026-09-28
DGS10,2025-12-05,4.14,2026-09-28,2026-09-28
DGS10,2025-12-08,4.17,2026-09-28,2026-09-28
DGS10,2025-12-09,4.18,2026-09-28,2026-09-28
DGS10,2025-12-10,4.13,2026-09-28,2026-09-28
DGS10,2025-12-11,4.14,2026-09-28,2026-09-28
DGS10,2025-12-12,4.19,2026-09-28,2026-09-28
DGS10,2025-12-15,4.18,2026-09-28,2026-09-28
DGS10,2025-12-16,4.15,2026-09-28,2026-09-28
DGS10,2025-12-17,4.16,2026-09-28,2026-09-28
DGS10,2025-12-18,4.12,2026-09-28,2026-09-28
DGS10,2025-12-19,4.16,2026-09-28,2026-09-28
DGS10,2025-12-22,4.17,2026-09-28,2026-09-28
DGS10,2025-12-23,4.18,2026-09-28,2026-09-28
DGS10,2025-12-24,4.15,2026-09-28,2026-09-28
DGS10,2025-12-25,.,2026-09-28,2026-09-28
DGS10,2025-12-26,4.14,2026-09-28,2026-09-28
DGS10,2025-12-29,4.12,2026-09-28,2026-09-28
DGS10,2025-12-30,4.14,2026-09-28,2026-09-28
DGS10,2025-12-31,4.18,2026-09-28,2026-09-28
DGS10,2026-01-01,.,2026-09-28,2026-09-28
DGS10,2026-01-02,4.19,2026-09-28,2026-09-28
DGS10,2026-01-05,4.17,2026-09-28,2026-09-28
DGS10,2026-01-06,4.18,2026-09-28,2026-09-28
DGS10,2026-01-07,4.15,2026-09-28,2026-09-28
DGS10,2026-01-08,4.19,2026-09-28,2026-09-28
DGS10,2026-01-09,4.18,2026-09-28,2026-09-28
DGS10,2026-01-12,4.19,2026-09-28,2026-09-28
DGS10,2026-01-13,4.18,2026-09-28,2026-09-28
DGS10,2026-01-14,4.15,2026-09-28,2026-09-28
DGS10,2026-01-15,4.17,2026-09-28,2026-09-28
DGS10,2026-01-16,4.24,2026-09-28,2026-09-28
DGS10,2026-01-19,.,2026-09-28,2026-09-28
DGS10,2026-01-20,4.3,2026-09-28,2026-09-28
DGS10,2026-01-21,4.26,2026-09-28,2026-09-28
DGS10,2026-01-22,4.26,2026-09-28,2026-09-28
DGS10,2026-01-23,4.24,2026-09-28,2026-09-28
DGS10,2026-01-26,4.22,2026-09-28,2026-09-28
DGS10,2026-01-27,4.24,2026-09-28,2026-09-28
DGS10,2026-01-28,4.26,2026-09-28,2026-09-28
DGS10,2026-01-29,4.24,2026-09-28,2026-09-28
DGS10,2026-01-30,4.26,2026-09-28,2026-09-28
DGS10,2026-02-02,4.29,2026-09-28,2026-09-28
DGS10,2026-02-03,4.28,2026-09-28,2026-09-28
DGS10,2026-02-04,4.29,2026-09-28,2026-09-28
DGS10,2026-02-05,4.21,2026-09-28,2026-09-28
DGS10,2026-02-06,4.22,2026-09-28,2026-09-28
DGS10,2026-02-09,4.22,2026-09-28,2026-09-28
DGS10,2026-02-10,4.16,2026-09-28,2026-09-28
DGS10,2026-02-11,4.18,2026-09-28,2026-09-28
DGS10,2026-02-12,4.09,2026-09-28,2026-09-28
DGS10,2026-02-13,4.04,2026-09-28,2026-09-28
DGS10,2026-02-16,.,2026-09-28,2026-09-28
DGS10,2026-02-17,4.05,2026-09-28,2026-09-28
DGS10,2026-02-18,4.09,2026-09-28,2026-09-28
DGS10,2026-02-19,4.08,2026-09-28,2026-09-28
DGS10,2026-02-20,4.08,2026-09-28,2026-09-28
DGS10,2026-02-23,4.03,2026-09-28,2026-09-28
DGS10,2026-02-24,4.04,2026-09-28,2026-09-28
DGS10,2026-02-25,4.05,2026-09-28,2026-09-28
DGS10,2026-02-26,4.02,2026-09-28,2026-09-28
DGS10,2026-02-27,3.97,2026-09-28,2026-09-28
DGS10,2026-03-02,4.05,2026-09-28,2026-09-28
DGS10,2026-03-03,4.06,2026-09-28,2026-09-28
DGS10,2026-03-04,4.09,2026-09-28,2026-09-28
DGS10,2026-03-05,4.13,2026-09-28,2026-09-28
DGS10,2026-03-06,4.15,2026-09-28,2026-09-28
DGS10,2026-03-09,4.12,2026-09-28,2026-09-28
DGS10,2026-03-10,4.15,2026-09-28,2026-09-28
DGS10,2026-03-11,4.21,2026-09-28,2026-09-28
DGS10,2026-03-12,4.27,2026-09-28,2026-09-28
DGS10,2026-03-13,4.28,2026-09-28,2026-09-28
DGS10,2026-03-16,4.23,2026-09-28,2026-09-28
DGS10,2026-03-17,4.2,2026-09-28,2026-09-28
DGS10,2026-03-18,4.26,2026-09-28,2026-09-28
DGS10,2026-03-19,4.25,2026-09-28,2026-09-28
DGS10,2026-03-20,4.39,2026-09-28,2026-09-28
DGS10,2026-03-23,4.34,2026-09-28,2026-09-28
DGS10,2026-03-24,4.39,2026-09-28,2026-09-28
DGS10,2026-03-25,4.33,2026-09-28,2026-09-28
DGS10,2026-03-26,4.42,2026-09-28,2026-09-28
DGS10,2026-03-27,4.44,2026-09-28,2026-09-28
DGS10,2026-03-30,4.35,2026-09-28,2026-09-28
DGS10,2026-03-31,4.3,2026-09-28,2026-09-28
DGS10,2026-04-01,4.33,2026-09-28,2026-09-28
DGS10,2026-04-02,4.31,2026-09-28,2026-09-28
DGS10,2026-04-03,4.35,2026-09-28,2026-09-28
DGS10,2026-04-06,4.34,2026-09-28,2026-09-28
DGS10,2026-04-07,4.33,2026-09-28,2026-09-28
DGS10,2026-04-08,4.29,2026-09-28,2026-09-28
DGS10,2026-04-09,4.29,2026-09-28,2026-09-28
DGS10,2026-04-10,4.31,2026-09-28,2026-09-28
DGS10,2026-04-13,4.3,2026-09-28,2026-09-28
DGS10,2026-04-14,4.26,2026-09-28,2026-09-28
DGS10,2026-04-15,4.29,2026-09-28,2026-09-28
DGS10,2026-04-16,4.32,2026-09-28,2026-09-28
DGS10,2026-04-17,4.26,2026-09-28,2026-09-28
DGS10,2026-04-20,4.26,2026-09-28,2026-09-28
DGS10,2026-04-21,4.3,2026-09-28,2026-09-28
DGS10,2026-04-22,4.3,2026-09-28,2026-09-28
DGS10,2026-04-23,4.34,2026-09-28,2026-09-28
DGS10,2026-04-24,4.31,2026-09-28,2026-09-28
DGS10,2026-04-27,4.35,2026-09-28,2026-09-28
DGS10,2026-04-28,4.36,2026-09-28,2026-09-28
DGS10,2026-04-29,4.42,2026-09-28,2026-09-28
DGS10,2026-04-30,4.4,2026-09-28,2026-09-28
DGS10,2026-05-01,4.39,2026-09-28,2026-09-28
DGS10,2026-05-04,4.45,2026-09-28,2026-09-28
DGS10,2026-05-05,4.43,2026-09-28,2026-09-28
DGS10,2026-05-06,4.36,2026-09-28,2026-09-28
DGS10,2026-05-07,4.41,2026-09-28,2026-09-28
DGS10,2026-05-08,4.38,2026-09-28,2026-09-28
DGS10,2026-05-11,4.42,2026-09-28,2026-09-28
DGS10,2026-05-12,4.46,2026-09-28,2026-09-28
DGS10,2026-05-13,4.46,2026-09-28,2026-09-28
DGS10,2026-05-14,4.47,2026-09-28,2026-09-28
DGS10,2026-05-15,4.59,2026-09-28,2026-09-28
DGS10,2026-05-18,4.61,2026-09-28,2026-09-28
DGS10,2026-05-19,4.67,2026-09-28,2026-09-28
DGS10,2026-05-20,4.57,2026-09-28,2026-09-28
DGS10,2026-05-21,4.57,2026-09-28,2026-09-28
DGS10,2026-05-22,4.56,2026-09-28,2026-09-28
DGS10,2026-05-25,.,2026-09-28,2026-09-28
DGS10,2026-05-26,4.5,2026-09-28,2026-09-28
DGS10,2026-05-27,4.48,2026-09-28,2026-09-28
DGS10,2026-05-28,4.45,2026-09-28,2026-09-28
DGS10,2026-05-29,4.45,2026-09-28,2026-09-28
DGS10,2026-06-01,4.47,2026-09-28,2026-09-28
DGS10,2026-06-02,4.46,2026-09-28,2026-09-28
DGS10,2026-06-03,4.49,2026-09-28,2026-09-28
DGS10,2026-06-04,4.47,2026-09-28,2026-09-28
DGS10,2026-06-05,4.55,2026-09-28,2026-09-28
DGS10,2026-06-08,4.56,2026-09-28,2026-09-28
DGS10,2026-06-09,4.53,2026-09-28,2026-09-28
DGS10,2026-06-10,4.55,2026-09-28,2026-09-28
DGS10,2026-06-11,4.45,2026-09-28,2026-09-28
DGS10,2026-06-12,4.48,2026-09-28,2026-09-28
DGS10,2026-06-15,4.47,2026-09-28,2026-09-28
DGS10,2026-06-16,4.43,2026-09-28,2026-09-28
DGS10,2026-06-17,4.49,2026-09-28,2026-09-28
DGS10,2026-06-18,4.46,2026-09-28,2026-09-28
DGS10,2026-06-19,.,2026-09-28,2026-09-28
DGS10,2026-06-22,4.51,2026-09-28,2026-09-28
DGS10,2026-06-23,4.5,2026-09-28,2026-09-28
DGS10,2026-06-24,4.41,2026-09-28,2026-09-28
DGS10,2026-06-25,4.4,2026-09-28,2026-09-28
DGS10,2026-06-26,4.38,2026-09-28,2026-09-28
DGS10,2026-06-29,4.38,2026-09-28,2026-09-28
DGS10,2026-06-30,4.44,2026-09-28,2026-09-28
DGS10,2026-07-01,4.48,2026-09-28,2026-09-28
DGS10,2026-07-02,4.49,2026-09-28,2026-09-28
DGS10,2026-07-03,.,2026-09-28,2026-09-28
DGS10,2026-07-06,4.48,2026-09-28,2026-09-28
DGS10,2026-07-07,4.55,2026-09-28,2026-09-28
DGS10,2026-07-08,4.56,2026-09-28,2026-09-28
DGS10,2026-07-09,4.54,2026-09-28,2026-09-28
DGS10,2026-07-10,4.56,2026-09-28,2026-09-28
DGS10,2026-07-13,4.62,2026-09-28,2026-09-28
DGS10,2026-07-14,4.58,2026-09-28,2026-09-28
DGS10,2026-07-15,4.55,2026-09-28,2026-09-28
DGS10,2026-07-16,4.57,2026-09-28,2026-09-28
DGS10,2026-07-17,4.55,2026-09-28,2026-09-28
DGS10,2026-07-20,4.6,2026-09-28,2026-09-28
DGS10,2026-07-21,4.63,2026-09-28,2026-09-28
DGS10,2026-07-22,4.67,2026-09-28,2026-09-28
DGS10,2026-07-23,4.71,2026-09-28,2026-09-28
DGS10,2026-07-24,4.69,2026-09-28,2026-09-28
DGS10,2026-07-27,4.65,2026-09-28,2026-09-28
DGS10,2026-07-28,4.61,2026-09-28,2026-09-28
DGS10,2026-07-29,4.67,2026-09-28,2026-09-28
DGS10,2026-07-30,4.68,2026-09-28,2026-09-28
DGS10,2026-07-31,4.75,2026-09-28,2026-09-28
DGS10,2026-08-03,4.7,2026-09-28,2026-09-28
DGS10,2026-08-04,4.63,2026-09-28,2026-09-28
DGS10,2026-08-05,4.63,2026-09-28,2026-09-28
DGS10,2026-08-06,4.69,2026-09-28,2026-09-28
DGS10,2026-08-07,4.65,2026-09-28,2026-09-28
DGS10,2026-08-10,4.72,2026-09-28,2026-09-28
DGS10,2026-08-11,4.7,2026-09-28,2026-09-28
DGS10,2026-08-12,4.68,2026-09-28,2026-09-28
DGS10,2026-08-13,4.63,2026-09-28,2026-09-28
DGS10,2026-08-14,4.68,2026-09-28,2026-09-28
DGS10,2026-08-17,4.72,2026-09-28,2026-09-28
DGS10,2026-08-18,4.71,2026-09-28,2026-09-28
DGS10,2026-08-19,4.65,2026-09-28,2026-09-28
DGS10,2026-08-20,4.69,2026-09-28,2026-09-28
DGS10,2026-08-21,4.74,2026-09-28,2026-09-28
DGS10,2026-08-24,4.7,2026-09-28,2026-09-28
DGS10,2026-08-25,4.64,2026-09-28,2026-09-28
DGS10,2026-08-26,4.66,2026-09-28,2026-09-28
DGS10,2026-08-27,4.67,2026-09-28,2026-09-28
DGS10,2026-08-28,4.73,2026-09-28,2026-09-28
DGS10,2026-08-31,4.75,2026-09-28,2026-09-28
DGS10,2026-09-01,4.79,2026-09-28,2026-09-28
DGS10,2026-09-02,4.79,2026-09-28,2026-09-28
DGS10,2026-09-03,4.77,2026-09-28,2026-09-28
DGS10,2026-09-04,4.78,2026-09-28,2026-09-28
DGS10,2026-09-07,.,2026-09-28,2026-09-28
DGS10,2026-09-08,4.8,2026-09-28,2026-09-28
DGS10,2026-09-09,4.83,2026-09-28,2026-09-28
DGS10,2026-09-10,4.95,2026-09-28,2026-09-28
DGS10,2026-09-11,4.96,2026-09-28,2026-09-28
DGS10,2026-09-14,4.97,2026-09-28,2026-09-28
DGS10,2026-09-15,5,2026-09-28,2026-09-28
DGS10,2026-09-16,5.01,2026-09-28,2026-09-28
DGS10,2026-09-17,4.94,2026-09-28,2026-09-28
DGS10,2026-09-18,5.01,2026-09-28,2026-09-28
DGS10,2026-09-21,4.96,2026-09-28,2026-09-28
DGS10,2026-09-22,4.96,2026-09-28,2026-09-28
DGS10,2026-09-23,5.11,2026-09-28,2026-09-28
DGS10,2026-09-24,5.18,2026-09-28,2026-09-28
DGS10,2026-09-25,5.17,2026-09-28,2026-09-28
T10Y2Y,2024-01-01,.,2026-09-28,2026-09-28
T10Y2Y,2024-01-02,-0.38,2026-09-28,2026-09-28
T10Y2Y,2024-01-03,-0.42,2026-09-28,2026-09-28
T10Y2Y,2024-01-04,-0.39,2026-09-28,2026-09-28
T10Y2Y,2024-01-05,-0.35,2026-09-28,2026-09-28
T10Y2Y,2024-01-08,-0.35,2026-09-28,2026-09-28
T10Y2Y,2024-01-09,-0.34,2026-09-28,2026-09-28
T10Y2Y,2024-01-10,-0.33,2026-09-28,2026-09-28
T10Y2Y,2024-01-11,-0.28,2026-09-28,2026-09-28
T10Y2Y,2024-01-12,-0.18,2026-09-28,2026-09-28
T10Y2Y,2024-01-15,.,2026-09-28,2026-09-28
T10Y2Y,2024-01-16,-0.15,2026-09-28,2026-09-28
T10Y2Y,2024-01-17,-0.24,2026-09-28,2026-09-28
T10Y2Y,2024-01-18,-0.2,2026-09-28,2026-09-28
T10Y2Y,2024-01-19,-0.24,2026-09-28,2026-09-28
T10Y2Y,2024-01-22,-0.26,2026-09-28,2026-09-28
T10Y2Y,2024-01-23,-0.17,2026-09-28,2026-09-28
T10Y2Y,2024-01-24,-0.16,2026-09-28,2026-09-28
T10Y2Y,2024-01-25,-0.14,2026-09-28,2026-09-28
T10Y2Y,2024-01-26,-0.19,2026-09-28,2026-09-28
T10Y2Y,2024-01-29,-0.21,2026-09-28,2026-09-28
T10Y2Y,2024-01-30,-0.3,2026-09-28,2026-09-28
T10Y2Y,2024-01-31,-0.28,2026-09-28,2026-09-28
T10Y2Y,2024-02-01,-0.33,2026-09-28,2026-09-28
T10Y2Y,2024-02-02,-0.33,2026-09-28,2026-09-28
T10Y2Y,2024-02-05,-0.29,2026-09-28,2026-09-28
T10Y2Y,2024-02-06,-0.3,2026-09-28,2026-09-28
T10Y2Y,2024-02-07,-0.32,2026-09-28,2026-09-28
T10Y2Y,2024-02-08,-0.31,2026-09-28,2026-09-28
T10Y2Y,2024-02-09,-0.31,2026-09-28,2026-09-28
T10Y2Y,2024-02-12,-0.29,2026-09-28,2026-09-28
T10Y2Y,2024-02-13,-0.33,2026-09-28,2026-09-28
T10Y2Y,2024-02-14,-0.29,2026-09-28,2026-09-28
T10Y2Y,2024-02-15,-0.32,2026-09-28,2026-09-28
T10Y2Y,2024-02-16,-0.34,2026-09-28,2026-09-28
T10Y2Y,2024-02-19,.,2026-09-28,2026-09-28
T10Y2Y,2024-02-20,-0.32,2026-09-28,2026-09-28
T10Y2Y,2024-02-21,-0.32,2026-09-28,2026-09-28
T10Y2Y,2024-02-22,-0.36,2026-09-28,2026-09-28
T10Y2Y,2024-02-23,-0.41,2026-09-28,2026-09-28
T10Y2Y,2024-02-26,-0.41,2026-09-28,2026-09-28
T10Y2Y,2024-02-27,-0.39,2026-09-28,2026-09-28
T10Y2Y,2024-02-28,-0.37,2026-09-28,2026-09-28
T10Y2Y,2024-02-29,-0.39,2026-09-28,2026-09-28
T10Y2Y,2024-03-01,-0.35,2026-09-28,2026-09-28
T10Y2Y,2024-03-04,-0.39,2026-09-28,2026-09-28
T10Y2Y,2024-03-05,-0.41,2026-09-28,2026-09-28
T10Y2Y,2024-03-06,-0.44,2026-09-28,2026-09-28
T10Y2Y,2024-03-07,-0.41,2026-09-28,2026-09-28
T10Y2Y,2024-03-08,-0.39,2026-09-28,2026-09-28
T10Y2Y,2024-03-11,-0.41,2026-09-28,2026-09-28
T10Y2Y,2024-03-12,-0.42,2026-09-28,2026-09-28
T10Y2Y,2024-03-13,-0.42,2026-09-28,2026-09-28
T10Y2Y,2024-03-14,-0.39,2026-09-28,2026-09-28
T10Y2Y,2024-03-15,-0.41,2026-09-28,2026-09-28
T10Y2Y,2024-03-18,-0.39,2026-09-28,2026-09-28
T10Y2Y,2024-03-19,-0.38,2026-09-28,2026-09-28
T10Y2Y,2024-03-20,-0.32,2026-09-28,2026-09-28
T10Y2Y,2024-03-21,-0.35,2026-09-28,2026-09-28
T10Y2Y,2024-03-22,-0.37,2026-09-28,2026-09-28
T10Y2Y,2024-03-25,-0.29,2026-09-28,2026-09-28
T10Y2Y,2024-03-26,-0.32,2026-09-28,2026-09-28
T10Y2Y,2024-03-27,-0.34,2026-09-28,2026-09-28
T10Y2Y,2024-03-28,-0.39,2026-09-28,2026-09-28
T10Y2Y,2024-03-29,.,2026-09-28,2026-09-28
T10Y2Y,2024-04-01,-0.39,2026-09-28,2026-09-28
T10Y2Y,2024-04-02,-0.34,2026-09-28,2026-09-28
T10Y2Y,2024-04-03,-0.32,2026-09-28,2026-09-28
T10Y2Y,2024-04-04,-0.34,2026-09-28,2026-09-28
T10Y2Y,2024-04-05,-0.34,2026-09-28,2026-09-28
T10Y2Y,2024-04-08,-0.36,2026-09-28,2026-09-28
T10Y2Y,2024-04-09,-0.38,2026-09-28,2026-09-28
T10Y2Y,2024-04-10,-0.42,2026-09-28,2026-09-28
T10Y2Y,2024-04-11,-0.37,2026-09-28,2026-09-28
T10Y2Y,2024-04-12,-0.38,2026-09-28,2026-09-28
T10Y2Y,2024-04-15,-0.3,2026-09-28,2026-09-28
T10Y2Y,2024-04-16,-0.3,2026-09-28,2026-09-28
T10Y2Y,2024-04-17,-0.34,2026-09-28,2026-09-28
T10Y2Y,2024-04-18,-0.34,2026-09-28,2026-09-28
T10Y2Y,2024-04-19,-0.35,2026-09-28,2026-09-28
T10Y2Y,2024-04-22,-0.35,2026-09-28,2026-09-28
T10Y2Y,2024-04-23,-0.25,2026-09-28,2026-09-28
T10Y2Y,2024-04-24,-0.24,2026-09-28,2026-09-28
T10Y2Y,2024-04-25,-0.26,2026-09-28,2026-09-28
T10Y2Y,2024-04-26,-0.29,2026-09-28,2026-09-28
T10Y2Y,2024-04-29,-0.34,2026-09-28,2026-09-28
T10Y2Y,2024-04-30,-0.35,2026-09-28,2026-09-28
T10Y2Y,2024-05-01,-0.33,2026-09-28,2026-09-28
T10Y2Y,2024-05-02,-0.29,2026-09-28,2026-09-28
T10Y2Y,2024-05-03,-0.31,2026-09-28,2026-09-28
T10Y2Y,2024-05-06,-0.33,2026-09-28,2026-09-28
T10Y2Y,2024-05-07,-0.35,2026-09-28,2026-09-28
T10Y2Y,2024-05-08,-0.36,2026-09-28,2026-09-28
T10Y2Y,2024-05-09,-0.35,2026-09-28,2026-09-28
T10Y2Y,2024-05-10,-0.37,2026-09-28,2026-09-28
T10Y2Y,2024-05-13,-0.37,2026-09-28,2026-09-28
T10Y2Y,2024-05-14,-0.36,2026-09-28,2026-09-28
T10Y2Y,2024-05-15,-0.37,2026-09-28,2026-09-28
T10Y2Y,2024-05-16,-0.4,2026-09-28,2026-09-28
T10Y2Y,2024-05-17,-0.41,2026-09-28,2026-09-28
T10Y2Y,2024-05-20,-0.38,2026-09-28,2026-09-28
T10Y2Y,2024-05-21,-0.41,2026-09-28,2026-09-28
T10Y2Y,2024-05-22,-0.43,2026-09-28,2026-09-28
T10Y2Y,2024-05-23,-0.44,2026-09-28,2026-09-28
T10Y2Y,2024-05-24,-0.47,2026-09-28,2026-09-28
T10Y2Y,2024-05-27,.,2026-09-28,2026-09-28
T10Y2Y,2024-05-28,-0.4,2026-09-28,2026-09-28
T10Y2Y,2024-05-29,-0.35,2026-09-28,2026-09-28
T10Y2Y,2024-05-30,-0.37,2026-09-28,2026-09-28
T10Y2Y,2024-05-31,-0.38,2026-09-28,2026-09-28
T10Y2Y,2024-06-03,-0.41,2026-09-28,2026-09-28
T10Y2Y,2024-06-04,-0.44,2026-09-28,2026-09-28
T10Y2Y,2024-06-05,-0.43,2026-09-28,2026-09-28
T10Y2Y,2024-06-06,-0.44,2026-09-28,2026-09-28
T10Y2Y,2024-06-07,-0.44,2026-09-28,2026-09-28
T10Y2Y,2024-06-10,-0.4,2026-09-28,2026-09-28
T10Y2Y,2024-06-11,-0.42,2026-09-28,2026-09-28
T10Y2Y,2024-06-12,-0.44,2026-09-28,2026-09-28
T10Y2Y,2024-06-13,-0.44,2026-09-28,2026-09-28
T10Y2Y,2024-06-14,-0.47,2026-09-28,2026-09-28
T10Y2Y,2024-06-17,-0.47,2026-09-28,2026-09-28
T10Y2Y,2024-06-18,-0.47,2026-09-28,2026-09-28
T10Y2Y,2024-06-19,.,2026-09-28,2026-09-28
T10Y2Y,2024-06-20,-0.45,2026-09-28,2026-09-28
T10Y2Y,2024-06-21,-0.45,2026-09-28,2026-09-28
T10Y2Y,2024-06-24,-0.46,2026-09-28,2026-09-28
T10Y2Y,2024-06-25,-0.42,2026-09-28,2026-09-28
T10Y2Y,2024-06-26,-0.39,2026-09-28,2026-09-28
T10Y2Y,2024-06-27,-0.41,2026-09-28,2026-09-28
T10Y2Y,2024-06-28,-0.35,2026-09-28,2026-09-28
T10Y2Y,2024-07-01,-0.29,2026-09-28,2026-09-28
T10Y2Y,2024-07-02,-0.31,2026-09-28,2026-09-28
T10Y2Y,2024-07-03,-0.35,2026-09-28,2026-09-28
T10Y2Y,2024-07-04,.,2026-09-28,2026-09-28
T10Y2Y,2024-07-05,-0.32,2026-09-28,2026-09-28
T10Y2Y,2024-07-08,-0.34,2026-09-28,2026-09-28
T10Y2Y,2024-07-09,-0.32,2026-09-28,2026-09-28
T10Y2Y,2024-07-10,-0.34,2026-09-28,2026-09-28
T10Y2Y,2024-07-11,-0.3,2026-09-28,2026-09-28
T10Y2Y,2024-07-12,-0.27,2026-09-28,2026-09-28
T10Y2Y,2024-07-15,-0.21,2026-09-28,2026-09-28
T10Y2Y,2024-07-16,-0.26,2026-09-28,2026-09-28
T10Y2Y,2024-07-17,-0.26,2026-09-28,2026-09-28
T10Y2Y,2024-07-18,-0.26,2026-09-28,2026-09-28
T10Y2Y,2024-07-19,-0.24,2026-09-28,2026-09-28
T10Y2Y,2024-07-22,-0.24,2026-09-28,2026-09-28
T10Y2Y,2024-07-23,-0.15,2026-09-28,2026-09-28
T10Y2Y,2024-07-24,-0.09,2026-09-28,2026-09-28
T10Y2Y,2024-07-25,-0.14,2026-09-28,2026-09-28
T10Y2Y,2024-07-26,-0.16,2026-09-28,2026-09-28
T10Y2Y,2024-07-29,-0.19,2026-09-28,2026-09-28
T10Y2Y,2024-07-30,-0.2,2026-09-28,2026-09-28
T10Y2Y,2024-07-31,-0.2,2026-09-28,2026-09-28
T10Y2Y,2024-08-01,-0.17,2026-09-28,2026-09-28
T10Y2Y,2024-08-02,-0.08,2026-09-28,2026-09-28
T10Y2Y,2024-08-05,-0.11,2026-09-28,2026-09-28
T10Y2Y,2024-08-06,-0.09,2026-09-28,2026-09-28
T10Y2Y,2024-08-07,-0.04,2026-09-28,2026-09-28
T10Y2Y,2024-08-08,-0.05,2026-09-28,2026-09-28
T10Y2Y,2024-08-09,-0.11,2026-09-28,2026-09-28
T10Y2Y,2024-08-12,-0.11,2026-09-28,2026-09-28
T10Y2Y,2024-08-13,-0.08,2026-09-28,2026-09-28
T10Y2Y,2024-08-14,-0.11,2026-09-28,2026-09-28
T10Y2Y,2024-08-15,-0.16,2026-09-28,2026-09-28
T10Y2Y,2024-08-16,-0.17,2026-09-28,2026-09-28
T10Y2Y,2024-08-19,-0.2,2026-09-28,2026-09-28
T10Y2Y,2024-08-20,-0.17,2026-09-28,2026-09-28
T10Y2Y,2024-08-21,-0.13,2026-09-28,2026-09-28
T10Y2Y,2024-08-22,-0.13,2026-09-28,2026-09-28
T10Y2Y,2024-08-23,-0.09,2026-09-28,2026-09-28
T10Y2Y,2024-08-26,-0.09,2026-09-28,2026-09-28
T10Y2Y,2024-08-27,0.0,2026-09-28,2026-09-28
T10Y2Y,2024-08-28,0.01,2026-09-28,2026-09-28
T10Y2Y,2024-08-29,0.0,2026-09-28,2026-09-28
T10Y2Y,2024-08-30,0.0,2026-09-28,2026-09-28
T10Y2Y,2024-09-02,.,2026-09-28,2026-09-28
T10Y2Y,2024-09-03,-0.04,2026-09-28,2026-09-28
T10Y2Y,2024-09-04,0.01,2026-09-28,2026-09-28
T10Y2Y,2024-09-05,-0.02,2026-09-28,2026-09-28
T10Y2Y,2024-09-06,0.06,2026-09-28,2026-09-28
T10Y2Y,2024-09-09,0.02,2026-09-28,2026-09-28
T10Y2Y,2024-09-10,0.06,2026-09-28,2026-09-28
T10Y2Y,2024-09-11,0.03,2026-09-28,2026-09-28
T10Y2Y,2024-09-12,0.04,2026-09-28,2026-09-28
T10Y2Y,2024-09-13,0.09,2026-09-28,2026-09-28
T10Y2Y,2024-09-16,0.07,2026-09-28,2026-09-28
T10Y2Y,2024-09-17,0.06,2026-09-28,2026-09-28
T10Y2Y,2024-09-18,0.09,2026-09-28,2026-09-28
T10Y2Y,2024-09-19,0.14,2026-09-28,2026-09-28
T10Y2Y,2024-09-20,0.18,2026-09-28,2026-09-28
T10Y2Y,2024-09-23,0.18,2026-09-28,2026-09-28
T10Y2Y,2024-09-24,0.25,2026-09-28,2026-09-28
T10Y2Y,2024-09-25,0.26,2026-09-28,2026-09-28
T10Y2Y,2024-09-26,0.19,2026-09-28,2026-09-28
T10Y2Y,2024-09-27,0.2,2026-09-28,2026-09-28
T10Y2Y,2024-09-30,0.15,2026-09-28,2026-09-28
T10Y2Y,2024-10-01,0.13,2026-09-28,2026-09-28
T10Y2Y,2024-10-02,0.16,2026-09-28,2026-09-28
T10Y2Y,2024-10-03,0.15,2026-09-28,2026-09-28
T10Y2Y,2024-10-04,0.05,2026-09-28,2026-09-28
T10Y2Y,2024-10-07,0.04,2026-09-28,2026-09-28
T10Y2Y,2024-10-08,0.06,2026-09-28,2026-09-28
T10Y2Y,2024-10-09,0.07,2026-09-28,2026-09-28
T10Y2Y,2024-10-10,0.11,2026-09-28,2026-09-28
T10Y2Y,2024-10-11,0.13,2026-09-28,2026-09-28
T10Y2Y,2024-10-14,.,2026-09-28,2026-09-28
T10Y2Y,2024-10-15,0.08,2026-09-28,2026-09-28
T10Y2Y,2024-10-16,0.09,2026-09-28,2026-09-28
T10Y2Y,2024-10-17,0.13,2026-09-28,2026-09-28
T10Y2Y,2024-10-18,0.13,2026-09-28,2026-09-28
T10Y2Y,2024-10-21,0.17,2026-09-28,2026-09-28
T10Y2Y,2024-10-22,0.17,2026-09-28,2026-09-28
T10Y2Y,2024-10-23,0.17,2026-09-28,2026-09-28
T10Y2Y,2024-10-24,0.14,2026-09-28,2026-09-28
T10Y2Y,2024-10-25,0.14,2026-09-28,2026-09-28
T10Y2Y,2024-10-28,0.16,2026-09-28,2026-09-28
T10Y2Y,2024-10-29,0.17,2026-09-28,2026-09-28
T10Y2Y,2024-10-30,0.14,2026-09-28,2026-09-28
T10Y2Y,2024-10-31,0.12,2026-09-28,2026-09-28
T10Y2Y,2024-11-01,0.16,2026-09-28,2026-09-28
T10Y2Y,2024-11-04,0.14,2026-09-28,2026-09-28
T10Y2Y,2024-11-05,0.07,2026-09-28,2026-09-28
T10Y2Y,2024-11-06,0.15,2026-09-28,2026-09-28
T10Y2Y,2024-11-07,0.1,2026-09-28,2026-09-28
T10Y2Y,2024-11-08,0.04,2026-09-28,2026-09-28
T10Y2Y,2024-11-11,.,2026-09-28,2026-09-28
T10Y2Y,2024-11-12,0.09,2026-09-28,2026-09-28
T10Y2Y,2024-11-13,0.17,2026-09-28,2026-09-28
T10Y2Y,2024-11-14,0.09,2026-09-28,2026-09-28
T10Y2Y,2024-11-15,0.12,2026-09-28,2026-09-28
T10Y2Y,2024-11-18,0.13,2026-09-28,2026-09-28
T10Y2Y,2024-11-19,0.12,2026-09-28,2026-09-28
T10Y2Y,2024-11-20,0.1,2026-09-28,2026-09-28
T10Y2Y,2024-11-21,0.09,2026-09-28,2026-09-28
T10Y2Y,2024-11-22,0.04,2026-09-28,2026-09-28
T10Y2Y,2024-11-25,0.06,2026-09-28,2026-09-28
T10Y2Y,2024-11-26,0.09,2026-09-28,2026-09-28
T10Y2Y,2024-11-27,0.06,2026-09-28,2026-09-28
T10Y2Y,2024-11-28,.,2026-09-28,2026-09-28
T10Y2Y,2024-11-29,0.05,2026-09-28,2026-09-28
T10Y2Y,2024-12-02,0.02,2026-09-28,2026-09-28
T10Y2Y,2024-12-03,0.06,2026-09-28,2026-09-28
T10Y2Y,2024-12-04,0.06,2026-09-28,2026-09-28
T10Y2Y,2024-12-05,0.02,2026-09-28,2026-09-28
T10Y2Y,2024-12-06,0.05,2026-09-28,2026-09-28
T10Y2Y,2024-12-09,0.07,2026-09-28,2026-09-28
T10Y2Y,2024-12-10,0.07,2026-09-28,2026-09-28
T10Y2Y,2024-12-11,0.11,2026-09-28,2026-09-28
T10Y2Y,2024-12-12,0.14,2026-09-28,2026-09-28
T10Y2Y,2024-12-13,0.15,2026-09-28,2026-09-28
T10Y2Y,2024-12-16,0.14,2026-09-28,2026-09-28
T10Y2Y,2024-12-17,0.15,2026-09-28,2026-09-28
T10Y2Y,2024-12-18,0.15,2026-09-28,2026-09-28
T10Y2Y,2024-12-19,0.25,2026-09-28,2026-09-28
T10Y2Y,2024-12-20,0.22,2026-09-28,2026-09-28
T10Y2Y,2024-12-23,0.29,2026-09-28,2026-09-28
T10Y2Y,2024-12-24,0.3,2026-09-28,2026-09-28
T10Y2Y,2024-12-25,.,2026-09-28,2026-09-28
T10Y2Y,2024-12-26,0.28,2026-09-28,2026-09-28
T10Y2Y,2024-12-27,0.31,2026-09-28,2026-09-28
T10Y2Y,2024-12-30,0.31,2026-09-28,2026-09-28
T10Y2Y,2024-12-31,0.33,2026-09-28,2026-09-28
T10Y2Y,2025-01-01,.,2026-09-28,2026-09-28
T10Y2Y,2025-01-02,0.32,2026-09-28,2026-09-28
T10Y2Y,2025-01-03,0.32,2026-09-28,2026-09-28
T10Y2Y,2025-01-06,0.34,2026-09-28,2026-09-28
T10Y2Y,2025-01-07,0.37,2026-09-28,2026-09-28
T10Y2Y,2025-01-08,0.39,2026-09-28,2026-09-28
T10Y2Y,2025-01-09,0.41,2026-09-28,2026-09-28
T10Y2Y,2025-01-10,0.37,2026-09-28,2026-09-28
T10Y2Y,2025-01-13,0.39,2026-09-28,2026-09-28
T10Y2Y,2025-01-14,0.41,2026-09-28,2026-09-28
T10Y2Y,2025-01-15,0.39,2026-09-28,2026-09-28
T10Y2Y,2025-01-16,0.38,2026-09-28,2026-09-28
T10Y2Y,2025-01-17,0.34,2026-09-28,2026-09-28
T10Y2Y,2025-01-20,.,2026-09-28,2026-09-28
T10Y2Y,2025-01-21,0.28,2026-09-28,2026-09-28
T10Y2Y,2025-01-22,0.31,2026-09-28,2026-09-28
T10Y2Y,2025-01-23,0.36,2026-09-28,2026-09-28
T10Y2Y,2025-01-24,0.36,2026-09-28,2026-09-28
T10Y2Y,2025-01-27,0.36,2026-09-28,2026-09-28
T10Y2Y,2025-01-28,0.36,2026-09-28,2026-09-28
T10Y2Y,2025-01-29,0.34,2026-09-28,2026-09-28
T10Y2Y,2025-01-30,0.34,2026-09-28,2026-09-28
T10Y2Y,2025-01-31,0.36,2026-09-28,2026-09-28
T10Y2Y,2025-02-03,0.28,2026-09-28,2026-09-28
T10Y2Y,2025-02-04,0.31,2026-09-28,2026-09-28
T10Y2Y,2025-02-05,0.26,2026-09-28,2026-09-28
T10Y2Y,2025-02-06,0.24,2026-09-28,2026-09-28
T10Y2Y,2025-02-07,0.2,2026-09-28,2026-09-28
T10Y2Y,2025-02-10,0.23,2026-09-28,2026-09-28
T10Y2Y,2025-02-11,0.25,2026-09-28,2026-09-28
T10Y2Y,2025-02-12,0.26,2026-09-28,2026-09-28
T10Y2Y,2025-02-13,0.21,2026-09-28,2026-09-28
T10Y2Y,2025-02-14,0.21,2026-09-28,2026-09-28
T10Y2Y,2025-02-17,.,2026-09-28,2026-09-28
T10Y2Y,2025-02-18,0.26,2026-09-28,2026-09-28
T10Y2Y,2025-02-19,0.25,2026-09-28,2026-09-28
T10Y2Y,2025-02-20,0.22,2026-09-28,2026-09-28
T10Y2Y,2025-02-21,0.23,2026-09-28,2026-09-28
T10Y2Y,2025-02-24,0.27,2026-09-28,2026-09-28
T10Y2Y,2025-02-25,0.23,2026-09-28,2026-09-28
T10Y2Y,2025-02-26,0.2,2026-09-28,2026-09-28
T10Y2Y,2025-02-27,0.22,2026-09-28,2026-09-28
T10Y2Y,2025-02-28,0.25,2026-09-28,2026-09-28
T10Y2Y,2025-03-03,0.2,2026-09-28,2026-09-28
T10Y2Y,2025-03-04,0.26,2026-09-28,2026-09-28
T10Y2Y,2025-03-05,0.29,2026-09-28,2026-09-28
T10Y2Y,2025-03-06,0.33,2026-09-28,2026-09-28
T10Y2Y,2025-03-07,0.33,2026-09-28,2026-09-28
T10Y2Y,2025-03-10,0.33,2026-09-28,2026-09-28
T10Y2Y,2025-03-11,0.34,2026-09-28,2026-09-28
T10Y2Y,2025-03-12,0.31,2026-09-28,2026-09-28
T10Y2Y,2025-03-13,0.33,2026-09-28,2026-09-28
T10Y2Y,2025-03-14,0.29,2026-09-28,2026-09-28
T10Y2Y,2025-03-17,0.25,2026-09-28,2026-09-28
T10Y2Y,2025-03-18,0.25,2026-09-28,2026-09-28
T10Y2Y,2025-03-19,0.26,2026-09-28,2026-09-28
T10Y2Y,2025-03-20,0.29,2026-09-28,2026-09-28
T10Y2Y,2025-03-21,0.31,2026-09-28,2026-09-28
T10Y2Y,2025-03-24,0.3,2026-09-28,2026-09-28
T10Y2Y,2025-03-25,0.35,2026-09-28,2026-09-28
T10Y2Y,2025-03-26,0.37,2026-09-28,2026-09-28
T10Y2Y,2025-03-27,0.41,2026-09-28,2026-09-28
T10Y2Y,2025-03-28,0.38,2026-09-28,2026-09-28
T10Y2Y,2025-03-31,0.34,2026-09-28,2026-09-28
T10Y2Y,2025-04-01,0.3,2026-09-28,2026-09-28
T10Y2Y,2025-04-02,0.29,2026-09-28,2026-09-28
T10Y2Y,2025-04-03,0.35,2026-09-28,2026-09-28
T10Y2Y,2025-04-04,0.33,2026-09-28,2026-09-28
T10Y2Y,2025-04-07,0.42,2026-09-28,2026-09-28
T10Y2Y,2025-04-08,0.55,2026-09-28,2026-09-28
T10Y2Y,2025-04-09,0.43,2026-09-28,2026-09-28
T10Y2Y,2025-04-10,0.56,2026-09-28,2026-09-28
T10Y2Y,2025-04-11,0.52,2026-09-28,2026-09-28
T10Y2Y,2025-04-14,0.54,2026-09-28,2026-09-28
T10Y2Y,2025-04-15,0.51,2026-09-28,2026-09-28
T10Y2Y,2025-04-16,0.52,2026-09-28,2026-09-28
T10Y2Y,2025-04-17,0.53,2026-09-28,2026-09-28
T10Y2Y,2025-04-18,.,2026-09-28,2026-09-28
T10Y2Y,2025-04-21,0.67,2026-09-28,2026-09-28
T10Y2Y,2025-04-22,0.65,2026-09-28,2026-09-28
T10Y2Y,2025-04-23,0.59,2026-09-28,2026-09-28
T10Y2Y,2025-04-24,0.55,2026-09-28,2026-09-28
T10Y2Y,2025-04-25,0.55,2026-09-28,2026-09-28
T10Y2Y,2025-04-28,0.56,2026-09-28,2026-09-28
T10Y2Y,2025-04-29,0.54,2026-09-28,2026-09-28
T10Y2Y,2025-04-30,0.57,2026-09-28,2026-09-28
T10Y2Y,2025-05-01,0.55,2026-09-28,2026-09-28
T10Y2Y,2025-05-02,0.5,2026-09-28,2026-09-28
T10Y2Y,2025-05-05,0.53,2026-09-28,2026-09-28
T10Y2Y,2025-05-06,0.52,2026-09-28,2026-09-28
T10Y2Y,2025-05-07,0.48,2026-09-28,2026-09-28
T10Y2Y,2025-05-08,0.47,2026-09-28,2026-09-28
T10Y2Y,2025-05-09,0.49,2026-09-28,2026-09-28
T10Y2Y,2025-05-12,0.47,2026-09-28,2026-09-28
T10Y2Y,2025-05-13,0.47,2026-09-28,2026-09-28
T10Y2Y,2025-05-14,0.48,2026-09-28,2026-09-28
T10Y2Y,2025-05-15,0.49,2026-09-28,2026-09-28
T10Y2Y,2025-05-16,0.45,2026-09-28,2026-09-28
T10Y2Y,2025-05-19,0.49,2026-09-28,2026-09-28
T10Y2Y,2025-05-20,0.51,2026-09-28,2026-09-28
T10Y2Y,2025-05-21,0.58,2026-09-28,2026-09-28
T10Y2Y,2025-05-22,0.54,2026-09-28,2026-09-28
T10Y2Y,2025-05-23,0.51,2026-09-28,2026-09-28
T10Y2Y,2025-05-26,.,2026-09-28,2026-09-28
T10Y2Y,2025-05-27,0.51,2026-09-28,2026-09-28
T10Y2Y,2025-05-28,0.51,2026-09-28,2026-09-28
T10Y2Y,2025-05-29,0.51,2026-09-28,2026-09-28
T10Y2Y,2025-05-30,0.52,2026-09-28,2026-09-28
T10Y2Y,2025-06-02,0.52,2026-09-28,2026-09-28
T10Y2Y,2025-06-03,0.5,2026-09-28,2026-09-28
T10Y2Y,2025-06-04,0.5,2026-09-28,2026-09-28
T10Y2Y,2025-06-05,0.48,2026-09-28,2026-09-28
T10Y2Y,2025-06-06,0.47,2026-09-28,2026-09-28
T10Y2Y,2025-06-09,0.48,2026-09-28,2026-09-28
T10Y2Y,2025-06-10,0.46,2026-09-28,2026-09-28
T10Y2Y,2025-06-11,0.47,2026-09-28,2026-09-28
T10Y2Y,2025-06-12,0.46,2026-09-28,2026-09-28
T10Y2Y,2025-06-13,0.45,2026-09-28,2026-09-28
T10Y2Y,2025-06-16,0.49,2026-09-28,2026-09-28
T10Y2Y,2025-06-17,0.45,2026-09-28,2026-09-28
T10Y2Y,2025-06-18,0.44,2026-09-28,2026-09-28
T10Y2Y,2025-06-19,.,2026-09-28,2026-09-28
T10Y2Y,2025-06-20,0.48,2026-09-28,2026-09-28
T10Y2Y,2025-06-23,0.5,2026-09-28,2026-09-28
T10Y2Y,2025-06-24,0.55,2026-09-28,2026-09-28
T10Y2Y,2025-06-25,0.55,2026-09-28,2026-09-28
T10Y2Y,2025-06-26,0.56,2026-09-28,2026-09-28
T10Y2Y,2025-06-27,0.56,2026-09-28,2026-09-28
T10Y2Y,2025-06-30,0.52,2026-09-28,2026-09-28
T10Y2Y,2025-07-01,0.48,2026-09-28,2026-09-28
T10Y2Y,2025-07-02,0.52,2026-09-28,2026-09-28
T10Y2Y,2025-07-03,0.47,2026-09-28,2026-09-28
T10Y2Y,2025-07-04,.,2026-09-28,2026-09-28
T10Y2Y,2025-07-07,0.5,2026-09-28,2026-09-28
T10Y2Y,2025-07-08,0.52,2026-09-28,2026-09-28
T10Y2Y,2025-07-09,0.48,2026-09-28,2026-09-28
T10Y2Y,2025-07-10,0.49,2026-09-28,2026-09-28
T10Y2Y,2025-07-11,0.53,2026-09-28,2026-09-28
T10Y2Y,2025-07-14,0.53,2026-09-28,2026-09-28
T10Y2Y,2025-07-15,0.55,2026-09-28,2026-09-28
T10Y2Y,2025-07-16,0.58,2026-09-28,2026-09-28
T10Y2Y,2025-07-17,0.56,2026-09-28,2026-09-28
T10Y2Y,2025-07-18,0.56,2026-09-28,2026-09-28
T10Y2Y,2025-07-21,0.53,2026-09-28,2026-09-28
T10Y2Y,2025-07-22,0.52,2026-09-28,2026-09-28
T10Y2Y,2025-07-23,0.52,2026-09-28,2026-09-28
T10Y2Y,2025-07-24,0.52,2026-09-28,2026-09-28
T10Y2Y,2025-07-25,0.49,2026-09-28,2026-09-28
T10Y2Y,2025-07-28,0.51,2026-09-28,2026-09-28
T10Y2Y,2025-07-29,0.48,2026-09-28,2026-09-28
T10Y2Y,2025-07-30,0.44,2026-09-28,2026-09-28
T10Y2Y,2025-07-31,0.43,2026-09-28,2026-09-28
T10Y2Y,2025-08-01,0.54,2026-09-28,2026-09-28
T10Y2Y,2025-08-04,0.53,2026-09-28,2026-09-28
T10Y2Y,2025-08-05,0.5,2026-09-28,2026-09-28
T10Y2Y,2025-08-06,0.53,2026-09-28,2026-09-28
T10Y2Y,2025-08-07,0.51,2026-09-28,2026-09-28
T10Y2Y,2025-08-08,0.51,2026-09-28,2026-09-28
T10Y2Y,2025-08-11,0.51,2026-09-28,2026-09-28
T10Y2Y,2025-08-12,0.57,2026-09-28,2026-09-28
T10Y2Y,2025-08-13,0.57,2026-09-28,2026-09-28
T10Y2Y,2025-08-14,0.55,2026-09-28,2026-09-28
T10Y2Y,2025-08-15,0.58,2026-09-28,2026-09-28
T10Y2Y,2025-08-18,0.57,2026-09-28,2026-09-28
T10Y2Y,2025-08-19,0.55,2026-09-28,2026-09-28
T10Y2Y,2025-08-20,0.55,2026-09-28,2026-09-28
T10Y2Y,2025-08-21,0.54,2026-09-28,2026-09-28
T10Y2Y,2025-08-22,0.58,2026-09-28,2026-09-28
T10Y2Y,2025-08-25,0.55,2026-09-28,2026-09-28
T10Y2Y,2025-08-26,0.65,2026-09-28,2026-09-28
T10Y2Y,2025-08-27,0.65,2026-09-28,2026-09-28
T10Y2Y,2025-08-28,0.6,2026-09-28,2026-09-28
T10Y2Y,2025-08-29,0.64,2026-09-28,2026-09-28
T10Y2Y,2025-09-01,.,2026-09-28,2026-09-28
T10Y2Y,2025-09-02,0.62,2026-09-28,2026-09-28
T10Y2Y,2025-09-03,0.61,2026-09-28,2026-09-28
T10Y2Y,2025-09-04,0.58,2026-09-28,2026-09-28
T10Y2Y,2025-09-05,0.59,2026-09-28,2026-09-28
T10Y2Y,2025-09-08,0.56,2026-09-28,2026-09-28
T10Y2Y,2025-09-09,0.54,2026-09-28,2026-09-28
T10Y2Y,2025-09-10,0.5,2026-09-28,2026-09-28
T10Y2Y,2025-09-11,0.49,2026-09-28,2026-09-28
T10Y2Y,2025-09-12,0.5,2026-09-28,2026-09-28
T10Y2Y,2025-09-15,0.51,2026-09-28,2026-09-28
T10Y2Y,2025-09-16,0.53,2026-09-28,2026-09-28
T10Y2Y,2025-09-17,0.54,2026-09-28,2026-09-28
T10Y2Y,2025-09-18,0.54,2026-09-28,2026-09-28
T10Y2Y,2025-09-19,0.57,2026-09-28,2026-09-28
T10Y2Y,2025-09-22,0.54,2026-09-28,2026-09-28
T10Y2Y,2025-09-23,0.59,2026-09-28,2026-09-28
T10Y2Y,2025-09-24,0.59,2026-09-28,2026-09-28
T10Y2Y,2025-09-25,0.54,2026-09-28,2026-09-28
T10Y2Y,2025-09-26,0.57,2026-09-28,2026-09-28
T10Y2Y,2025-09-29,0.52,2026-09-28,2026-09-28
T10Y2Y,2025-09-30,0.56,2026-09-28,2026-09-28
T10Y2Y,2025-10-01,0.57,2026-09-28,2026-09-28
T10Y2Y,2025-10-02,0.55,2026-09-28,2026-09-28
T10Y2Y,2025-10-03,0.55,2026-09-28,2026-09-28
T10Y2Y,2025-10-06,0.58,2026-09-28,2026-09-28
T10Y2Y,2025-10-07,0.57,2026-09-28,2026-09-28
T10Y2Y,2025-10-08,0.55,2026-09-28,2026-09-28
T10Y2Y,2025-10-09,0.54,2026-09-28,2026-09-28
T10Y2Y,2025-10-10,0.53,2026-09-28,2026-09-28
T10Y2Y,2025-10-13,.,2026-09-28,2026-09-28
T10Y2Y,2025-10-14,0.55,2026-09-28,2026-09-28
T10Y2Y,2025-10-15,0.55,2026-09-28,2026-09-28
T10Y2Y,2025-10-16,0.58,2026-09-28,2026-09-28
T10Y2Y,2025-10-17,0.56,2026-09-28,2026-09-28
T10Y2Y,2025-10-20,0.54,2026-09-28,2026-09-28
T10Y2Y,2025-10-21,0.53,2026-09-28,2026-09-28
T10Y2Y,2025-10-22,0.52,2026-09-28,2026-09-28
T10Y2Y,2025-10-23,0.53,2026-09-28,2026-09-28
T10Y2Y,2025-10-24,0.54,2026-09-28,2026-09-28
T10Y2Y,2025-10-27,0.53,2026-09-28,2026-09-28
T10Y2Y,2025-10-28,0.52,2026-09-28,2026-09-28
T10Y2Y,2025-10-29,0.49,2026-09-28,2026-09-28
T10Y2Y,2025-10-30,0.5,2026-09-28,2026-09-28
T10Y2Y,2025-10-31,0.51,2026-09-28,2026-09-28
T10Y2Y,2025-11-03,0.53,2026-09-28,2026-09-28
T10Y2Y,2025-11-04,0.52,2026-09-28,2026-09-28
T10Y2Y,2025-11-05,0.54,2026-09-28,2026-09-28
T10Y2Y,2025-11-06,0.54,2026-09-28,2026-09-28
T10Y2Y,2025-11-07,0.56,2026-09-28,2026-09-28
T10Y2Y,2025-11-10,0.55,2026-09-28,2026-09-28
T10Y2Y,2025-11-11,.,2026-09-28,2026-09-28
T10Y2Y,2025-11-12,0.52,2026-09-28,2026-09-28
T10Y2Y,2025-11-13,0.53,2026-09-28,2026-09-28
T10Y2Y,2025-11-14,0.52,2026-09-28,2026-09-28
T10Y2Y,2025-11-17,0.53,2026-09-28,2026-09-28
T10Y2Y,2025-11-18,0.54,2026-09-28,2026-09-28
T10Y2Y,2025-11-19,0.55,2026-09-28,2026-09-28
T10Y2Y,2025-11-20,0.55,2026-09-28,2026-09-28
T10Y2Y,2025-11-21,0.55,2026-09-28,2026-09-28
T10Y2Y,2025-11-24,0.58,2026-09-28,2026-09-28
T10Y2Y,2025-11-25,0.58,2026-09-28,2026-09-28
T10Y2Y,2025-11-26,0.55,2026-09-28,2026-09-28
T10Y2Y,2025-11-27,.,2026-09-28,2026-09-28
T10Y2Y,2025-11-28,0.55,2026-09-28,2026-09-28
T10Y2Y,2025-12-01,0.55,2026-09-28,2026-09-28
T10Y2Y,2025-12-02,0.58,2026-09-28,2026-09-28
T10Y2Y,2025-12-03,0.57,2026-09-28,2026-09-28
T10Y2Y,2025-12-04,0.59,2026-09-28,2026-09-28
T10Y2Y,2025-12-05,0.58,2026-09-28,2026-09-28
T10Y2Y,2025-12-08,0.6,2026-09-28,2026-09-28
T10Y2Y,2025-12-09,0.57,2026-09-28,2026-09-28
T10Y2Y,2025-12-10,0.59,2026-09-28,2026-09-28
T10Y2Y,2025-12-11,0.62,2026-09-28,2026-09-28
T10Y2Y,2025-12-12,0.67,2026-09-28,2026-09-28
T10Y2Y,2025-12-15,0.67,2026-09-28,2026-09-28
T10Y2Y,2025-12-16,0.67,2026-09-28,2026-09-28
T10Y2Y,2025-12-17,0.67,2026-09-28,2026-09-28
T10Y2Y,2025-12-18,0.66,2026-09-28,2026-09-28
T10Y2Y,2025-12-19,0.68,2026-09-28,2026-09-28
T10Y2Y,2025-12-22,0.73,2026-09-28,2026-09-28
T10Y2Y,2025-12-23,0.7,2026-09-28,2026-09-28
T10Y2Y,2025-12-24,0.68,2026-09-28,2026-09-28
T10Y2Y,2025-12-25,.,2026-09-28,2026-09-28
T10Y2Y,2025-12-26,0.68,2026-09-28,2026-09-28
T10Y2Y,2025-12-29,0.67,2026-09-28,2026-09-28
T10Y2Y,2025-12-30,0.69,2026-09-28,2026-09-28
T10Y2Y,2025-12-31,0.71,2026-09-28,2026-09-28
T10Y2Y,2026-01-01,.,2026-09-28,2026-09-28
T10Y2Y,2026-01-02,0.72,2026-09-28,2026-09-28
T10Y2Y,2026-01-05,0.71,2026-09-28,2026-09-28
T10Y2Y,2026-01-06,0.71,2026-09-28,2026-09-28
T10Y2Y,2026-01-07,0.68,2026-09-28,2026-09-28
T10Y2Y,2026-01-08,0.7,2026-09-28,2026-09-28
T10Y2Y,2026-01-09,0.64,2026-09-28,2026-09-28
T10Y2Y,2026-01-12,0.65,2026-09-28,2026-09-28
T10Y2Y,2026-01-13,0.65,2026-09-28,2026-09-28
T10Y2Y,2026-01-14,0.64,2026-09-28,2026-09-28
T10Y2Y,2026-01-15,0.61,2026-09-28,2026-09-28
T10Y2Y,2026-01-16,0.65,2026-09-28,2026-09-28
T10Y2Y,2026-01-19,.,2026-09-28,2026-09-28
T10Y2Y,2026-01-20,0.7,2026-09-28,2026-09-28
T10Y2Y,2026-01-21,0.66,2026-09-28,2026-09-28
T10Y2Y,2026-01-22,0.65,2026-09-28,2026-09-28
T10Y2Y,2026-01-23,0.64,2026-09-28,2026-09-28
T10Y2Y,2026-01-26,0.66,2026-09-28,2026-09-28
T10Y2Y,2026-01-27,0.71,2026-09-28,2026-09-28
T10Y2Y,2026-01-28,0.7,2026-09-28,2026-09-28
T10Y2Y,2026-01-29,0.71,2026-09-28,2026-09-28
T10Y2Y,2026-01-30,0.74,2026-09-28,2026-09-28
T10Y2Y,2026-02-02,0.72,2026-09-28,2026-09-28
T10Y2Y,2026-02-03,0.71,2026-09-28,2026-09-28
T10Y2Y,2026-02-04,0.72,2026-09-28,2026-09-28
T10Y2Y,2026-02-05,0.74,2026-09-28,2026-09-28
T10Y2Y,2026-02-06,0.72,2026-09-28,2026-09-28
T10Y2Y,2026-02-09,0.74,2026-09-28,2026-09-28
T10Y2Y,2026-02-10,0.71,2026-09-28,2026-09-28
T10Y2Y,2026-02-11,0.66,2026-09-28,2026-09-28
T10Y2Y,2026-02-12,0.62,2026-09-28,2026-09-28
T10Y2Y,2026-02-13,0.64,2026-09-28,2026-09-28
T10Y2Y,2026-02-16,.,2026-09-28,2026-09-28
T10Y2Y,2026-02-17,0.62,2026-09-28,2026-09-28
T10Y2Y,2026-02-18,0.62,2026-09-28,2026-09-28
T10Y2Y,2026-02-19,0.61,2026-09-28,2026-09-28
T10Y2Y,2026-02-20,0.6,2026-09-28,2026-09-28
T10Y2Y,2026-02-23,0.6,2026-09-28,2026-09-28
T10Y2Y,2026-02-24,0.61,2026-09-28,2026-09-28
T10Y2Y,2026-02-25,0.6,2026-09-28,2026-09-28
T10Y2Y,2026-02-26,0.6,2026-09-28,2026-09-28
T10Y2Y,2026-02-27,0.59,2026-09-28,2026-09-28
T10Y2Y,2026-03-02,0.58,2026-09-28,2026-09-28
T10Y2Y,2026-03-03,0.55,2026-09-28,2026-09-28
T10Y2Y,2026-03-04,0.55,2026-09-28,2026-09-28
T10Y2Y,2026-03-05,0.56,2026-09-28,2026-09-28
T10Y2Y,2026-03-06,0.59,2026-09-28,2026-09-28
T10Y2Y,2026-03-09,0.56,2026-09-28,2026-09-28
T10Y2Y,2026-03-10,0.58,2026-09-28,2026-09-28
T10Y2Y,2026-03-11,0.57,2026-09-28,2026-09-28
T10Y2Y,2026-03-12,0.51,2026-09-28,2026-09-28
T10Y2Y,2026-03-13,0.55,2026-09-28,2026-09-28
T10Y2Y,2026-03-16,0.55,2026-09-28,2026-09-28
T10Y2Y,2026-03-17,0.52,2026-09-28,2026-09-28
T10Y2Y,2026-03-18,0.5,2026-09-28,2026-09-28
T10Y2Y,2026-03-19,0.46,2026-09-28,2026-09-28
T10Y2Y,2026-03-20,0.51,2026-09-28,2026-09-28
T10Y2Y,2026-03-23,0.51,2026-09-28,2026-09-28
T10Y2Y,2026-03-24,0.49,2026-09-28,2026-09-28
T10Y2Y,2026-03-25,0.49,2026-09-28,2026-09-28
T10Y2Y,2026-03-26,0.46,2026-09-28,2026-09-28
T10Y2Y,2026-03-27,0.56,2026-09-28,2026-09-28
T10Y2Y,2026-03-30,0.53,2026-09-28,2026-09-28
T10Y2Y,2026-03-31,0.51,2026-09-28,2026-09-28
T10Y2Y,2026-04-01,0.52,2026-09-28,2026-09-28
T10Y2Y,2026-04-02,0.52,2026-09-28,2026-09-28
T10Y2Y,2026-04-03,0.51,2026-09-28,2026-09-28
T10Y2Y,2026-04-06,0.5,2026-09-28,2026-09-28
T10Y2Y,2026-04-07,0.52,2026-09-28,2026-09-28
T10Y2Y,2026-04-08,0.5,2026-09-28,2026-09-28
T10Y2Y,2026-04-09,0.51,2026-09-28,2026-09-28
T10Y2Y,2026-04-10,0.5,2026-09-28,2026-09-28
T10Y2Y,2026-04-13,0.52,2026-09-28,2026-09-28
T10Y2Y,2026-04-14,0.5,2026-09-28,2026-09-28
T10Y2Y,2026-04-15,0.53,2026-09-28,2026-09-28
T10Y2Y,2026-04-16,0.54,2026-09-28,2026-09-28
T10Y2Y,2026-04-17,0.55,2026-09-28,2026-09-28
T10Y2Y,2026-04-20,0.54,2026-09-28,2026-09-28
T10Y2Y,2026-04-21,0.52,2026-09-28,2026-09-28
T10Y2Y,2026-04-22,0.51,2026-09-28,2026-09-28
T10Y2Y,2026-04-23,0.51,2026-09-28,2026-09-28
T10Y2Y,2026-04-24,0.53,2026-09-28,2026-09-28
T10Y2Y,2026-04-27,0.57,2026-09-28,2026-09-28
T10Y2Y,2026-04-28,0.52,2026-09-28,2026-09-28
T10Y2Y,2026-04-29,0.5,2026-09-28,2026-09-28
T10Y2Y,2026-04-30,0.52,2026-09-28,2026-09-28
T10Y2Y,2026-05-01,0.51,2026-09-28,2026-09-28
T10Y2Y,2026-05-04,0.5,2026-09-28,2026-09-28
T10Y2Y,2026-05-05,0.5,2026-09-28,2026-09-28
T10Y2Y,2026-05-06,0.49,2026-09-28,2026-09-28
T10Y2Y,2026-05-07,0.49,2026-09-28,2026-09-28
T10Y2Y,2026-05-08,0.48,2026-09-28,2026-09-28
T10Y2Y,2026-05-11,0.47,2026-09-28,2026-09-28
T10Y2Y,2026-05-12,0.46,2026-09-28,2026-09-28
T10Y2Y,2026-05-13,0.48,2026-09-28,2026-09-28
T10Y2Y,2026-05-14,0.47,2026-09-28,2026-09-28
T10Y2Y,2026-05-15,0.5,2026-09-28,2026-09-28
T10Y2Y,2026-05-18,0.54,2026-09-28,2026-09-28
T10Y2Y,2026-05-19,0.54,2026-09-28,2026-09-28
T10Y2Y,2026-05-20,0.53,2026-09-28,2026-09-28
T10Y2Y,2026-05-21,0.49,2026-09-28,2026-09-28
T10Y2Y,2026-05-22,0.43,2026-09-28,2026-09-28
T10Y2Y,2026-05-25,.,2026-09-28,2026-09-28
T10Y2Y,2026-05-26,0.49,2026-09-28,2026-09-28
T10Y2Y,2026-05-27,0.48,2026-09-28,2026-09-28
T10Y2Y,2026-05-28,0.46,2026-09-28,2026-09-28
T10Y2Y,2026-05-29,0.47,2026-09-28,2026-09-28
T10Y2Y,2026-06-01,0.42,2026-09-28,2026-09-28
T10Y2Y,2026-06-02,0.41,2026-09-28,2026-09-28
T10Y2Y,2026-06-03,0.41,2026-09-28,2026-09-28
T10Y2Y,2026-06-04,0.42,2026-09-28,2026-09-28
T10Y2Y,2026-06-05,0.38,2026-09-28,2026-09-28
T10Y2Y,2026-06-08,0.41,2026-09-28,2026-09-28
T10Y2Y,2026-06-09,0.4,2026-09-28,2026-09-28
T10Y2Y,2026-06-10,0.42,2026-09-28,2026-09-28
T10Y2Y,2026-06-11,0.4,2026-09-28,2026-09-28
T10Y2Y,2026-06-12,0.39,2026-09-28,2026-09-28
T10Y2Y,2026-06-15,0.4,2026-09-28,2026-09-28
T10Y2Y,2026-06-16,0.38,2026-09-28,2026-09-28
T10Y2Y,2026-06-17,0.29,2026-09-28,2026-09-28
T10Y2Y,2026-06-18,0.27,2026-09-28,2026-09-28
T10Y2Y,2026-06-19,.,2026-09-28,2026-09-28
T10Y2Y,2026-06-22,0.27,2026-09-28,2026-09-28
T10Y2Y,2026-06-23,0.34,2026-09-28,2026-09-28
T10Y2Y,2026-06-24,0.3,2026-09-28,2026-09-28
T10Y2Y,2026-06-25,0.31,2026-09-28,2026-09-28
T10Y2Y,2026-06-26,0.31,2026-09-28,2026-09-28
T10Y2Y,2026-06-29,0.28,2026-09-28,2026-09-28
T10Y2Y,2026-06-30,0.3,2026-09-28,2026-09-28
T10Y2Y,2026-07-01,0.31,2026-09-28,2026-09-28
T10Y2Y,2026-07-02,0.35,2026-09-28,2026-09-28
T10Y2Y,2026-07-03,.,2026-09-28,2026-09-28
T10Y2Y,2026-07-06,0.35,2026-09-28,2026-09-28
T10Y2Y,2026-07-07,0.36,2026-09-28,2026-09-28
T10Y2Y,2026-07-08,0.35,2026-09-28,2026-09-28
T10Y2Y,2026-07-09,0.38,2026-09-28,2026-09-28
T10Y2Y,2026-07-10,0.35,2026-09-28,2026-09-28
T10Y2Y,2026-07-13,0.36,2026-09-28,2026-09-28
T10Y2Y,2026-07-14,0.4,2026-09-28,2026-09-28
T10Y2Y,2026-07-15,0.42,2026-09-28,2026-09-28
T10Y2Y,2026-07-16,0.41,2026-09-28,2026-09-28
T10Y2Y,2026-07-17,0.37,2026-09-28,2026-09-28
T10Y2Y,2026-07-20,0.39,2026-09-28,2026-09-28
T10Y2Y,2026-07-21,0.37,2026-09-28,2026-09-28
T10Y2Y,2026-07-22,0.36,2026-09-28,2026-09-28
T10Y2Y,2026-07-23,0.34,2026-09-28,2026-09-28
T10Y2Y,2026-07-24,0.36,2026-09-28,2026-09-28
T10Y2Y,2026-07-27,0.34,2026-09-28,2026-09-28
T10Y2Y,2026-07-28,0.35,2026-09-28,2026-09-28
T10Y2Y,2026-07-29,0.45,2026-09-28,2026-09-28
T10Y2Y,2026-07-30,0.45,2026-09-28,2026-09-28
T10Y2Y,2026-07-31,0.47,2026-09-28,2026-09-28
T10Y2Y,2026-08-03,0.45,2026-09-28,2026-09-28
T10Y2Y,2026-08-04,0.43,2026-09-28,2026-09-28
T10Y2Y,2026-08-05,0.45,2026-09-28,2026-09-28
T10Y2Y,2026-08-06,0.44,2026-09-28,2026-09-28
T10Y2Y,2026-08-07,0.46,2026-09-28,2026-09-28
T10Y2Y,2026-08-10,0.47,2026-09-28,2026-09-28
T10Y2Y,2026-08-11,0.48,2026-09-28,2026-09-28
T10Y2Y,2026-08-12,0.48,2026-09-28,2026-09-28
T10Y2Y,2026-08-13,0.48,2026-09-28,2026-09-28
T10Y2Y,2026-08-14,0.51,2026-09-28,2026-09-28
T10Y2Y,2026-08-17,0.53,2026-09-28,2026-09-28
T10Y2Y,2026-08-18,0.52,2026-09-28,2026-09-28
T10Y2Y,2026-08-19,0.46,2026-09-28,2026-09-28
T10Y2Y,2026-08-20,0.5,2026-09-28,2026-09-28
T10Y2Y,2026-08-21,0.5,2026-09-28,2026-09-28
T10Y2Y,2026-08-24,0.46,2026-09-28,2026-09-28
T10Y2Y,2026-08-25,0.47,2026-09-28,2026-09-28
T10Y2Y,2026-08-26,0.47,2026-09-28,2026-09-28
T10Y2Y,2026-08-27,0.47,2026-09-28,2026-09-28
T10Y2Y,2026-08-28,0.39,2026-09-28,2026-09-28
T10Y2Y,2026-08-31,0.41,2026-09-28,2026-09-28
T10Y2Y,2026-09-01,0.4,2026-09-28,2026-09-28
T10Y2Y,2026-09-02,0.4,2026-09-28,2026-09-28
T10Y2Y,2026-09-03,0.43,2026-09-28,2026-09-28
T10Y2Y,2026-09-04,0.41,2026-09-28,2026-09-28
T10Y2Y,2026-09-07,.,2026-09-28,2026-09-28
T10Y2Y,2026-09-08,0.41,2026-09-28,2026-09-28
T10Y2Y,2026-09-09,0.4,2026-09-28,2026-09-28
T10Y2Y,2026-09-10,0.39,2026-09-28,2026-09-28
T10Y2Y,2026-09-11,0.33,2026-09-28,2026-09-28
T10Y2Y,2026-09-14,0.32,2026-09-28,2026-09-28
T10Y2Y,2026-09-15,0.33,2026-09-28,2026-09-28
T10Y2Y,2026-09-16,0.27,2026-09-28,2026-09-28
T10Y2Y,2026-09-17,0.27,2026-09-28,2026-09-28
T10Y2Y,2026-09-18,0.25,2026-09-28,2026-09-28
T10Y2Y,2026-09-21,0.2,2026-09-28,2026-09-28
T10Y2Y,2026-09-22,0.25,2026-09-28,2026-09-28
T10Y2Y,2026-09-23,0.26,2026-09-28,2026-09-28
T10Y2Y,2026-09-24,0.31,2026-09-28,2026-09-28
T10Y2Y,2026-09-25,0.36,2026-09-28,2026-09-28
T10Y2Y,2026-09-28,0.32,2026-09-28,2026-09-28
MORTGAGE30US,2024-01-04,6.62,2026-09-24,2026-09-24
MORTGAGE30US,2024-01-11,6.66,2026-09-24,2026-09-24
MORTGAGE30US,2024-01-18,6.6,2026-09-24,2026-09-24
MORTGAGE30US,2024-01-25,6.69,2026-09-24,2026-09-24
MORTGAGE30US,2024-02-01,6.63,2026-09-24,2026-09-24
MORTGAGE30US,2024-02-08,6.64,2026-09-24,2026-09-24
MORTGAGE30US,2024-02-15,6.77,2026-09-24,2026-09-24
MORTGAGE30US,2024-02-22,6.9,2026-09-24,2026-09-24
MORTGAGE30US,2024-02-29,6.94,2026-09-24,2026-09-24
MORTGAGE30US,2024-03-07,6.88,2026-09-24,2026-09-24
MORTGAGE30US,2024-03-14,6.74,2026-09-24,2026-09-24
MORTGAGE30US,2024-03-21,6.87,2026-09-24,2026-09-24
MORTGAGE30US,2024-03-28,6.79,2026-09-24,2026-09-24
MORTGAGE30US,2024-04-04,6.82,2026-09-24,2026-09-24
MORTGAGE30US,2024-04-11,6.88,2026-09-24,2026-09-24
MORTGAGE30US,2024-04-18,7.1,2026-09-24,2026-09-24
MORTGAGE30US,2024-04-25,7.17,2026-09-24,2026-09-24
MORTGAGE30US,2024-05-02,7.22,2026-09-24,2026-09-24
MORTGAGE30US,2024-05-09,7.09,2026-09-24,2026-09-24
MORTGAGE30US,2024-05-16,7.02,2026-09-24,2026-09-24
MORTGAGE30US,2024-05-23,6.94,2026-09-24,2026-09-24
MORTGAGE30US,2024-05-30,7.03,2026-09-24,2026-09-24
MORTGAGE30US,2024-06-06,6.99,2026-09-24,2026-09-24
MORTGAGE30US,2024-06-13,6.95,2026-09-24,2026-09-24
MORTGAGE30US,2024-06-20,6.87,2026-09-24,2026-09-24
MORTGAGE30US,2024-06-27,6.86,2026-09-24,2026-09-24
MORTGAGE30US,2024-07-03,6.95,2026-09-24,2026-09-24
MORTGAGE30US,2024-07-11,6.89,2026-09-24,2026-09-24
MORTGAGE30US,2024-07-18,6.77,2026-09-24,2026-09-24
MORTGAGE30US,2024-07-25,6.78,2026-09-24,2026-09-24
MORTGAGE30US,2024-08-01,6.73,2026-09-24,2026-09-24
MORTGAGE30US,2024-08-08,6.47,2026-09-24,2026-09-24
MORTGAGE30US,2024-08-15,6.49,2026-09-24,2026-09-24
MORTGAGE30US,2024-08-22,6.46,2026-09-24,2026-09-24
MORTGAGE30US,2024-08-29,6.35,2026-09-24,2026-09-24
MORTGAGE30US,2024-09-05,6.35,2026-09-24,2026-09-24
MORTGAGE30US,2024-09-12,6.2,2026-09-24,2026-09-24
MORTGAGE30US,2024-09-19,6.09,2026-09-24,2026-09-24
MORTGAGE30US,2024-09-26,6.08,2026-09-24,2026-09-24
MORTGAGE30US,2024-10-03,6.12,2026-09-24,2026-09-24
MORTGAGE30US,2024-10-10,6.32,2026-09-24,2026-09-24
MORTGAGE30US,2024-10-17,6.44,2026-09-24,2026-09-24
MORTGAGE30US,2024-10-24,6.54,2026-09-24,2026-09-24
MORTGAGE30US,2024-10-31,6.72,2026-09-24,2026-09-24
MORTGAGE30US,2024-11-07,6.79,2026-09-24,2026-09-24
MORTGAGE30US,2024-11-14,6.78,2026-09-24,2026-09-24
MORTGAGE30US,2024-11-21,6.84,2026-09-24,2026-09-24
MORTGAGE30US,2024-11-27,6.81,2026-09-24,2026-09-24
MORTGAGE30US,2024-12-05,6.69,2026-09-24,2026-09-24
MORTGAGE30US,2024-12-12,6.6,2026-09-24,2026-09-24
MORTGAGE30US,2024-12-19,6.72,2026-09-24,2026-09-24
MORTGAGE30US,2024-12-26,6.85,2026-09-24,2026-09-24
MORTGAGE30US,2025-01-02,6.91,2026-09-24,2026-09-24
MORTGAGE30US,2025-01-09,6.93,2026-09-24,2026-09-24
MORTGAGE30US,2025-01-16,7.04,2026-09-24,2026-09-24
MORTGAGE30US,2025-01-23,6.96,2026-09-24,2026-09-24
MORTGAGE30US,2025-01-30,6.95,2026-09-24,2026-09-24
MORTGAGE30US,2025-02-06,6.89,2026-09-24,2026-09-24
MORTGAGE30US,2025-02-13,6.87,2026-09-24,2026-09-24
MORTGAGE30US,2025-02-20,6.85,2026-09-24,2026-09-24
MORTGAGE30US,2025-02-27,6.76,2026-09-24,2026-09-24
MORTGAGE30US,2025-03-06,6.63,2026-09-24,2026-09-24
MORTGAGE30US,2025-03-13,6.65,2026-09-24,2026-09-24
MORTGAGE30US,2025-03-20,6.67,2026-09-24,2026-09-24
MORTGAGE30US,2025-03-27,6.65,2026-09-24,2026-09-24
MORTGAGE30US,2025-04-03,6.64,2026-09-24,2026-09-24
MORTGAGE30US,2025-04-10,6.62,2026-09-24,2026-09-24
MORTGAGE30US,2025-04-17,6.83,2026-09-24,2026-09-24
MORTGAGE30US,2025-04-24,6.81,2026-09-24,2026-09-24
MORTGAGE30US,2025-05-01,6.76,2026-09-24,2026-09-24
MORTGAGE30US,2025-05-08,6.76,2026-09-24,2026-09-24
MORTGAGE30US,2025-05-15,6.81,2026-09-24,2026-09-24
MORTGAGE30US,2025-05-22,6.86,2026-09-24,2026-09-24
MORTGAGE30US,2025-05-29,6.89,2026-09-24,2026-09-24
MORTGAGE30US,2025-06-05,6.85,2026-09-24,2026-09-24
MORTGAGE30US,2025-06-12,6.84,2026-09-24,2026-09-24
MORTGAGE30US,2025-06-18,6.81,2026-09-24,2026-09-24
MORTGAGE30US,2025-06-26,6.77,2026-09-24,2026-09-24
MORTGAGE30US,2025-07-03,6.67,2026-09-24,2026-09-24
MORTGAGE30US,2025-07-10,6.72,2026-09-24,2026-09-24
MORTGAGE30US,2025-07-17,6.75,2026-09-24,2026-09-24
MORTGAGE30US,2025-07-24,6.74,2026-09-24,2026-09-24
MORTGAGE30US,2025-07-31,6.72,2026-09-24,2026-09-24
MORTGAGE30US,2025-08-07,6.63,2026-09-24,2026-09-24
MORTGAGE30US,2025-08-14,6.58,2026-09-24,2026-09-24
MORTGAGE30US,2025-08-21,6.58,2026-09-24,2026-09-24
MORTGAGE30US,2025-08-28,6.56,2026-09-24,2026-09-24
MORTGAGE30US,2025-09-04,6.5,2026-09-24,2026-09-24
MORTGAGE30US,2025-09-11,6.35,2026-09-24,2026-09-24
MORTGAGE30US,2025-09-18,6.26,2026-09-24,2026-09-24
MORTGAGE30US,2025-09-25,6.3,2026-09-24,2026-09-24
MORTGAGE30US,2025-10-02,6.34,2026-09-24,2026-09-24
MORTGAGE30US,2025-10-09,6.3,2026-09-24,2026-09-24
MORTGAGE30US,2025-10-16,6.27,2026-09-24,2026-09-24
MORTGAGE30US,2025-10-23,6.19,2026-09-24,2026-09-24
MORTGAGE30US,2025-10-30,6.17,2026-09-24,2026-09-24
MORTGAGE30US,2025-11-06,6.22,2026-09-24,2026-09-24
MORTGAGE30US,2025-11-13,6.24,2026-09-24,2026-09-24
MORTGAGE30US,2025-11-20,6.26,2026-09-24,2026-09-24
MORTGAGE30US,2025-11-26,6.23,2026-09-24,2026-09-24
MORTGAGE30US,2025-12-04,6.19,2026-09-24,2026-09-24
MORTGAGE30US,2025-12-11,6.22,2026-09-24,2026-09-24
MORTGAGE30US,2025-12-18,6.21,2026-09-24,2026-09-24
MORTGAGE30US,2025-12-24,6.18,2026-09-24,2026-09-24
MORTGAGE30US,2025-12-31,6.15,2026-09-24,2026-09-24
MORTGAGE30US,2026-01-08,6.16,2026-09-24,2026-09-24
MORTGAGE30US,2026-01-15,6.06,2026-09-24,2026-09-24
MORTGAGE30US,2026-01-22,6.09,2026-09-24,2026-09-24
MORTGAGE30US,2026-01-29,6.1,2026-09-24,2026-09-24
MORTGAGE30US,2026-02-05,6.11,2026-09-24,2026-09-24
MORTGAGE30US,2026-02-12,6.09,2026-09-24,2026-09-24
MORTGAGE30US,2026-02-19,6.01,2026-09-24,2026-09-24
MORTGAGE30US,2026-02-26,5.98,2026-09-24,2026-09-24
MORTGAGE30US,2026-03-05,6.0,2026-09-24,2026-09-24
MORTGAGE30US,2026-03-12,6.11,2026-09-24,2026-09-24
MORTGAGE30US,2026-03-19,6.22,2026-09-24,2026-09-24
MORTGAGE30US,2026-03-26,6.38,2026-09-24,2026-09-24
MORTGAGE30US,2026-04-02,6.46,2026-09-24,2026-09-24
MORTGAGE30US,2026-04-09,6.37,2026-09-24,2026-09-24
MORTGAGE30US,2026-04-16,6.3,2026-09-24,2026-09-24
MORTGAGE30US,2026-04-23,6.23,2026-09-24,2026-09-24
MORTGAGE30US,2026-04-30,6.3,2026-09-24,2026-09-24
MORTGAGE30US,2026-05-07,6.37,2026-09-24,2026-09-24
MORTGAGE30US,2026-05-14,6.36,2026-09-24,2026-09-24
MORTGAGE30US,2026-05-21,6.51,2026-09-24,2026-09-24
MORTGAGE30US,2026-05-28,6.53,2026-09-24,2026-09-24
MORTGAGE30US,2026-06-04,6.48,2026-09-24,2026-09-24
MORTGAGE30US,2026-06-11,6.52,2026-09-24,2026-09-24
MORTGAGE30US,2026-06-18,6.47,2026-09-24,2026-09-24
MORTGAGE30US,2026-06-25,6.49,2026-09-24,2026-09-24
MORTGAGE30US,2026-07-02,6.43,2026-09-24,2026-09-24
MORTGAGE30US,2026-07-09,6.49,2026-09-24,2026-09-24
MORTGAGE30US,2026-07-16,6.55,2026-09-24,2026-09-24
MORTGAGE30US,2026-07-23,6.58,2026-09-24,2026-09-24
MORTGAGE30US,2026-07-30,6.66,2026-09-24,2026-09-24
MORTGAGE30US,2026-08-06,6.69,2026-09-24,2026-09-24
MORTGAGE30US,2026-08-13,6.67,2026-09-24,2026-09-24
MORTGAGE30US,2026-08-20,6.65,2026-09-24,2026-09-24
MORTGAGE30US,2026-08-27,6.66,2026-09-24,2026-09-24
MORTGAGE30US,2026-09-03,6.71,2026-09-24,2026-09-24
MORTGAGE30US,2026-09-10,6.76,2026-09-24,2026-09-24
MORTGAGE30US,2026-09-17,6.95,2026-09-24,2026-09-24
MORTGAGE30US,2026-09-24,7.03,2026-09-24,2026-09-24
CPIAUCSL,2024-01-01,309.698,2026-09-11,2026-09-11
CPIAUCSL,2024-02-01,310.967,2026-09-11,2026-09-11
CPIAUCSL,2024-03-01,312.345,2026-09-11,2026-09-11
CPIAUCSL,2024-04-01,313.023,2026-09-11,2026-09-11
CPIAUCSL,2024-05-01,313.175,2026-09-11,2026-09-11
CPIAUCSL,2024-06-01,313.044,2026-09-11,2026-09-11
CPIAUCSL,2024-07-01,313.569,2026-09-11,2026-09-11
CPIAUCSL,2024-08-01,314.062,2026-09-11,2026-09-11
CPIAUCSL,2024-09-01,314.732,2026-09-11,2026-09-11
CPIAUCSL,2024-10-01,315.631,2026-09-11,2026-09-11
CPIAUCSL,2024-11-01,316.528,2026-09-11,2026-09-11
CPIAUCSL,2024-12-01,317.604,2026-09-11,2026-09-11
CPIAUCSL,2025-01-01,318.961,2026-09-11,2026-09-11
CPIAUCSL,2025-02-01,319.679,2026-09-11,2026-09-11
CPIAUCSL,2025-03-01,319.785,2026-09-11,2026-09-11
CPIAUCSL,2025-04-01,320.302,2026-09-11,2026-09-11
CPIAUCSL,2025-05-01,320.620,2026-09-11,2026-09-11
CPIAUCSL,2025-06-01,321.435,2026-09-11,2026-09-11
CPIAUCSL,2025-07-01,322.169,2026-09-11,2026-09-11
CPIAUCSL,2025-08-01,323.291,2026-09-11,2026-09-11
CPIAUCSL,2025-09-01,324.245,2026-09-11,2026-09-11
CPIAUCSL,2025-10-01,.,2026-09-11,2026-09-11
CPIAUCSL,2025-11-01,325.063,2026-09-11,2026-09-11
CPIAUCSL,2025-12-01,326.031,2026-09-11,2026-09-11
CPIAUCSL,2026-01-01,326.588,2026-09-11,2026-09-11
CPIAUCSL,2026-02-01,327.460,2026-09-11,2026-09-11
CPIAUCSL,2026-03-01,330.293,2026-09-11,2026-09-11
CPIAUCSL,2026-04-01,332.407,2026-09-11,2026-09-11
CPIAUCSL,2026-05-01,333.979,2026-09-11,2026-09-11
CPIAUCSL,2026-06-01,332.568,2026-09-11,2026-09-11
CPIAUCSL,2026-07-01,332.813,2026-09-11,2026-09-11
CPIAUCSL,2026-08-01,334.131,2026-09-11,2026-09-11
DRALACBS,2024-01-01,1.42,2026-09-26,2026-09-26
DRALACBS,2024-04-01,1.48,2026-09-26,2026-09-26
DRALACBS,2024-07-01,1.5,2026-09-26,2026-09-26
DRALACBS,2024-10-01,1.5,2026-09-26,2026-09-26
DRALACBS,2025-01-01,1.51,2026-09-26,2026-09-26
DRALACBS,2025-04-01,1.49,2026-09-26,2026-09-26
DRALACBS,2025-07-01,1.46,2026-09-26,2026-09-26
DRALACBS,2025-10-01,1.46,2026-09-26,2026-09-26
DRALACBS,2026-01-01,1.45,2026-09-26,2026-09-26
DRALACBS,2026-04-01,1.42,2026-09-26,2026-09-26
CORALACBS,2024-01-01,0.62,2026-09-28,2026-09-28
CORALACBS,2024-04-01,0.66,2026-09-28,2026-09-28
CORALACBS,2024-07-01,0.68,2026-09-28,2026-09-28
CORALACBS,2024-10-01,0.64,2026-09-28,2026-09-28
CORALACBS,2025-01-01,0.64,2026-09-28,2026-09-28
CORALACBS,2025-04-01,0.61,2026-09-28,2026-09-28
CORALACBS,2025-07-01,0.63,2026-09-28,2026-09-28
CORALACBS,2025-10-01,0.58,2026-09-28,2026-09-28
CORALACBS,2026-01-01,0.56,2026-09-28,2026-09-28
CORALACBS,2026-04-01,0.55,2026-09-28,2026-09-28
ALUR,2024-01-01,2.9,2026-09-28,2026-09-28
ALUR,2024-02-01,2.9,2026-09-28,2026-09-28
ALUR,2024-03-01,2.9,2026-09-28,2026-09-28
ALUR,2024-04-01,2.9,2026-09-28,2026-09-28
ALUR,2024-05-01,2.9,2026-09-28,2026-09-28
ALUR,2024-06-01,2.9,2026-09-28,2026-09-28
ALUR,2024-07-01,3.0,2026-09-28,2026-09-28
ALUR,2024-08-01,3.0,2026-09-28,2026-09-28
ALUR,2024-09-01,3.1,2026-09-28,2026-09-28
ALUR,2024-10-01,3.1,2026-09-28,2026-09-28
ALUR,2024-11-01,3.1,2026-09-28,2026-09-28
ALUR,2024-12-01,3.1,2026-09-28,2026-09-28
ALUR,2025-01-01,3.1,2026-09-28,2026-09-28
ALUR,2025-02-01,3.0,2026-09-28,2026-09-28
ALUR,2025-03-01,3.0,2026-09-28,2026-09-28
ALUR,2025-04-01,2.9,2026-09-28,2026-09-28
ALUR,2025-05-01,2.9,2026-09-28,2026-09-28
ALUR,2025-06-01,2.9,2026-09-28,2026-09-28
ALUR,2025-07-01,2.8,2026-09-28,2026-09-28
ALUR,2025-08-01,2.8,2026-09-28,2026-09-28
ALUR,2025-09-01,2.8,2026-09-28,2026-09-28
ALUR,2025-10-01,.,2026-09-28,2026-09-28
ALUR,2025-11-01,2.7,2026-09-28,2026-09-28
ALUR,2025-12-01,2.7,2026-09-28,2026-09-28
ALUR,2026-01-01,2.7,2026-09-28,2026-09-28
ALUR,2026-02-01,2.7,2026-09-28,2026-09-28
ALUR,2026-03-01,2.7,2026-09-28,2026-09-28
ALUR,2026-04-01,2.8,2026-09-28,2026-09-28
ALUR,2026-05-01,3.0,2026-09-28,2026-09-28
ALUR,2026-06-01,3.2,2026-09-28,2026-09-28
ALUR,2026-07-01,3.4,2026-09-28,2026-09-28
ALUR,2026-08-01,3.4,2026-09-28,2026-09-28
ALPOP,2024-01-01,5163.055,2026-09-28,2026-09-28
ALPOP,2025-01-01,5193.088,2026-09-28,2026-09-28
MEHOINUSALA646N,2024-01-01,64840,2026-09-28,2026-09-28
MEHOINUSALA646N,2025-01-01,68410,2026-09-28,2026-09-28
ALPCPI,2024-01-01,57251.0,2026-09-28,2026-09-28
ALPCPI,2025-01-01,59677.0,2026-09-28,2026-09-28
ALSTHPI,2024-01-01,496.49,2026-09-28,2026-09-28
ALSTHPI,2024-04-01,506.84,2026-09-28,2026-09-28
ALSTHPI,2024-07-01,513.53,2026-09-28,2026-09-28
ALSTHPI,2024-10-01,518.91,2026-09-28,2026-09-28
ALSTHPI,2025-01-01,518.44,2026-09-28,2026-09-28
ALSTHPI,2025-04-01,528.51,2026-09-28,2026-09-28
ALSTHPI,2025-07-01,529.28,2026-09-28,2026-09-28
ALSTHPI,2025-10-01,537.44,2026-09-28,2026-09-28
ALSTHPI,2026-01-01,540.7,2026-09-28,2026-09-28
ALSTHPI,2026-04-01,548.12,2026-09-28,2026-09-28
ALNGSP,2024-01-01,325345.1,2026-09-28,2026-09-28
ALNGSP,2025-01-01,341154.2,2026-09-28,2026-09-28
AKUR,2024-01-01,4.5,2026-09-28,2026-09-28
AKUR,2024-02-01,4.5,2026-09-28,2026-09-28
AKUR,2024-03-01,4.5,2026-09-28,2026-09-28
AKUR,2024-04-01,4.5,2026-09-28,2026-09-28
AKUR,2024-05-01,4.5,2026-09-28,2026-09-28
AKUR,2024-06-01,4.5,2026-09-28,2026-09-28
AKUR,2024-07-01,4.6,2026-09-28,2026-09-28
AKUR,2024-08-01,4.6,2026-09-28,2026-09-28
AKUR,2024-09-01,4.6,2026-09-28,2026-09-28
AKUR,2024-10-01,4.6,2026-09-28,2026-09-28
AKUR,2024-11-01,4.6,2026-09-28,2026-09-28
AKUR,2024-12-01,4.5,2026-09-28,2026-09-28
AKUR,2025-01-01,4.5,2026-09-28,2026-09-28
AKUR,2025-02-01,4.6,2026-09-28,2026-09-28
AKUR,2025-03-01,4.6,2026-09-28,2026-09-28
AKUR,2025-04-01,4.6,2026-09-28,2026-09-28
AKUR,2025-05-01,4.6,2026-09-28,2026-09-28
AKUR,2025-06-01,4.6,2026-09-28,2026-09-28
AKUR,2025-07-01,4.6,2026-09-28,2026-09-28
AKUR,2025-08-01,4.6,2026-09-28,2026-09-28
AKUR,2025-09-01,4.7,2026-09-28,2026-09-28
AKUR,2025-10-01,.,2026-09-28,2026-09-28
AKUR,2025-11-01,4.8,2026-09-28,2026-09-28
AKUR,2025-12-01,4.8,2026-09-28,2026-09-28
AKUR,2026-01-01,4.8,2026-09-28,2026-09-28
AKUR,2026-02-01,4.7,2026-09-28,2026-09-28
AKUR,2026-03-01,4.7,2026-09-28,2026-09-28
AKUR,2026-04-01,4.6,2026-09-28,2026-09-28
AKUR,2026-05-01,4.6,2026-09-28,2026-09-28
AKUR,2026-06-01,4.4,2026-09-28,2026-09-28
AKUR,2026-07-01,4.3,2026-09-28,2026-09-28
AKUR,2026-08-01,4.3,2026-09-28,2026-09-28
AKPOP,2024-01-01,736.537,2026-09-28,2026-09-28
AKPOP,2025-01-01,737.27,2026-09-28,2026-09-28
MEHOINUSAKA646N,2024-01-01,89800,2026-09-28,2026-09-28
MEHOINUSAKA646N,2025-01-01,102500,2026-09-28,2026-09-28
AKPCPI,2024-01-01,76606.0,2026-09-28,2026-09-28
AKPCPI,2025-01-01,80175.0,2026-09-28,2026-09-28
AKSTHPI,2024-01-01,444.6,2026-09-28,2026-09-28
AKSTHPI,2024-04-01,454.38,2026-09-28,2026-09-28
AKSTHPI,2024-07-01,461.44,2026-09-28,2026-09-28
AKSTHPI,2024-10-01,456.31,2026-09-28,2026-09-28
AKSTHPI,2025-01-01,461.92,2026-09-28,2026-09-28
AKSTHPI,2025-04-01,475.57,2026-09-28,2026-09-28
AKSTHPI,2025-07-01,476.83,2026-09-28,2026-09-28
AKSTHPI,2025-10-01,485.22,2026-09-28,2026-09-28
AKSTHPI,2026-01-01,494.25,2026-09-28,2026-09-28
AKSTHPI,2026-04-01,494.13,2026-09-28,2026-09-28
AKNGSP,2024-01-01,71567.2,2026-09-28,2026-09-28
AKNGSP,2025-01-01,75011.6,2026-09-28,2026-09-28
AZUR,2024-01-01,3.5,2026-09-28,2026-09-28
AZUR,2024-02-01,3.4,2026-09-28,2026-09-28
AZUR,2024-03-01,3.4,2026-09-28,2026-09-28
AZUR,2024-04-01,3.5,2026-09-28,2026-09-28
AZUR,2024-05-01,3.5,2026-09-28,2026-09-28
AZUR,2024-06-01,3.6,2026-09-28,2026-09-28
AZUR,2024-07-01,3.7,2026-09-28,2026-09-28
AZUR,2024-08-01,3.8,2026-09-28,2026-09-28
AZUR,2024-09-01,3.9,2026-09-28,2026-09-28
AZUR,2024-10-01,4.0,2026-09-28,2026-09-28
AZUR,2024-11-01,4.0,2026-09-28,2026-09-28
AZUR,2024-12-01,4.1,2026-09-28,2026-09-28
AZUR,2025-01-01,4.2,2026-09-28,2026-09-28
AZUR,2025-02-01,4.2,2026-09-28,2026-09-28
AZUR,2025-03-01,4.2,2026-09-28,2026-09-28
AZUR,2025-04-01,4.2,2026-09-28,2026-09-28
AZUR,2025-05-01,4.3,2026-09-28,2026-09-28
AZUR,2025-06-01,4.3,2026-09-28,2026-09-28
AZUR,2025-07-01,4.3,2026-09-28,2026-09-28
AZUR,2025-08-01,4.4,2026-09-28,2026-09-28
AZUR,2025-09-01,4.4,2026-09-28,2026-09-28
AZUR,2025-10-01,.,2026-09-28,2026-09-28
AZUR,2025-11-01,4.4,2026-09-28,2026-09-28
AZUR,2025-12-01,4.4,2026-09-28,2026-09-28
AZUR,2026-01-01,4.5,2026-09-28,2026-09-28
AZUR,2026-02-01,4.6,2026-09-28,2026-09-28
AZUR,2026-03-01,4.7,2026-09-28,2026-09-28
AZUR,2026-04-01,4.7,2026-09-28,2026-09-28
AZUR,2026-05-01,4.8,2026-09-28,2026-09-28
AZUR,2026-06-01,4.9,2026-09-28,2026-09-28
AZUR,2026-07-01,4.9,2026-09-28,2026-09-28
AZUR,2026-08-01,4.9,2026-09-28,2026-09-28
AZPOP,2024-01-01,7556.424,2026-09-28,2026-09-28
AZPOP,2025-01-01,7623.818,2026-09-28,2026-09-28
MEHOINUSAZA646N,2024-01-01,84350,2026-09-28,2026-09-28
MEHOINUSAZA646N,2025-01-01,86570,2026-09-28,2026-09-28
AZPCPI,2024-01-01,66024.0,2026-09-28,2026-09-28
AZPCPI,2025-01-01,68283.0,2026-09-28,2026-09-28
AZSTHPI,2024-01-01,698.28,2026-09-28,2026-09-28
AZSTHPI,2024-04-01,710.04,2026-09-28,2026-09-28
AZSTHPI,2024-07-01,716.05,2026-09-28,2026-09-28
AZSTHPI,2024-10-01,716.44,2026-09-28,2026-09-28
AZSTHPI,2025-01-01,715.97,2026-09-28,2026-09-28
AZSTHPI,2025-04-01,724.44,2026-09-28,2026-09-28
AZSTHPI,2025-07-01,724.8,2026-09-28,2026-09-28
AZSTHPI,2025-10-01,728.62,2026-09-28,2026-09-28
AZSTHPI,2026-01-01,732.7,2026-09-28,2026-09-28
AZSTHPI,2026-04-01,731.21,2026-09-28,2026-09-28
AZNGSP,2024-01-01,570088.6,2026-09-28,2026-09-28
AZNGSP,2025-01-01,598188.8,2026-09-28,2026-09-28
ARUR,2024-01-01,3.4,2026-09-28,2026-09-28
ARUR,2024-02-01,3.4,2026-09-28,2026-09-28
ARUR,2024-03-01,3.4,2026-09-28,2026-09-28
ARUR,2024-04-01,3.4,2026-09-28,2026-09-28
ARUR,2024-05-01,3.4,2026-09-28,2026-09-28
ARUR,2024-06-01,3.4,2026-09-28,2026-09-28
ARUR,2024-07-01,3.5,2026-09-28,2026-09-28
ARUR,2024-08-01,3.5,2026-09-28,2026-09-28
ARUR,2024-09-01,3.5,2026-09-28,2026-09-28
ARUR,2024-10-01,3.6,2026-09-28,2026-09-28
ARUR,2024-11-01,3.7,2026-09-28,2026-09-28
ARUR,2024-12-01,3.7,2026-09-28,2026-09-28
ARUR,2025-01-01,3.8,2026-09-28,2026-09-28
ARUR,2025-02-01,3.8,2026-09-28,2026-09-28
ARUR,2025-03-01,3.9,2026-09-28,2026-09-28
ARUR,2025-04-01,3.9,2026-09-28,2026-09-28
ARUR,2025-05-01,4.0,2026-09-28,2026-09-28
ARUR,2025-06-01,4.0,2026-09-28,2026-09-28
ARUR,2025-07-01,4.1,2026-09-28,2026-09-28
ARUR,2025-08-01,4.2,2026-09-28,2026-09-28
ARUR,2025-09-01,4.2,2026-09-28,2026-09-28
ARUR,2025-10-01,.,2026-09-28,2026-09-28
ARUR,2025-11-01,4.3,2026-09-28,2026-09-28
ARUR,2025-12-01,4.3,2026-09-28,2026-09-28
ARUR,2026-01-01,4.4,2026-09-28,2026-09-28
ARUR,2026-02-01,4.4,2026-09-28,2026-09-28
ARUR,2026-03-01,4.3,2026-09-28,2026-09-28
ARUR,2026-04-01,4.3,2026-09-28,2026-09-28
ARUR,2026-05-01,4.2,2026-09-28,2026-09-28
ARUR,2026-06-01,4.1,2026-09-28,2026-09-28
ARUR,2026-07-01,4,2026-09-28,2026-09-28
ARUR,2026-08-01,3.9,2026-09-28,2026-09-28
ARPOP,2024-01-01,3096.08,2026-09-28,2026-09-28
ARPOP,2025-01-01,3114.791,2026-09-28,2026-09-28
MEHOINUSARA646N,2024-01-01,64540,2026-09-28,2026-09-28
MEHOINUSARA646N,2025-01-01,68060,2026-09-28,2026-09-28
ARPCPI,2024-01-01,59172.0,2026-09-28,2026-09-28
ARPCPI,2025-01-01,61752.0,2026-09-28,2026-09-28
ARSTHPI,2024-01-01,436.87,2026-09-28,2026-09-28
ARSTHPI,2024-04-01,446.28,2026-09-28,2026-09-28
ARSTHPI,2024-07-01,454.43,2026-09-28,2026-09-28
ARSTHPI,2024-10-01,456.75,2026-09-28,2026-09-28
ARSTHPI,2025-01-01,459.47,2026-09-28,2026-09-28
ARSTHPI,2025-04-01,464.58,2026-09-28,2026-09-28
ARSTHPI,2025-07-01,469.86,2026-09-28,2026-09-28
ARSTHPI,2025-10-01,475.48,2026-09-28,2026-09-28
ARSTHPI,2026-01-01,477.36,2026-09-28,2026-09-28
ARSTHPI,2026-04-01,479.22,2026-09-28,2026-09-28
ARNGSP,2024-01-01,188339.6,2026-09-28,2026-09-28
ARNGSP,2025-01-01,198422.0,2026-09-28,2026-09-28
CAUR,2024-01-01,5.1,2026-09-28,2026-09-28
CAUR,2024-02-01,5.1,2026-09-28,2026-09-28
CAUR,2024-03-01,5.2,2026-09-28,2026-09-28
CAUR,2024-04-01,5.2,2026-09-28,2026-09-28
CAUR,2024-05-01,5.2,2026-09-28,2026-09-28
CAUR,2024-06-01,5.3,2026-09-28,2026-09-28
CAUR,2024-07-01,5.4,2026-09-28,2026-09-28
CAUR,2024-08-01,5.4,2026-09-28,2026-09-28
CAUR,2024-09-01,5.4,2026-09-28,2026-09-28
CAUR,2024-10-01,5.4,2026-09-28,2026-09-28
CAUR,2024-11-01,5.4,2026-09-28,2026-09-28
CAUR,2024-12-01,5.4,2026-09-28,2026-09-28
CAUR,2025-01-01,5.4,2026-09-28,2026-09-28
CAUR,2025-02-01,5.4,2026-09-28,2026-09-28
CAUR,2025-03-01,5.4,2026-09-28,2026-09-28
CAUR,2025-04-01,5.4,2026-09-28,2026-09-28
CAUR,2025-05-01,5.5,2026-09-28,2026-09-28
CAUR,2025-06-01,5.5,2026-09-28,2026-09-28
CAUR,2025-07-01,5.5,2026-09-28,2026-09-28
CAUR,2025-08-01,5.5,2026-09-28,2026-09-28
CAUR,2025-09-01,5.5,2026-09-28,2026-09-28
CAUR,2025-10-01,.,2026-09-28,2026-09-28
CAUR,2025-11-01,5.5,2026-09-28,2026-09-28
CAUR,2025-12-01,5.5,2026-09-28,2026-09-28
CAUR,2026-01-01,5.4,2026-09-28,2026-09-28
CAUR,2026-02-01,5.4,2026-09-28,2026-09-28
CAUR,2026-03-01,5.3,2026-09-28,2026-09-28
CAUR,2026-04-01,5.3,2026-09-28,2026-09-28
CAUR,2026-05-01,5.3,2026-09-28,2026-09-28
CAUR,2026-06-01,5.2,2026-09-28,2026-09-28
CAUR,2026-07-01,5.1,2026-09-28,2026-09-28
CAUR,2026-08-01,5.1,2026-09-28,2026-09-28
CAPOP,2024-01-01,39364.774,2026-09-28,2026-09-28
CAPOP,2025-01-01,39355.309,2026-09-28,2026-09-28
MEHOINUSCAA646N,2024-01-01,100700,2026-09-28,2026-09-28
MEHOINUSCAA646N,2025-01-01,100800,2026-09-28,2026-09-28
CAPCPI,2024-01-01,86378.0,2026-09-28,2026-09-28
CAPCPI,2025-01-01,91116.0,2026-09-28,2026-09-28
CASTHPI,2024-01-01,930.66,2026-09-28,2026-09-28
CASTHPI,2024-04-01,945.84,2026-09-28,2026-09-28
CASTHPI,2024-07-01,954.25,2026-09-28,2026-09-28
CASTHPI,2024-10-01,956.74,2026-09-28,2026-09-28
CASTHPI,2025-01-01,958.13,2026-09-28,2026-09-28
CASTHPI,2025-04-01,966.27,2026-09-28,2026-09-28
CASTHPI,2025-07-01,966.01,2026-09-28,2026-09-28
CASTHPI,2025-10-01,969.38,2026-09-28,2026-09-28
CASTHPI,2026-01-01,975.22,2026-09-28,2026-09-28
CASTHPI,2026-04-01,974.97,2026-09-28,2026-09-28
CANGSP,2024-01-01,4048108.1,2026-09-28,2026-09-28
CANGSP,2025-01-01,4250840.8,2026-09-28,2026-09-28
COUR,2024-01-01,3.8,2026-09-28,2026-09-28
COUR,2024-02-01,3.9,2026-09-28,2026-09-28
COUR,2024-03-01,3.9,2026-09-28,2026-09-28
COUR,2024-04-01,4.0,2026-09-28,2026-09-28
COUR,2024-05-01,4.1,2026-09-28,2026-09-28
COUR,2024-06-01,4.1,2026-09-28,2026-09-28
COUR,2024-07-01,4.2,2026-09-28,2026-09-28
COUR,2024-08-01,4.3,2026-09-28,2026-09-28
COUR,2024-09-01,4.3,2026-09-28,2026-09-28
COUR,2024-10-01,4.3,2026-09-28,2026-09-28
COUR,2024-11-01,4.3,2026-09-28,2026-09-28
COUR,2024-12-01,4.3,2026-09-28,2026-09-28
COUR,2025-01-01,4.3,2026-09-28,2026-09-28
COUR,2025-02-01,4.3,2026-09-28,2026-09-28
COUR,2025-03-01,4.2,2026-09-28,2026-09-28
COUR,2025-04-01,4.2,2026-09-28,2026-09-28
COUR,2025-05-01,4.1,2026-09-28,2026-09-28
COUR,2025-06-01,4.0,2026-09-28,2026-09-28
COUR,2025-07-01,3.9,2026-09-28,2026-09-28
COUR,2025-08-01,3.9,2026-09-28,2026-09-28
COUR,2025-09-01,3.8,2026-09-28,2026-09-28
COUR,2025-10-01,.,2026-09-28,2026-09-28
COUR,2025-11-01,3.8,2026-09-28,2026-09-28
COUR,2025-12-01,3.8,2026-09-28,2026-09-28
COUR,2026-01-01,3.9,2026-09-28,2026-09-28
COUR,2026-02-01,3.9,2026-09-28,2026-09-28
COUR,2026-03-01,3.9,2026-09-28,2026-09-28
COUR,2026-04-01,3.9,2026-09-28,2026-09-28
COUR,2026-05-01,3.9,2026-09-28,2026-09-28
COUR,2026-06-01,3.9,2026-09-28,2026-09-28
COUR,2026-07-01,3.9,2026-09-28,2026-09-28
COUR,2026-08-01,4,2026-09-28,2026-09-28
COPOP,2024-01-01,5988.502,2026-09-28,2026-09-28
COPOP,2025-01-01,6012.561,2026-09-28,2026-09-28
MEHOINUSCOA646N,2024-01-01,105500,2026-09-28,2026-09-28
MEHOINUSCOA646N,2025-01-01,102500,2026-09-28,2026-09-28
COPCPI,2024-01-01,82625.0,2026-09-28,2026-09-28
COPCPI,2025-01-01,86181.0,2026-09-28,2026-09-28
COSTHPI,2024-01-01,829.43,2026-09-28,2026-09-28
COSTHPI,2024-04-01,841.75,2026-09-28,2026-09-28
COSTHPI,2024-07-01,843.93,2026-09-28,2026-09-28
COSTHPI,2024-10-01,843.87,2026-09-28,2026-09-28
COSTHPI,2025-01-01,846.34,2026-09-28,2026-09-28
COSTHPI,2025-04-01,851.46,2026-09-28,2026-09-28
COSTHPI,2025-07-01,850.39,2026-09-28,2026-09-28
COSTHPI,2025-10-01,855.85,2026-09-28,2026-09-28
COSTHPI,2026-01-01,854.32,2026-09-28,2026-09-28
COSTHPI,2026-04-01,853.19,2026-09-28,2026-09-28
CONGSP,2024-01-01,557633.0,2026-09-28,2026-09-28
CONGSP,2025-01-01,584323.9,2026-09-28,2026-09-28
CTUR,2024-01-01,3.3,2026-09-28,2026-09-28
CTUR,2024-02-01,3.2,2026-09-28,2026-09-28
CTUR,2024-03-01,3.2,2026-09-28,2026-09-28
CTUR,2024-04-01,3.2,2026-09-28,2026-09-28
CTUR,2024-05-01,3.2,2026-09-28,2026-09-28
CTUR,2024-06-01,3.2,2026-09-28,2026-09-28
CTUR,2024-07-01,3.3,2026-09-28,2026-09-28
CTUR,2024-08-01,3.3,2026-09-28,2026-09-28
CTUR,2024-09-01,3.4,2026-09-28,2026-09-28
CTUR,2024-10-01,3.4,2026-09-28,2026-09-28
CTUR,2024-11-01,3.5,2026-09-28,2026-09-28
CTUR,2024-12-01,3.5,2026-09-28,2026-09-28
CTUR,2025-01-01,3.6,2026-09-28,2026-09-28
CTUR,2025-02-01,3.7,2026-09-28,2026-09-28
CTUR,2025-03-01,3.7,2026-09-28,2026-09-28
CTUR,2025-04-01,3.8,2026-09-28,2026-09-28
CTUR,2025-05-01,3.8,2026-09-28,2026-09-28
CTUR,2025-06-01,3.9,2026-09-28,2026-09-28
CTUR,2025-07-01,3.9,2026-09-28,2026-09-28
CTUR,2025-08-01,4.1,2026-09-28,2026-09-28
CTUR,2025-09-01,4.2,2026-09-28,2026-09-28
CTUR,2025-10-01,.,2026-09-28,2026-09-28
CTUR,2025-11-01,4.3,2026-09-28,2026-09-28
CTUR,2025-12-01,4.3,2026-09-28,2026-09-28
CTUR,2026-01-01,4.5,2026-09-28,2026-09-28
CTUR,2026-02-01,4.7,2026-09-28,2026-09-28
CTUR,2026-03-01,4.8,2026-09-28,2026-09-28
CTUR,2026-04-01,5.0,2026-09-28,2026-09-28
CTUR,2026-05-01,5.1,2026-09-28,2026-09-28
CTUR,2026-06-01,5.2,2026-09-28,2026-09-28
CTUR,2026-07-01,5.2,2026-09-28,2026-09-28
CTUR,2026-08-01,5.1,2026-09-28,2026-09-28
CTPOP,2024-01-01,3674.449,2026-09-28,2026-09-28
CTPOP,2025-01-01,3688.496,2026-09-28,2026-09-28
MEHOINUSCTA646N,2024-01-01,97790,2026-09-28,2026-09-28
MEHOINUSCTA646N,2025-01-01,101400,2026-09-28,2026-09-28
CTPCPI,2024-01-01,95083.0,2026-09-28,2026-09-28
CTPCPI,2025-01-01,98879.0,2026-09-28,2026-09-28
CTSTHPI,2024-01-01,620.18,2026-09-28,2026-09-28
CTSTHPI,2024-04-01,650.26,2026-09-28,2026-09-28
CTSTHPI,2024-07-01,663.05,2026-09-28,2026-09-28
CTSTHPI,2024-10-01,667.48,2026-09-28,2026-09-28
CTSTHPI,2025-01-01,676.16,2026-09-28,2026-09-28
CTSTHPI,2025-04-01,696.95,2026-09-28,2026-09-28
CTSTHPI,2025-07-01,705.26,2026-09-28,2026-09-28
CTSTHPI,2025-10-01,709.0,2026-09-28,2026-09-28
CTSTHPI,2026-01-01,719.95,2026-09-28,2026-09-28
CTSTHPI,2026-04-01,736.5,2026-09-28,2026-09-28
CTNGSP,2024-01-01,356834.9,2026-09-28,2026-09-28
CTNGSP,2025-01-01,376455.0,2026-09-28,2026-09-28
DEUR,2024-01-01,3.9,2026-09-28,2026-09-28
DEUR,2024-02-01,3.8,2026-09-28,2026-09-28
DEUR,2024-03-01,3.8,2026-09-28,2026-09-28
DEUR,2024-04-01,3.9,2026-09-28,2026-09-28
DEUR,2024-05-01,3.9,2026-09-28,2026-09-28
DEUR,2024-06-01,4.0,2026-09-28,2026-09-28
DEUR,2024-07-01,4.0,2026-09-28,2026-09-28
DEUR,2024-08-01,3.9,2026-09-28,2026-09-28
DEUR,2024-09-01,3.9,2026-09-28,2026-09-28
DEUR,2024-10-01,3.9,2026-09-28,2026-09-28
DEUR,2024-11-01,4.0,2026-09-28,2026-09-28
DEUR,2024-12-01,4.0,2026-09-28,2026-09-28
DEUR,2025-01-01,4.1,2026-09-28,2026-09-28
DEUR,2025-02-01,4.3,2026-09-28,2026-09-28
DEUR,2025-03-01,4.4,2026-09-28,2026-09-28
DEUR,2025-04-01,4.5,2026-09-28,2026-09-28
DEUR,2025-05-01,4.5,2026-09-28,2026-09-28
DEUR,2025-06-01,4.7,2026-09-28,2026-09-28
DEUR,2025-07-01,4.8,2026-09-28,2026-09-28
DEUR,2025-08-01,5.0,2026-09-28,2026-09-28
DEUR,2025-09-01,5.2,2026-09-28,2026-09-28
DEUR,2025-10-01,.,2026-09-28,2026-09-28
DEUR,2025-11-01,5.3,2026-09-28,2026-09-28
DEUR,2025-12-01,5.3,2026-09-28,2026-09-28
DEUR,2026-01-01,5.4,2026-09-28,2026-09-28
DEUR,2026-02-01,5.4,2026-09-28,2026-09-28
DEUR,2026-03-01,5.4,2026-09-28,2026-09-28
DEUR,2026-04-01,5.3,2026-09-28,2026-09-28
DEUR,2026-05-01,5.1,2026-09-28,2026-09-28
DEUR,2026-06-01,4.9,2026-09-28,2026-09-28
DEUR,2026-07-01,4.8,2026-09-28,2026-09-28
DEUR,2026-08-01,4.7,2026-09-28,2026-09-28
DEPOP,2024-01-01,1050.123,2026-09-28,2026-09-28
DEPOP,2025-01-01,1059.952,2026-09-28,2026-09-28
MEHOINUSDEA646N,2024-01-01,85580,2026-09-28,2026-09-28
MEHOINUSDEA646N,2025-01-01,99800,2026-09-28,2026-09-28
DEPCPI,2024-01-01,68177.0,2026-09-28,2026-09-28
DEPCPI,2025-01-01,71357.0,2026-09-28,2026-09-28
DESTHPI,2024-01-01,712.91,2026-09-28,2026-09-28
DESTHPI,2024-04-01,722.35,2026-09-28,2026-09-28
DESTHPI,2024-07-01,732.13,2026-09-28,2026-09-28
DESTHPI,2024-10-01,735.38,2026-09-28,2026-09-28
DESTHPI,2025-01-01,745.74,2026-09-28,2026-09-28
DESTHPI,2025-04-01,752.26,2026-09-28,2026-09-28
DESTHPI,2025-07-01,763.97,2026-09-28,2026-09-28
DESTHPI,2025-10-01,776.84,2026-09-28,2026-09-28
DESTHPI,2026-01-01,774.16,2026-09-28,2026-09-28
DESTHPI,2026-04-01,782.33,2026-09-28,2026-09-28
DENGSP,2024-01-01,110971.8,2026-09-28,2026-09-28
DENGSP,2025-01-01,117218.0,2026-09-28,2026-09-28
DCUR,2024-01-01,5.1,2026-09-28,2026-09-28
DCUR,2024-02-01,5.1,2026-09-28,2026-09-28
DCUR,2024-03-01,5.1,2026-09-28,2026-09-28
DCUR,2024-04-01,5.2,2026-09-28,2026-09-28
DCUR,2024-05-01,5.2,2026-09-28,2026-09-28
DCUR,2024-06-01,5.3,2026-09-28,2026-09-28
DCUR,2024-07-01,5.4,2026-09-28,2026-09-28
DCUR,2024-08-01,5.4,2026-09-28,2026-09-28
DCUR,2024-09-01,5.4,2026-09-28,2026-09-28
DCUR,2024-10-01,5.4,2026-09-28,2026-09-28
DCUR,2024-11-01,5.5,2026-09-28,2026-09-28
DCUR,2024-12-01,5.6,2026-09-28,2026-09-28
DCUR,2025-01-01,5.7,2026-09-28,2026-09-28
DCUR,2025-02-01,5.9,2026-09-28,2026-09-28
DCUR,2025-03-01,6.0,2026-09-28,2026-09-28
DCUR,2025-04-01,6.1,2026-09-28,2026-09-28
DCUR,2025-05-01,6.1,2026-09-28,2026-09-28
DCUR,2025-06-01,6.2,2026-09-28,2026-09-28
DCUR,2025-07-01,6.3,2026-09-28,2026-09-28
DCUR,2025-08-01,6.5,2026-09-28,2026-09-28
DCUR,2025-09-01,6.6,2026-09-28,2026-09-28
DCUR,2025-10-01,.,2026-09-28,2026-09-28
DCUR,2025-11-01,6.7,2026-09-28,2026-09-28
DCUR,2025-12-01,6.7,2026-09-28,2026-09-28
DCUR,2026-01-01,6.7,2026-09-28,2026-09-28
DCUR,2026-02-01,6.5,2026-09-28,2026-09-28
DCUR,2026-03-01,6.3,2026-09-28,2026-09-28
DCUR,2026-04-01,6.2,2026-09-28,2026-09-28
DCUR,2026-05-01,6.1,2026-09-28,2026-09-28
DCUR,2026-06-01,6.0,2026-09-28,2026-09-28
DCUR,2026-07-01,5.9,2026-09-28,2026-09-28
DCUR,2026-08-01,5.7,2026-09-28,2026-09-28
DCPOP,2024-01-01,691.31,2026-09-28,2026-09-28
DCPOP,2025-01-01,693.645,2026-09-28,2026-09-28
MEHOINUSDCA646N,2024-01-01,104100,2026-09-28,2026-09-28
MEHOINUSDCA646N,2025-01-01,107600,2026-09-28,2026-09-28
DCPCPI,2024-01-01,112944.0,2026-09-28,2026-09-28
DCPCPI,2025-01-01,116121.0,2026-09-28,2026-09-28
DCSTHPI,2024-01-01,1034.25,2026-09-28,2026-09-28
DCSTHPI,2024-04-01,1051.59,2026-09-28,2026-09-28
DCSTHPI,2024-07-01,1046.06,2026-09-28,2026-09-28
DCSTHPI,2024-10-01,1035.87,2026-09-28,2026-09-28
DCSTHPI,2025-01-01,1052.55,2026-09-28,2026-09-28
DCSTHPI,2025-04-01,1043.93,2026-09-28,2026-09-28
DCSTHPI,2025-07-01,1059.51,2026-09-28,2026-09-28
DCSTHPI,2025-10-01,1068.43,2026-09-28,2026-09-28
DCSTHPI,2026-01-01,1053.66,2026-09-28,2026-09-28
DCSTHPI,2026-04-01,1037.72,2026-09-28,2026-09-28
DCNGSP,2024-01-01,184297.7,2026-09-28,2026-09-28
DCNGSP,2025-01-01,192617.5,2026-09-28,2026-09-28
FLUR,2024-01-01,3.1,2026-09-28,2026-09-28
FLUR,2024-02-01,3.2,2026-09-28,2026-09-28
FLUR,2024-03-01,3.2,2026-09-28,2026-09-28
FLUR,2024-04-01,3.3,2026-09-28,2026-09-28
FLUR,2024-05-01,3.3,2026-09-28,2026-09-28
FLUR,2024-06-01,3.4,2026-09-28,2026-09-28
FLUR,2024-07-01,3.4,2026-09-28,2026-09-28
FLUR,2024-08-01,3.4,2026-09-28,2026-09-28
FLUR,2024-09-01,3.5,2026-09-28,2026-09-28
FLUR,2024-10-01,3.5,2026-09-28,2026-09-28
FLUR,2024-11-01,3.5,2026-09-28,2026-09-28
FLUR,2024-12-01,3.5,2026-09-28,2026-09-28
FLUR,2025-01-01,3.5,2026-09-28,2026-09-28
FLUR,2025-02-01,3.6,2026-09-28,2026-09-28
FLUR,2025-03-01,3.6,2026-09-28,2026-09-28
FLUR,2025-04-01,3.7,2026-09-28,2026-09-28
FLUR,2025-05-01,3.7,2026-09-28,2026-09-28
FLUR,2025-06-01,3.8,2026-09-28,2026-09-28
FLUR,2025-07-01,3.9,2026-09-28,2026-09-28
FLUR,2025-08-01,4.0,2026-09-28,2026-09-28
FLUR,2025-09-01,4.2,2026-09-28,2026-09-28
FLUR,2025-10-01,.,2026-09-28,2026-09-28
FLUR,2025-11-01,4.3,2026-09-28,2026-09-28
FLUR,2025-12-01,4.3,2026-09-28,2026-09-28
FLUR,2026-01-01,4.5,2026-09-28,2026-09-28
FLUR,2026-02-01,4.6,2026-09-28,2026-09-28
FLUR,2026-03-01,4.7,2026-09-28,2026-09-28
FLUR,2026-04-01,4.8,2026-09-28,2026-09-28
FLUR,2026-05-01,4.8,2026-09-28,2026-09-28
FLUR,2026-06-01,4.7,2026-09-28,2026-09-28
FLUR,2026-07-01,4.6,2026-09-28,2026-09-28
FLUR,2026-08-01,4.5,2026-09-28,2026-09-28
FLPOP,2024-01-01,23265.838,2026-09-28,2026-09-28
FLPOP,2025-01-01,23462.518,2026-09-28,2026-09-28
MEHOINUSFLA646N,2024-01-01,75260,2026-09-28,2026-09-28
MEHOINUSFLA646N,2025-01-01,77920,2026-09-28,2026-09-28
FLPCPI,2024-01-01,73340.0,2026-09-28,2026-09-28
FLPCPI,2025-01-01,76440.0,2026-09-28,2026-09-28
FLSTHPI,2024-01-01,799.91,2026-09-28,2026-09-28
FLSTHPI,2024-04-01,806.35,2026-09-28,2026-09-28
FLSTHPI,2024-07-01,811.12,2026-09-28,2026-09-28
FLSTHPI,2024-10-01,819.04,2026-09-28,2026-09-28
FLSTHPI,2025-01-01,810.04,2026-09-28,2026-09-28
FLSTHPI,2025-04-01,814.29,2026-09-28,2026-09-28
FLSTHPI,2025-07-01,812.59,2026-09-28,2026-09-28
FLSTHPI,2025-10-01,820.6,2026-09-28,2026-09-28
FLSTHPI,2026-01-01,825.97,2026-09-28,2026-09-28
FLSTHPI,2026-04-01,825.7,2026-09-28,2026-09-28
FLNGSP,2024-01-01,1726709.9,2026-09-28,2026-09-28
FLNGSP,2025-01-01,1834641.4,2026-09-28,2026-09-28
GAUR,2024-01-01,3.2,2026-09-28,2026-09-28
GAUR,2024-02-01,3.2,2026-09-28,2026-09-28
GAUR,2024-03-01,3.3,2026-09-28,2026-09-28
GAUR,2024-04-01,3.4,2026-09-28,2026-09-28
GAUR,2024-05-01,3.4,2026-09-28,2026-09-28
GAUR,2024-06-01,3.5,2026-09-28,2026-09-28
GAUR,2024-07-01,3.5,2026-09-28,2026-09-28
GAUR,2024-08-01,3.5,2026-09-28,2026-09-28
GAUR,2024-09-01,3.5,2026-09-28,2026-09-28
GAUR,2024-10-01,3.5,2026-09-28,2026-09-28
GAUR,2024-11-01,3.4,2026-09-28,2026-09-28
GAUR,2024-12-01,3.4,2026-09-28,2026-09-28
GAUR,2025-01-01,3.4,2026-09-28,2026-09-28
GAUR,2025-02-01,3.4,2026-09-28,2026-09-28
GAUR,2025-03-01,3.4,2026-09-28,2026-09-28
GAUR,2025-04-01,3.3,2026-09-28,2026-09-28
GAUR,2025-05-01,3.3,2026-09-28,2026-09-28
GAUR,2025-06-01,3.3,2026-09-28,2026-09-28
GAUR,2025-07-01,3.3,2026-09-28,2026-09-28
GAUR,2025-08-01,3.4,2026-09-28,2026-09-28
GAUR,2025-09-01,3.4,2026-09-28,2026-09-28
GAUR,2025-10-01,.,2026-09-28,2026-09-28
GAUR,2025-11-01,3.5,2026-09-28,2026-09-28
GAUR,2025-12-01,3.5,2026-09-28,2026-09-28
GAUR,2026-01-01,3.5,2026-09-28,2026-09-28
GAUR,2026-02-01,3.6,2026-09-28,2026-09-28
GAUR,2026-03-01,3.5,2026-09-28,2026-09-28
GAUR,2026-04-01,3.5,2026-09-28,2026-09-28
GAUR,2026-05-01,3.4,2026-09-28,2026-09-28
GAUR,2026-06-01,3.4,2026-09-28,2026-09-28
GAUR,2026-07-01,3.3,2026-09-28,2026-09-28
GAUR,2026-08-01,3.2,2026-09-28,2026-09-28
GAPOP,2024-01-01,11204.208,2026-09-28,2026-09-28
GAPOP,2025-01-01,11302.748,2026-09-28,2026-09-28
MEHOINUSGAA646N,2024-01-01,81180,2026-09-28,2026-09-28
MEHOINUSGAA646N,2025-01-01,82100,2026-09-28,2026-09-28
GAPCPI,2024-01-01,62875.0,2026-09-28,2026-09-28
GAPCPI,2025-01-01,65382.0,2026-09-28,2026-09-28
GASTHPI,2024-01-01,618.03,2026-09-28,2026-09-28
GASTHPI,2024-04-01,628.91,2026-09-28,2026-09-28
GASTHPI,2024-07-01,636.15,2026-09-28,2026-09-28
GASTHPI,2024-10-01,637.86,2026-09-28,2026-09-28
GASTHPI,2025-01-01,643.43,2026-09-28,2026-09-28
GASTHPI,2025-04-01,649.55,2026-09-28,2026-09-28
GASTHPI,2025-07-01,653.73,2026-09-28,2026-09-28
GASTHPI,2025-10-01,656.96,2026-09-28,2026-09-28
GASTHPI,2026-01-01,660.87,2026-09-28,2026-09-28
GASTHPI,2026-04-01,662.08,2026-09-28,2026-09-28
GANGSP,2024-01-01,881508.2,2026-09-28,2026-09-28
GANGSP,2025-01-01,924828.9,2026-09-28,2026-09-28
HIUR,2024-01-01,2.8,2026-09-28,2026-09-28
HIUR,2024-02-01,2.8,2026-09-28,2026-09-28
HIUR,2024-03-01,2.8,2026-09-28,2026-09-28
HIUR,2024-04-01,2.8,2026-09-28,2026-09-28
HIUR,2024-05-01,2.8,2026-09-28,2026-09-28
HIUR,2024-06-01,2.8,2026-09-28,2026-09-28
HIUR,2024-07-01,2.8,2026-09-28,2026-09-28
HIUR,2024-08-01,2.8,2026-09-28,2026-09-28
HIUR,2024-09-01,2.8,2026-09-28,2026-09-28
HIUR,2024-10-01,2.7,2026-09-28,2026-09-28
HIUR,2024-11-01,2.7,2026-09-28,2026-09-28
HIUR,2024-12-01,2.6,2026-09-28,2026-09-28
HIUR,2025-01-01,2.6,2026-09-28,2026-09-28
HIUR,2025-02-01,2.6,2026-09-28,2026-09-28
HIUR,2025-03-01,2.5,2026-09-28,2026-09-28
HIUR,2025-04-01,2.5,2026-09-28,2026-09-28
HIUR,2025-05-01,2.4,2026-09-28,2026-09-28
HIUR,2025-06-01,2.3,2026-09-28,2026-09-28
HIUR,2025-07-01,2.2,2026-09-28,2026-09-28
HIUR,2025-08-01,2.1,2026-09-28,2026-09-28
HIUR,2025-09-01,2.1,2026-09-28,2026-09-28
HIUR,2025-10-01,.,2026-09-28,2026-09-28
HIUR,2025-11-01,2.2,2026-09-28,2026-09-28
HIUR,2025-12-01,2.2,2026-09-28,2026-09-28
HIUR,2026-01-01,2.2,2026-09-28,2026-09-28
HIUR,2026-02-01,2.3,2026-09-28,2026-09-28
HIUR,2026-03-01,2.4,2026-09-28,2026-09-28
HIUR,2026-04-01,2.4,2026-09-28,2026-09-28
HIUR,2026-05-01,2.5,2026-09-28,2026-09-28
HIUR,2026-06-01,2.6,2026-09-28,2026-09-28
HIUR,2026-07-01,2.7,2026-09-28,2026-09-28
HIUR,2026-08-01,2.7,2026-09-28,2026-09-28
HIPOP,2024-01-01,1434.952,2026-09-28,2026-09-28
HIPOP,2025-01-01,1432.82,2026-09-28,2026-09-28
MEHOINUSHIA646N,2024-01-01,98300,2026-09-28,2026-09-28
MEHOINUSHIA646N,2025-01-01,105100,2026-09-28,2026-09-28
HIPCPI,2024-01-01,71573.0,2026-09-28,2026-09-28
HIPCPI,2025-01-01,76592.0,2026-09-28,2026-09-28
HISTHPI,2024-01-01,903.02,2026-09-28,2026-09-28
HISTHPI,2024-04-01,901.47,2026-09-28,2026-09-28
HISTHPI,2024-07-01,927.2,2026-09-28,2026-09-28
HISTHPI,2024-10-01,898.94,2026-09-28,2026-09-28
HISTHPI,2025-01-01,930.19,2026-09-28,2026-09-28
HISTHPI,2025-04-01,903.93,2026-09-28,2026-09-28
HISTHPI,2025-07-01,935.19,2026-09-28,2026-09-28
HISTHPI,2025-10-01,937.51,2026-09-28,2026-09-28
HISTHPI,2026-01-01,944.79,2026-09-28,2026-09-28
HISTHPI,2026-04-01,982.57,2026-09-28,2026-09-28
HINGSP,2024-01-01,117627.4,2026-09-28,2026-09-28
HINGSP,2025-01-01,124607.8,2026-09-28,2026-09-28
IDUR,2024-01-01,3.4,2026-09-28,2026-09-28
IDUR,2024-02-01,3.5,2026-09-28,2026-09-28
IDUR,2024-03-01,3.5,2026-09-28,2026-09-28
IDUR,2024-04-01,3.5,2026-09-28,2026-09-28
IDUR,2024-05-01,3.6,2026-09-28,2026-09-28
IDUR,2024-06-01,3.6,2026-09-28,2026-09-28
IDUR,2024-07-01,3.6,2026-09-28,2026-09-28
IDUR,2024-08-01,3.6,2026-09-28,2026-09-28
IDUR,2024-09-01,3.6,2026-09-28,2026-09-28
IDUR,2024-10-01,3.6,2026-09-28,2026-09-28
IDUR,2024-11-01,3.6,2026-09-28,2026-09-28
IDUR,2024-12-01,3.7,2026-09-28,2026-09-28
IDUR,2025-01-01,3.7,2026-09-28,2026-09-28
IDUR,2025-02-01,3.7,2026-09-28,2026-09-28
IDUR,2025-03-01,3.6,2026-09-28,2026-09-28
IDUR,2025-04-01,3.6,2026-09-28,2026-09-28
IDUR,2025-05-01,3.6,2026-09-28,2026-09-28
IDUR,2025-06-01,3.6,2026-09-28,2026-09-28
IDUR,2025-07-01,3.6,2026-09-28,2026-09-28
IDUR,2025-08-01,3.6,2026-09-28,2026-09-28
IDUR,2025-09-01,3.6,2026-09-28,2026-09-28
IDUR,2025-10-01,.,2026-09-28,2026-09-28
IDUR,2025-11-01,3.6,2026-09-28,2026-09-28
IDUR,2025-12-01,3.6,2026-09-28,2026-09-28
IDUR,2026-01-01,3.7,2026-09-28,2026-09-28
IDUR,2026-02-01,3.7,2026-09-28,2026-09-28
IDUR,2026-03-01,3.6,2026-09-28,2026-09-28
IDUR,2026-04-01,3.6,2026-09-28,2026-09-28
IDUR,2026-05-01,3.7,2026-09-28,2026-09-28
IDUR,2026-06-01,3.7,2026-09-28,2026-09-28
IDUR,2026-07-01,3.6,2026-09-28,2026-09-28
IDUR,2026-08-01,3.6,2026-09-28,2026-09-28
IDPOP,2024-01-01,2000.872,2026-09-28,2026-09-28
IDPOP,2025-01-01,2029.733,2026-09-28,2026-09-28
MEHOINUSIDA646N,2024-01-01,81250,2026-09-28,2026-09-28
MEHOINUSIDA646N,2025-01-01,87840,2026-09-28,2026-09-28
IDPCPI,2024-01-01,62346.0,2026-09-28,2026-09-28
IDPCPI,2025-01-01,64846.0,2026-09-28,2026-09-28
IDSTHPI,2024-01-01,806.87,2026-09-28,2026-09-28
IDSTHPI,2024-04-01,818.31,2026-09-28,2026-09-28
IDSTHPI,2024-07-01,842.55,2026-09-28,2026-09-28
IDSTHPI,2024-10-01,835.83,2026-09-28,2026-09-28
IDSTHPI,2025-01-01,846.27,2026-09-28,2026-09-28
IDSTHPI,2025-04-01,853.0,2026-09-28,2026-09-28
IDSTHPI,2025-07-01,855.24,2026-09-28,2026-09-28
IDSTHPI,2025-10-01,852.7,2026-09-28,2026-09-28
IDSTHPI,2026-01-01,866.29,2026-09-28,2026-09-28
IDSTHPI,2026-04-01,878.19,2026-09-28,2026-09-28
IDNGSP,2024-01-01,129018.2,2026-09-28,2026-09-28
IDNGSP,2025-01-01,135552.8,2026-09-28,2026-09-28
ILUR,2024-01-01,4.9,2026-09-28,2026-09-28
ILUR,2024-02-01,4.9,2026-09-28,2026-09-28
ILUR,2024-03-01,5.0,2026-09-28,2026-09-28
ILUR,2024-04-01,5.1,2026-09-28,2026-09-28
ILUR,2024-05-01,5.1,2026-09-28,2026-09-28
ILUR,2024-06-01,5.1,2026-09-28,2026-09-28
ILUR,2024-07-01,5.1,2026-09-28,2026-09-28
ILUR,2024-08-01,5.1,2026-09-28,2026-09-28
ILUR,2024-09-01,5.0,2026-09-28,2026-09-28
ILUR,2024-10-01,4.9,2026-09-28,2026-09-28
ILUR,2024-11-01,4.8,2026-09-28,2026-09-28
ILUR,2024-12-01,4.8,2026-09-28,2026-09-28
ILUR,2025-01-01,4.7,2026-09-28,2026-09-28
ILUR,2025-02-01,4.7,2026-09-28,2026-09-28
ILUR,2025-03-01,4.6,2026-09-28,2026-09-28
ILUR,2025-04-01,4.5,2026-09-28,2026-09-28
ILUR,2025-05-01,4.4,2026-09-28,2026-09-28
ILUR,2025-06-01,4.3,2026-09-28,2026-09-28
ILUR,2025-07-01,4.3,2026-09-28,2026-09-28
ILUR,2025-08-01,4.3,2026-09-28,2026-09-28
ILUR,2025-09-01,4.5,2026-09-28,2026-09-28
ILUR,2025-10-01,.,2026-09-28,2026-09-28
ILUR,2025-11-01,4.7,2026-09-28,2026-09-28
ILUR,2025-12-01,4.7,2026-09-28,2026-09-28
ILUR,2026-01-01,4.9,2026-09-28,2026-09-28
ILUR,2026-02-01,5.0,2026-09-28,2026-09-28
ILUR,2026-03-01,5.1,2026-09-28,2026-09-28
ILUR,2026-04-01,5.1,2026-09-28,2026-09-28
ILUR,2026-05-01,5.1,2026-09-28,2026-09-28
ILUR,2026-06-01,5.1,2026-09-28,2026-09-28
ILUR,2026-07-01,4.9,2026-09-28,2026-09-28
ILUR,2026-08-01,4.7,2026-09-28,2026-09-28
ILPOP,2024-01-01,12703.033,2026-09-28,2026-09-28
ILPOP,2025-01-01,12719.141,2026-09-28,2026-09-28
MEHOINUSILA646N,2024-01-01,83090,2026-09-28,2026-09-28
MEHOINUSILA646N,2025-01-01,93270,2026-09-28,2026-09-28
ILPCPI,2024-01-01,74564.0,2026-09-28,2026-09-28
ILPCPI,2025-01-01,77772.0,2026-09-28,2026-09-28
ILSTHPI,2024-01-01,485.6,2026-09-28,2026-09-28
ILSTHPI,2024-04-01,501.26,2026-09-28,2026-09-28
ILSTHPI,2024-07-01,509.28,2026-09-28,2026-09-28
ILSTHPI,2024-10-01,511.68,2026-09-28,2026-09-28
ILSTHPI,2025-01-01,520.43,2026-09-28,2026-09-28
ILSTHPI,2025-04-01,533.9,2026-09-28,2026-09-28
ILSTHPI,2025-07-01,542.03,2026-09-28,2026-09-28
ILSTHPI,2025-10-01,544.64,2026-09-28,2026-09-28
ILSTHPI,2026-01-01,550.76,2026-09-28,2026-09-28
ILSTHPI,2026-04-01,565.87,2026-09-28,2026-09-28
ILNGSP,2024-01-01,1148106.1,2026-09-28,2026-09-28
ILNGSP,2025-01-01,1201996.1,2026-09-28,2026-09-28
INUR,2024-01-01,3.7,2026-09-28,2026-09-28
INUR,2024-02-01,3.8,2026-09-28,2026-09-28
INUR,2024-03-01,3.9,2026-09-28,2026-09-28
INUR,2024-04-01,4.0,2026-09-28,2026-09-28
INUR,2024-05-01,4.1,2026-09-28,2026-09-28
INUR,2024-06-01,4.1,2026-09-28,2026-09-28
INUR,2024-07-01,4.1,2026-09-28,2026-09-28
INUR,2024-08-01,4.2,2026-09-28,2026-09-28
INUR,2024-09-01,4.2,2026-09-28,2026-09-28
INUR,2024-10-01,4.1,2026-09-28,2026-09-28
INUR,2024-11-01,4.1,2026-09-28,2026-09-28
INUR,2024-12-01,4.0,2026-09-28,2026-09-28
INUR,2025-01-01,3.9,2026-09-28,2026-09-28
INUR,2025-02-01,3.8,2026-09-28,2026-09-28
INUR,2025-03-01,3.7,2026-09-28,2026-09-28
INUR,2025-04-01,3.7,2026-09-28,2026-09-28
INUR,2025-05-01,3.7,2026-09-28,2026-09-28
INUR,2025-06-01,3.7,2026-09-28,2026-09-28
INUR,2025-07-01,3.7,2026-09-28,2026-09-28
INUR,2025-08-01,3.7,2026-09-28,2026-09-28
INUR,2025-09-01,3.7,2026-09-28,2026-09-28
INUR,2025-10-01,.,2026-09-28,2026-09-28
INUR,2025-11-01,3.5,2026-09-28,2026-09-28
INUR,2025-12-01,3.5,2026-09-28,2026-09-28
INUR,2026-01-01,3.4,2026-09-28,2026-09-28
INUR,2026-02-01,3.3,2026-09-28,2026-09-28
INUR,2026-03-01,3.3,2026-09-28,2026-09-28
INUR,2026-04-01,3.3,2026-09-28,2026-09-28
INUR,2026-05-01,3.3,2026-09-28,2026-09-28
INUR,2026-06-01,3.3,2026-09-28,2026-09-28
INUR,2026-07-01,3.3,2026-09-28,2026-09-28
INUR,2026-08-01,3.3,2026-09-28,2026-09-28
INPOP,2024-01-01,6934.754,2026-09-28,2026-09-28
INPOP,2025-01-01,6973.333,2026-09-28,2026-09-28
MEHOINUSINA646N,2024-01-01,76220,2026-09-28,2026-09-28
MEHOINUSINA646N,2025-01-01,76180,2026-09-28,2026-09-28
INPCPI,2024-01-01,63980.0,2026-09-28,2026-09-28
INPCPI,2025-01-01,66292.0,2026-09-28,2026-09-28
INSTHPI,2024-01-01,475.87,2026-09-28,2026-09-28
INSTHPI,2024-04-01,489.98,2026-09-28,2026-09-28
INSTHPI,2024-07-01,497.48,2026-09-28,2026-09-28
INSTHPI,2024-10-01,501.28,2026-09-28,2026-09-28
INSTHPI,2025-01-01,506.53,2026-09-28,2026-09-28
INSTHPI,2025-04-01,515.13,2026-09-28,2026-09-28
INSTHPI,2025-07-01,520.57,2026-09-28,2026-09-28
INSTHPI,2025-10-01,524.62,2026-09-28,2026-09-28
INSTHPI,2026-01-01,529.17,2026-09-28,2026-09-28
INSTHPI,2026-04-01,538.71,2026-09-28,2026-09-28
INNGSP,2024-01-01,519516.5,2026-09-28,2026-09-28
INNGSP,2025-01-01,545234.0,2026-09-28,2026-09-28
IAUR,2024-01-01,2.8,2026-09-28,2026-09-28
IAUR,2024-02-01,2.8,2026-09-28,2026-09-28
IAUR,2024-03-01,2.8,2026-09-28,2026-09-28
IAUR,2024-04-01,2.9,2026-09-28,2026-09-28
IAUR,2024-05-01,3.0,2026-09-28,2026-09-28
IAUR,2024-06-01,3.1,2026-09-28,2026-09-28
IAUR,2024-07-01,3.2,2026-09-28,2026-09-28
IAUR,2024-08-01,3.3,2026-09-28,2026-09-28
IAUR,2024-09-01,3.4,2026-09-28,2026-09-28
IAUR,2024-10-01,3.4,2026-09-28,2026-09-28
IAUR,2024-11-01,3.5,2026-09-28,2026-09-28
IAUR,2024-12-01,3.5,2026-09-28,2026-09-28
IAUR,2025-01-01,3.5,2026-09-28,2026-09-28
IAUR,2025-02-01,3.5,2026-09-28,2026-09-28
IAUR,2025-03-01,3.6,2026-09-28,2026-09-28
IAUR,2025-04-01,3.6,2026-09-28,2026-09-28
IAUR,2025-05-01,3.6,2026-09-28,2026-09-28
IAUR,2025-06-01,3.5,2026-09-28,2026-09-28
IAUR,2025-07-01,3.5,2026-09-28,2026-09-28
IAUR,2025-08-01,3.5,2026-09-28,2026-09-28
IAUR,2025-09-01,3.4,2026-09-28,2026-09-28
IAUR,2025-10-01,.,2026-09-28,2026-09-28
IAUR,2025-11-01,3.4,2026-09-28,2026-09-28
IAUR,2025-12-01,3.4,2026-09-28,2026-09-28
IAUR,2026-01-01,3.4,2026-09-28,2026-09-28
IAUR,2026-02-01,3.4,2026-09-28,2026-09-28
IAUR,2026-03-01,3.3,2026-09-28,2026-09-28
IAUR,2026-04-01,3.3,2026-09-28,2026-09-28
IAUR,2026-05-01,3.2,2026-09-28,2026-09-28
IAUR,2026-06-01,3.2,2026-09-28,2026-09-28
IAUR,2026-07-01,3.2,2026-09-28,2026-09-28
IAUR,2026-08-01,3.2,2026-09-28,2026-09-28
IAPOP,2024-01-01,3230.454,2026-09-28,2026-09-28
IAPOP,2025-01-01,3238.387,2026-09-28,2026-09-28
MEHOINUSIAA646N,2024-01-01,84370,2026-09-28,2026-09-28
MEHOINUSIAA646N,2025-01-01,81890,2026-09-28,2026-09-28
IAPCPI,2024-01-01,65448.0,2026-09-28,2026-09-28
IAPCPI,2025-01-01,68326.0,2026-09-28,2026-09-28
IASTHPI,2024-01-01,426.37,2026-09-28,2026-09-28
IASTHPI,2024-04-01,436.93,2026-09-28,2026-09-28
IASTHPI,2024-07-01,442.27,2026-09-28,2026-09-28
IASTHPI,2024-10-01,441.2,2026-09-28,2026-09-28
IASTHPI,2025-01-01,444.89,2026-09-28,2026-09-28
IASTHPI,2025-04-01,454.57,2026-09-28,2026-09-28
IASTHPI,2025-07-01,457.19,2026-09-28,2026-09-28
IASTHPI,2025-10-01,459.6,2026-09-28,2026-09-28
IASTHPI,2026-01-01,462.07,2026-09-28,2026-09-28
IASTHPI,2026-04-01,469.23,2026-09-28,2026-09-28
IANGSP,2024-01-01,265794.5,2026-09-28,2026-09-28
IANGSP,2025-01-01,277110.1,2026-09-28,2026-09-28
KSUR,2024-01-01,3.1,2026-09-28,2026-09-28
KSUR,2024-02-01,3.1,2026-09-28,2026-09-28
KSUR,2024-03-01,3.3,2026-09-28,2026-09-28
KSUR,2024-04-01,3.4,2026-09-28,2026-09-28
KSUR,2024-05-01,3.5,2026-09-28,2026-09-28
KSUR,2024-06-01,3.6,2026-09-28,2026-09-28
KSUR,2024-07-01,3.6,2026-09-28,2026-09-28
KSUR,2024-08-01,3.7,2026-09-28,2026-09-28
KSUR,2024-09-01,3.7,2026-09-28,2026-09-28
KSUR,2024-10-01,3.7,2026-09-28,2026-09-28
KSUR,2024-11-01,3.7,2026-09-28,2026-09-28
KSUR,2024-12-01,3.8,2026-09-28,2026-09-28
KSUR,2025-01-01,3.8,2026-09-28,2026-09-28
KSUR,2025-02-01,3.8,2026-09-28,2026-09-28
KSUR,2025-03-01,3.8,2026-09-28,2026-09-28
KSUR,2025-04-01,3.8,2026-09-28,2026-09-28
KSUR,2025-05-01,3.8,2026-09-28,2026-09-28
KSUR,2025-06-01,3.7,2026-09-28,2026-09-28
KSUR,2025-07-01,3.7,2026-09-28,2026-09-28
KSUR,2025-08-01,3.7,2026-09-28,2026-09-28
KSUR,2025-09-01,3.8,2026-09-28,2026-09-28
KSUR,2025-10-01,.,2026-09-28,2026-09-28
KSUR,2025-11-01,3.8,2026-09-28,2026-09-28
KSUR,2025-12-01,3.8,2026-09-28,2026-09-28
KSUR,2026-01-01,3.9,2026-09-28,2026-09-28
KSUR,2026-02-01,3.9,2026-09-28,2026-09-28
KSUR,2026-03-01,3.9,2026-09-28,2026-09-28
KSUR,2026-04-01,3.9,2026-09-28,2026-09-28
KSUR,2026-05-01,3.8,2026-09-28,2026-09-28
KSUR,2026-06-01,3.8,2026-09-28,2026-09-28
KSUR,2026-07-01,3.8,2026-09-28,2026-09-28
KSUR,2026-08-01,3.8,2026-09-28,2026-09-28
KSPOP,2024-01-01,2965.252,2026-09-28,2026-09-28
KSPOP,2025-01-01,2977.22,2026-09-28,2026-09-28
MEHOINUSKSA646N,2024-01-01,86450,2026-09-28,2026-09-28
MEHOINUSKSA646N,2025-01-01,85540,2026-09-28,2026-09-28
KSPCPI,2024-01-01,65975.0,2026-09-28,2026-09-28
KSPCPI,2025-01-01,69510.0,2026-09-28,2026-09-28
KSSTHPI,2024-01-01,437.4,2026-09-28,2026-09-28
KSSTHPI,2024-04-01,447.26,2026-09-28,2026-09-28
KSSTHPI,2024-07-01,450.6,2026-09-28,2026-09-28
KSSTHPI,2024-10-01,454.0,2026-09-28,2026-09-28
KSSTHPI,2025-01-01,462.48,2026-09-28,2026-09-28
KSSTHPI,2025-04-01,468.44,2026-09-28,2026-09-28
KSSTHPI,2025-07-01,472.44,2026-09-28,2026-09-28
KSSTHPI,2025-10-01,474.38,2026-09-28,2026-09-28
KSSTHPI,2026-01-01,480.62,2026-09-28,2026-09-28
KSSTHPI,2026-04-01,486.18,2026-09-28,2026-09-28
KSNGSP,2024-01-01,230522.1,2026-09-28,2026-09-28
KSNGSP,2025-01-01,241378.4,2026-09-28,2026-09-28
KYUR,2024-01-01,4.6,2026-09-28,2026-09-28
KYUR,2024-02-01,4.6,2026-09-28,2026-09-28
KYUR,2024-03-01,4.7,2026-09-28,2026-09-28
KYUR,2024-04-01,4.8,2026-09-28,2026-09-28
KYUR,2024-05-01,4.8,2026-09-28,2026-09-28
KYUR,2024-06-01,4.9,2026-09-28,2026-09-28
KYUR,2024-07-01,4.9,2026-09-28,2026-09-28
KYUR,2024-08-01,4.9,2026-09-28,2026-09-28
KYUR,2024-09-01,4.9,2026-09-28,2026-09-28
KYUR,2024-10-01,4.9,2026-09-28,2026-09-28
KYUR,2024-11-01,4.9,2026-09-28,2026-09-28
KYUR,2024-12-01,4.9,2026-09-28,2026-09-28
KYUR,2025-01-01,4.8,2026-09-28,2026-09-28
KYUR,2025-02-01,4.8,2026-09-28,2026-09-28
KYUR,2025-03-01,4.7,2026-09-28,2026-09-28
KYUR,2025-04-01,4.7,2026-09-28,2026-09-28
KYUR,2025-05-01,4.7,2026-09-28,2026-09-28
KYUR,2025-06-01,4.6,2026-09-28,2026-09-28
KYUR,2025-07-01,4.6,2026-09-28,2026-09-28
KYUR,2025-08-01,4.5,2026-09-28,2026-09-28
KYUR,2025-09-01,4.5,2026-09-28,2026-09-28
KYUR,2025-10-01,.,2026-09-28,2026-09-28
KYUR,2025-11-01,4.4,2026-09-28,2026-09-28
KYUR,2025-12-01,4.4,2026-09-28,2026-09-28
KYUR,2026-01-01,4.3,2026-09-28,2026-09-28
KYUR,2026-02-01,4.2,2026-09-28,2026-09-28
KYUR,2026-03-01,4.2,2026-09-28,2026-09-28
KYUR,2026-04-01,4.3,2026-09-28,2026-09-28
KYUR,2026-05-01,4.5,2026-09-28,2026-09-28
KYUR,2026-06-01,4.7,2026-09-28,2026-09-28
KYUR,2026-07-01,4.7,2026-09-28,2026-09-28
KYUR,2026-08-01,4.7,2026-09-28,2026-09-28
KYPOP,2024-01-01,4584.046,2026-09-28,2026-09-28
KYPOP,2025-01-01,4606.864,2026-09-28,2026-09-28
MEHOINUSKYA646N,2024-01-01,64380,2026-09-28,2026-09-28
MEHOINUSKYA646N,2025-01-01,73750,2026-09-28,2026-09-28
KYPCPI,2024-01-01,58310.0,2026-09-28,2026-09-28
KYPCPI,2025-01-01,60673.0,2026-09-28,2026-09-28
KYSTHPI,2024-01-01,521.73,2026-09-28,2026-09-28
KYSTHPI,2024-04-01,538.89,2026-09-28,2026-09-28
KYSTHPI,2024-07-01,544.91,2026-09-28,2026-09-28
KYSTHPI,2024-10-01,547.58,2026-09-28,2026-09-28
KYSTHPI,2025-01-01,554.36,2026-09-28,2026-09-28
KYSTHPI,2025-04-01,561.76,2026-09-28,2026-09-28
KYSTHPI,2025-07-01,569.68,2026-09-28,2026-09-28
KYSTHPI,2025-10-01,573.53,2026-09-28,2026-09-28
KYSTHPI,2026-01-01,579.24,2026-09-28,2026-09-28
KYSTHPI,2026-04-01,588.4,2026-09-28,2026-09-28
KYNGSP,2024-01-01,295375.3,2026-09-28,2026-09-28
KYNGSP,2025-01-01,306897.4,2026-09-28,2026-09-28
LAUR,2024-01-01,4.2,2026-09-28,2026-09-28
LAUR,2024-02-01,4.1,2026-09-28,2026-09-28
LAUR,2024-03-01,4.1,2026-09-28,2026-09-28
LAUR,2024-04-01,4.1,2026-09-28,2026-09-28
LAUR,2024-05-01,4.1,2026-09-28,2026-09-28
LAUR,2024-06-01,4.2,2026-09-28,2026-09-28
LAUR,2024-07-01,4.3,2026-09-28,2026-09-28
LAUR,2024-08-01,4.4,2026-09-28,2026-09-28
LAUR,2024-09-01,4.5,2026-09-28,2026-09-28
LAUR,2024-10-01,4.5,2026-09-28,2026-09-28
LAUR,2024-11-01,4.4,2026-09-28,2026-09-28
LAUR,2024-12-01,4.4,2026-09-28,2026-09-28
LAUR,2025-01-01,4.3,2026-09-28,2026-09-28
LAUR,2025-02-01,4.3,2026-09-28,2026-09-28
LAUR,2025-03-01,4.3,2026-09-28,2026-09-28
LAUR,2025-04-01,4.3,2026-09-28,2026-09-28
LAUR,2025-05-01,4.3,2026-09-28,2026-09-28
LAUR,2025-06-01,4.3,2026-09-28,2026-09-28
LAUR,2025-07-01,4.3,2026-09-28,2026-09-28
LAUR,2025-08-01,4.2,2026-09-28,2026-09-28
LAUR,2025-09-01,4.2,2026-09-28,2026-09-28
LAUR,2025-10-01,.,2026-09-28,2026-09-28
LAUR,2025-11-01,4.2,2026-09-28,2026-09-28
LAUR,2025-12-01,4.2,2026-09-28,2026-09-28
LAUR,2026-01-01,4.3,2026-09-28,2026-09-28
LAUR,2026-02-01,4.3,2026-09-28,2026-09-28
LAUR,2026-03-01,4.4,2026-09-28,2026-09-28
LAUR,2026-04-01,4.4,2026-09-28,2026-09-28
LAUR,2026-05-01,4.5,2026-09-28,2026-09-28
LAUR,2026-06-01,4.4,2026-09-28,2026-09-28
LAUR,2026-07-01,4.4,2026-09-28,2026-09-28
LAUR,2026-08-01,4.2,2026-09-28,2026-09-28
LAPOP,2024-01-01,4614.878,2026-09-28,2026-09-28
LAPOP,2025-01-01,4618.189,2026-09-28,2026-09-28
MEHOINUSLAA646N,2024-01-01,60320,2026-09-28,2026-09-28
MEHOINUSLAA646N,2025-01-01,60670,2026-09-28,2026-09-28
LAPCPI,2024-01-01,61667.0,2026-09-28,2026-09-28
LAPCPI,2025-01-01,63940.0,2026-09-28,2026-09-28
LASTHPI,2024-01-01,359.65,2026-09-28,2026-09-28
LASTHPI,2024-04-01,361.17,2026-09-28,2026-09-28
LASTHPI,2024-07-01,361.4,2026-09-28,2026-09-28
LASTHPI,2024-10-01,363.45,2026-09-28,2026-09-28
LASTHPI,2025-01-01,365.79,2026-09-28,2026-09-28
LASTHPI,2025-04-01,370.92,2026-09-28,2026-09-28
LASTHPI,2025-07-01,373.73,2026-09-28,2026-09-28
LASTHPI,2025-10-01,378.39,2026-09-28,2026-09-28
LASTHPI,2026-01-01,377.29,2026-09-28,2026-09-28
LASTHPI,2026-04-01,381.58,2026-09-28,2026-09-28
LANGSP,2024-01-01,329172.8,2026-09-28,2026-09-28
LANGSP,2025-01-01,340079.8,2026-09-28,2026-09-28
MEUR,2024-01-01,2.8,2026-09-28,2026-09-28
MEUR,2024-02-01,2.8,2026-09-28,2026-09-28
MEUR,2024-03-01,2.8,2026-09-28,2026-09-28
MEUR,2024-04-01,2.8,2026-09-28,2026-09-28
MEUR,2024-05-01,2.9,2026-09-28,2026-09-28
MEUR,2024-06-01,2.9,2026-09-28,2026-09-28
MEUR,2024-07-01,3.0,2026-09-28,2026-09-28
MEUR,2024-08-01,3.1,2026-09-28,2026-09-28
MEUR,2024-09-01,3.1,2026-09-28,2026-09-28
MEUR,2024-10-01,3.2,2026-09-28,2026-09-28
MEUR,2024-11-01,3.2,2026-09-28,2026-09-28
MEUR,2024-12-01,3.3,2026-09-28,2026-09-28
MEUR,2025-01-01,3.3,2026-09-28,2026-09-28
MEUR,2025-02-01,3.3,2026-09-28,2026-09-28
MEUR,2025-03-01,3.3,2026-09-28,2026-09-28
MEUR,2025-04-01,3.3,2026-09-28,2026-09-28
MEUR,2025-05-01,3.3,2026-09-28,2026-09-28
MEUR,2025-06-01,3.3,2026-09-28,2026-09-28
MEUR,2025-07-01,3.3,2026-09-28,2026-09-28
MEUR,2025-08-01,3.3,2026-09-28,2026-09-28
MEUR,2025-09-01,3.3,2026-09-28,2026-09-28
MEUR,2025-10-01,.,2026-09-28,2026-09-28
MEUR,2025-11-01,3.3,2026-09-28,2026-09-28
MEUR,2025-12-01,3.3,2026-09-28,2026-09-28
MEUR,2026-01-01,3.3,2026-09-28,2026-09-28
MEUR,2026-02-01,3.2,2026-09-28,2026-09-28
MEUR,2026-03-01,3.2,2026-09-28,2026-09-28
MEUR,2026-04-01,3.1,2026-09-28,2026-09-28
MEUR,2026-05-01,3.1,2026-09-28,2026-09-28
MEUR,2026-06-01,3.1,2026-09-28,2026-09-28
MEUR,2026-07-01,3.1,2026-09-28,2026-09-28
MEUR,2026-08-01,3.2,2026-09-28,2026-09-28
MEPOP,2024-01-01,1408.438,2026-09-28,2026-09-28
MEPOP,2025-01-01,1414.874,2026-09-28,2026-09-28
MEHOINUSMEA646N,2024-01-01,90440,2026-09-28,2026-09-28
MEHOINUSMEA646N,2025-01-01,95150,2026-09-28,2026-09-28
MEPCPI,2024-01-01,68764.0,2026-09-28,2026-09-28
MEPCPI,2025-01-01,71662.0,2026-09-28,2026-09-28
MESTHPI,2024-01-01,926.48,2026-09-28,2026-09-28
MESTHPI,2024-04-01,957.13,2026-09-28,2026-09-28
MESTHPI,2024-07-01,967.93,2026-09-28,2026-09-28
MESTHPI,2024-10-01,973.49,2026-09-28,2026-09-28
MESTHPI,2025-01-01,987.33,2026-09-28,2026-09-28
MESTHPI,2025-04-01,1011.3,2026-09-28,2026-09-28
MESTHPI,2025-07-01,1022.1,2026-09-28,2026-09-28
MESTHPI,2025-10-01,1027.83,2026-09-28,2026-09-28
MESTHPI,2026-01-01,1034.24,2026-09-28,2026-09-28
MESTHPI,2026-04-01,1044.11,2026-09-28,2026-09-28
MENGSP,2024-01-01,99174.1,2026-09-28,2026-09-28
MENGSP,2025-01-01,102843.7,2026-09-28,2026-09-28
MDUR,2024-01-01,2.8,2026-09-28,2026-09-28
MDUR,2024-02-01,2.9,2026-09-28,2026-09-28
MDUR,2024-03-01,3.0,2026-09-28,2026-09-28
MDUR,2024-04-01,3.0,2026-09-28,2026-09-28
MDUR,2024-05-01,3.1,2026-09-28,2026-09-28
MDUR,2024-06-01,3.2,2026-09-28,2026-09-28
MDUR,2024-07-01,3.3,2026-09-28,2026-09-28
MDUR,2024-08-01,3.3,2026-09-28,2026-09-28
MDUR,2024-09-01,3.3,2026-09-28,2026-09-28
MDUR,2024-10-01,3.3,2026-09-28,2026-09-28
MDUR,2024-11-01,3.4,2026-09-28,2026-09-28
MDUR,2024-12-01,3.4,2026-09-28,2026-09-28
MDUR,2025-01-01,3.5,2026-09-28,2026-09-28
MDUR,2025-02-01,3.6,2026-09-28,2026-09-28
MDUR,2025-03-01,3.7,2026-09-28,2026-09-28
MDUR,2025-04-01,3.8,2026-09-28,2026-09-28
MDUR,2025-05-01,4.0,2026-09-28,2026-09-28
MDUR,2025-06-01,4.1,2026-09-28,2026-09-28
MDUR,2025-07-01,4.2,2026-09-28,2026-09-28
MDUR,2025-08-01,4.3,2026-09-28,2026-09-28
MDUR,2025-09-01,4.3,2026-09-28,2026-09-28
MDUR,2025-10-01,.,2026-09-28,2026-09-28
MDUR,2025-11-01,4.3,2026-09-28,2026-09-28
MDUR,2025-12-01,4.2,2026-09-28,2026-09-28
MDUR,2026-01-01,4.3,2026-09-28,2026-09-28
MDUR,2026-02-01,4.3,2026-09-28,2026-09-28
MDUR,2026-03-01,4.3,2026-09-28,2026-09-28
MDUR,2026-04-01,4.4,2026-09-28,2026-09-28
MDUR,2026-05-01,4.4,2026-09-28,2026-09-28
MDUR,2026-06-01,4.3,2026-09-28,2026-09-28
MDUR,2026-07-01,4.2,2026-09-28,2026-09-28
MDUR,2026-08-01,4.1,2026-09-28,2026-09-28
MDPOP,2024-01-01,6245.314,2026-09-28,2026-09-28
MDPOP,2025-01-01,6265.347,2026-09-28,2026-09-28
MEHOINUSMDA646N,2024-01-01,109300,2026-09-28,2026-09-28
MEHOINUSMDA646N,2025-01-01,116300,2026-09-28,2026-09-28
MDPCPI,2024-01-01,79486.0,2026-09-28,2026-09-28
MDPCPI,2025-01-01,81834.0,2026-09-28,2026-09-28
MDSTHPI,2024-01-01,664.64,2026-09-28,2026-09-28
MDSTHPI,2024-04-01,681.9,2026-09-28,2026-09-28
MDSTHPI,2024-07-01,685.86,2026-09-28,2026-09-28
MDSTHPI,2024-10-01,692.9,2026-09-28,2026-09-28
MDSTHPI,2025-01-01,695.12,2026-09-28,2026-09-28
MDSTHPI,2025-04-01,706.36,2026-09-28,2026-09-28
MDSTHPI,2025-07-01,709.74,2026-09-28,2026-09-28
MDSTHPI,2025-10-01,714.02,2026-09-28,2026-09-28
MDSTHPI,2026-01-01,720.17,2026-09-28,2026-09-28
MDSTHPI,2026-04-01,722.18,2026-09-28,2026-09-28
MDNGSP,2024-01-01,546028.4,2026-09-28,2026-09-28
MDNGSP,2025-01-01,568139.7,2026-09-28,2026-09-28
MAUR,2024-01-01,3.7,2026-09-28,2026-09-28
MAUR,2024-02-01,3.8,2026-09-28,2026-09-28
MAUR,2024-03-01,3.8,2026-09-28,2026-09-28
MAUR,2024-04-01,3.9,2026-09-28,2026-09-28
MAUR,2024-05-01,4.0,2026-09-28,2026-09-28
MAUR,2024-06-01,4.0,2026-09-28,2026-09-28
MAUR,2024-07-01,4.1,2026-09-28,2026-09-28
MAUR,2024-08-01,4.1,2026-09-28,2026-09-28
MAUR,2024-09-01,4.1,2026-09-28,2026-09-28
MAUR,2024-10-01,4.1,2026-09-28,2026-09-28
MAUR,2024-11-01,4.1,2026-09-28,2026-09-28
MAUR,2024-12-01,4.1,2026-09-28,2026-09-28
MAUR,2025-01-01,4.2,2026-09-28,2026-09-28
MAUR,2025-02-01,4.3,2026-09-28,2026-09-28
MAUR,2025-03-01,4.3,2026-09-28,2026-09-28
MAUR,2025-04-01,4.4,2026-09-28,2026-09-28
MAUR,2025-05-01,4.4,2026-09-28,2026-09-28
MAUR,2025-06-01,4.4,2026-09-28,2026-09-28
MAUR,2025-07-01,4.5,2026-09-28,2026-09-28
MAUR,2025-08-01,4.5,2026-09-28,2026-09-28
MAUR,2025-09-01,4.6,2026-09-28,2026-09-28
MAUR,2025-10-01,.,2026-09-28,2026-09-28
MAUR,2025-11-01,4.7,2026-09-28,2026-09-28
MAUR,2025-12-01,4.7,2026-09-28,2026-09-28
MAUR,2026-01-01,4.7,2026-09-28,2026-09-28
MAUR,2026-02-01,4.8,2026-09-28,2026-09-28
MAUR,2026-03-01,4.7,2026-09-28,2026-09-28
MAUR,2026-04-01,4.7,2026-09-28,2026-09-28
MAUR,2026-05-01,4.5,2026-09-28,2026-09-28
MAUR,2026-06-01,4.4,2026-09-28,2026-09-28
MAUR,2026-07-01,4.4,2026-09-28,2026-09-28
MAUR,2026-08-01,4.3,2026-09-28,2026-09-28
MAPOP,2024-01-01,7138.56,2026-09-28,2026-09-28
MAPOP,2025-01-01,7154.084,2026-09-28,2026-09-28
MEHOINUSMAA646N,2024-01-01,112300,2026-09-28,2026-09-28
MEHOINUSMAA646N,2025-01-01,118500,2026-09-28,2026-09-28
MAPCPI,2024-01-01,93575.0,2026-09-28,2026-09-28
MAPCPI,2025-01-01,97456.0,2026-09-28,2026-09-28
MASTHPI,2024-01-01,1192.25,2026-09-28,2026-09-28
MASTHPI,2024-04-01,1229.14,2026-09-28,2026-09-28
MASTHPI,2024-07-01,1238.35,2026-09-28,2026-09-28
MASTHPI,2024-10-01,1245.49,2026-09-28,2026-09-28
MASTHPI,2025-01-01,1257.68,2026-09-28,2026-09-28
MASTHPI,2025-04-01,1286.11,2026-09-28,2026-09-28
MASTHPI,2025-07-01,1292.11,2026-09-28,2026-09-28
MASTHPI,2025-10-01,1302.38,2026-09-28,2026-09-28
MASTHPI,2026-01-01,1311.85,2026-09-28,2026-09-28
MASTHPI,2026-04-01,1326.94,2026-09-28,2026-09-28
MANGSP,2024-01-01,778523.4,2026-09-28,2026-09-28
MANGSP,2025-01-01,820104.9,2026-09-28,2026-09-28
MIUR,2024-01-01,3.9,2026-09-28,2026-09-28
MIUR,2024-02-01,4.0,2026-09-28,2026-09-28
MIUR,2024-03-01,4.2,2026-09-28,2026-09-28
MIUR,2024-04-01,4.4,2026-09-28,2026-09-28
MIUR,2024-05-01,4.5,2026-09-28,2026-09-28
MIUR,2024-06-01,4.7,2026-09-28,2026-09-28
MIUR,2024-07-01,4.8,2026-09-28,2026-09-28
MIUR,2024-08-01,5.0,2026-09-28,2026-09-28
MIUR,2024-09-01,5.1,2026-09-28,2026-09-28
MIUR,2024-10-01,5.1,2026-09-28,2026-09-28
MIUR,2024-11-01,5.2,2026-09-28,2026-09-28
MIUR,2024-12-01,5.3,2026-09-28,2026-09-28
MIUR,2025-01-01,5.3,2026-09-28,2026-09-28
MIUR,2025-02-01,5.3,2026-09-28,2026-09-28
MIUR,2025-03-01,5.3,2026-09-28,2026-09-28
MIUR,2025-04-01,5.2,2026-09-28,2026-09-28
MIUR,2025-05-01,5.1,2026-09-28,2026-09-28
MIUR,2025-06-01,5.0,2026-09-28,2026-09-28
MIUR,2025-07-01,4.9,2026-09-28,2026-09-28
MIUR,2025-08-01,4.9,2026-09-28,2026-09-28
MIUR,2025-09-01,4.9,2026-09-28,2026-09-28
MIUR,2025-10-01,.,2026-09-28,2026-09-28
MIUR,2025-11-01,5.0,2026-09-28,2026-09-28
MIUR,2025-12-01,5.0,2026-09-28,2026-09-28
MIUR,2026-01-01,5.0,2026-09-28,2026-09-28
MIUR,2026-02-01,5.0,2026-09-28,2026-09-28
MIUR,2026-03-01,5.0,2026-09-28,2026-09-28
MIUR,2026-04-01,5.0,2026-09-28,2026-09-28
MIUR,2026-05-01,5.1,2026-09-28,2026-09-28
MIUR,2026-06-01,5.0,2026-09-28,2026-09-28
MIUR,2026-07-01,4.9,2026-09-28,2026-09-28
MIUR,2026-08-01,5,2026-09-28,2026-09-28
MIPOP,2024-01-01,10099.962,2026-09-28,2026-09-28
MIPOP,2025-01-01,10127.884,2026-09-28,2026-09-28
MEHOINUSMIA646N,2024-01-01,78860,2026-09-28,2026-09-28
MEHOINUSMIA646N,2025-01-01,76800,2026-09-28,2026-09-28
MIPCPI,2024-01-01,63945.0,2026-09-28,2026-09-28
MIPCPI,2025-01-01,66556.0,2026-09-28,2026-09-28
MISTHPI,2024-01-01,511.73,2026-09-28,2026-09-28
MISTHPI,2024-04-01,531.48,2026-09-28,2026-09-28
MISTHPI,2024-07-01,538.85,2026-09-28,2026-09-28
MISTHPI,2024-10-01,538.64,2026-09-28,2026-09-28
MISTHPI,2025-01-01,546.08,2026-09-28,2026-09-28
MISTHPI,2025-04-01,559.18,2026-09-28,2026-09-28
MISTHPI,2025-07-01,566.35,2026-09-28,2026-09-28
MISTHPI,2025-10-01,569.28,2026-09-28,2026-09-28
MISTHPI,2026-01-01,573.51,2026-09-28,2026-09-28
MISTHPI,2026-04-01,584.9,2026-09-28,2026-09-28
MINGSP,2024-01-01,702466.9,2026-09-28,2026-09-28
MINGSP,2025-01-01,730067.6,2026-09-28,2026-09-28
MNUR,2024-01-01,2.8,2026-09-28,2026-09-28
MNUR,2024-02-01,2.9,2026-09-28,2026-09-28
MNUR,2024-03-01,3.0,2026-09-28,2026-09-28
MNUR,2024-04-01,3.0,2026-09-28,2026-09-28
MNUR,2024-05-01,3.1,2026-09-28,2026-09-28
MNUR,2024-06-01,3.2,2026-09-28,2026-09-28
MNUR,2024-07-01,3.2,2026-09-28,2026-09-28
MNUR,2024-08-01,3.3,2026-09-28,2026-09-28
MNUR,2024-09-01,3.3,2026-09-28,2026-09-28
MNUR,2024-10-01,3.2,2026-09-28,2026-09-28
MNUR,2024-11-01,3.3,2026-09-28,2026-09-28
MNUR,2024-12-01,3.3,2026-09-28,2026-09-28
MNUR,2025-01-01,3.4,2026-09-28,2026-09-28
MNUR,2025-02-01,3.5,2026-09-28,2026-09-28
MNUR,2025-03-01,3.6,2026-09-28,2026-09-28
MNUR,2025-04-01,3.6,2026-09-28,2026-09-28
MNUR,2025-05-01,3.7,2026-09-28,2026-09-28
MNUR,2025-06-01,3.8,2026-09-28,2026-09-28
MNUR,2025-07-01,3.8,2026-09-28,2026-09-28
MNUR,2025-08-01,3.9,2026-09-28,2026-09-28
MNUR,2025-09-01,4.1,2026-09-28,2026-09-28
MNUR,2025-10-01,.,2026-09-28,2026-09-28
MNUR,2025-11-01,4.2,2026-09-28,2026-09-28
MNUR,2025-12-01,4.2,2026-09-28,2026-09-28
MNUR,2026-01-01,4.4,2026-09-28,2026-09-28
MNUR,2026-02-01,4.5,2026-09-28,2026-09-28
MNUR,2026-03-01,4.5,2026-09-28,2026-09-28
MNUR,2026-04-01,4.5,2026-09-28,2026-09-28
MNUR,2026-05-01,4.4,2026-09-28,2026-09-28
MNUR,2026-06-01,4.4,2026-09-28,2026-09-28
MNUR,2026-07-01,4.3,2026-09-28,2026-09-28
MNUR,2026-08-01,4.4,2026-09-28,2026-09-28
MNPOP,2024-01-01,5797.405,2026-09-28,2026-09-28
MNPOP,2025-01-01,5830.405,2026-09-28,2026-09-28
MEHOINUSMNA646N,2024-01-01,91890,2026-09-28,2026-09-28
MEHOINUSMNA646N,2025-01-01,95160,2026-09-28,2026-09-28
MNPCPI,2024-01-01,75548.0,2026-09-28,2026-09-28
MNPCPI,2025-01-01,78538.0,2026-09-28,2026-09-28
MNSTHPI,2024-01-01,559.16,2026-09-28,2026-09-28
MNSTHPI,2024-04-01,574.53,2026-09-28,2026-09-28
MNSTHPI,2024-07-01,579.12,2026-09-28,2026-09-28
MNSTHPI,2024-10-01,579.14,2026-09-28,2026-09-28
MNSTHPI,2025-01-01,581.65,2026-09-28,2026-09-28
MNSTHPI,2025-04-01,595.5,2026-09-28,2026-09-28
MNSTHPI,2025-07-01,599.51,2026-09-28,2026-09-28
MNSTHPI,2025-10-01,598.93,2026-09-28,2026-09-28
MNSTHPI,2026-01-01,603.44,2026-09-28,2026-09-28
MNSTHPI,2026-04-01,613.16,2026-09-28,2026-09-28
MNNGSP,2024-01-01,507687.8,2026-09-28,2026-09-28
MNNGSP,2025-01-01,531464.9,2026-09-28,2026-09-28
MSUR,2024-01-01,2.8,2026-09-28,2026-09-28
MSUR,2024-02-01,2.8,2026-09-28,2026-09-28
MSUR,2024-03-01,2.8,2026-09-28,2026-09-28
MSUR,2024-04-01,2.8,2026-09-28,2026-09-28
MSUR,2024-05-01,2.9,2026-09-28,2026-09-28
MSUR,2024-06-01,3.0,2026-09-28,2026-09-28
MSUR,2024-07-01,3.2,2026-09-28,2026-09-28
MSUR,2024-08-01,3.3,2026-09-28,2026-09-28
MSUR,2024-09-01,3.4,2026-09-28,2026-09-28
MSUR,2024-10-01,3.6,2026-09-28,2026-09-28
MSUR,2024-11-01,3.7,2026-09-28,2026-09-28
MSUR,2024-12-01,3.8,2026-09-28,2026-09-28
MSUR,2025-01-01,3.9,2026-09-28,2026-09-28
MSUR,2025-02-01,3.9,2026-09-28,2026-09-28
MSUR,2025-03-01,3.9,2026-09-28,2026-09-28
MSUR,2025-04-01,3.9,2026-09-28,2026-09-28
MSUR,2025-05-01,3.9,2026-09-28,2026-09-28
MSUR,2025-06-01,3.8,2026-09-28,2026-09-28
MSUR,2025-07-01,3.8,2026-09-28,2026-09-28
MSUR,2025-08-01,3.7,2026-09-28,2026-09-28
MSUR,2025-09-01,3.7,2026-09-28,2026-09-28
MSUR,2025-10-01,.,2026-09-28,2026-09-28
MSUR,2025-11-01,3.7,2026-09-28,2026-09-28
MSUR,2025-12-01,3.7,2026-09-28,2026-09-28
MSUR,2026-01-01,3.6,2026-09-28,2026-09-28
MSUR,2026-02-01,3.7,2026-09-28,2026-09-28
MSUR,2026-03-01,3.8,2026-09-28,2026-09-28
MSUR,2026-04-01,3.8,2026-09-28,2026-09-28
MSUR,2026-05-01,3.8,2026-09-28,2026-09-28
MSUR,2026-06-01,3.8,2026-09-28,2026-09-28
MSUR,2026-07-01,3.6,2026-09-28,2026-09-28
MSUR,2026-08-01,3.4,2026-09-28,2026-09-28
MSPOP,2024-01-01,2950.172,2026-09-28,2026-09-28
MSPOP,2025-01-01,2954.16,2026-09-28,2026-09-28
MEHOINUSMSA646N,2024-01-01,55620,2026-09-28,2026-09-28
MEHOINUSMSA646N,2025-01-01,57840,2026-09-28,2026-09-28
MSPCPI,2024-01-01,51948.0,2026-09-28,2026-09-28
MSPCPI,2025-01-01,54531.0,2026-09-28,2026-09-28
MSSTHPI,2024-01-01,386.73,2026-09-28,2026-09-28
MSSTHPI,2024-04-01,398.9,2026-09-28,2026-09-28
MSSTHPI,2024-07-01,405.33,2026-09-28,2026-09-28
MSSTHPI,2024-10-01,406.16,2026-09-28,2026-09-28
MSSTHPI,2025-01-01,410.08,2026-09-28,2026-09-28
MSSTHPI,2025-04-01,415.18,2026-09-28,2026-09-28
MSSTHPI,2025-07-01,419.27,2026-09-28,2026-09-28
MSSTHPI,2025-10-01,423.57,2026-09-28,2026-09-28
MSSTHPI,2026-01-01,424.71,2026-09-28,2026-09-28
MSSTHPI,2026-04-01,430.59,2026-09-28,2026-09-28
MSNGSP,2024-01-01,158192.4,2026-09-28,2026-09-28
MSNGSP,2025-01-01,165069.3,2026-09-28,2026-09-28
MOUR,2024-01-01,3.5,2026-09-28,2026-09-28
MOUR,2024-02-01,3.5,2026-09-28,2026-09-28
MOUR,2024-03-01,3.6,2026-09-28,2026-09-28
MOUR,2024-04-01,3.7,2026-09-28,2026-09-28
MOUR,2024-05-01,3.7,2026-09-28,2026-09-28
MOUR,2024-06-01,3.8,2026-09-28,2026-09-28
MOUR,2024-07-01,3.8,2026-09-28,2026-09-28
MOUR,2024-08-01,3.8,2026-09-28,2026-09-28
MOUR,2024-09-01,3.7,2026-09-28,2026-09-28
MOUR,2024-10-01,3.7,2026-09-28,2026-09-28
MOUR,2024-11-01,3.8,2026-09-28,2026-09-28
MOUR,2024-12-01,3.8,2026-09-28,2026-09-28
MOUR,2025-01-01,3.9,2026-09-28,2026-09-28
MOUR,2025-02-01,4.0,2026-09-28,2026-09-28
MOUR,2025-03-01,4.0,2026-09-28,2026-09-28
MOUR,2025-04-01,4.0,2026-09-28,2026-09-28
MOUR,2025-05-01,4.0,2026-09-28,2026-09-28
MOUR,2025-06-01,4.0,2026-09-28,2026-09-28
MOUR,2025-07-01,4.0,2026-09-28,2026-09-28
MOUR,2025-08-01,4.0,2026-09-28,2026-09-28
MOUR,2025-09-01,3.9,2026-09-28,2026-09-28
MOUR,2025-10-01,.,2026-09-28,2026-09-28
MOUR,2025-11-01,3.9,2026-09-28,2026-09-28
MOUR,2025-12-01,3.9,2026-09-28,2026-09-28
MOUR,2026-01-01,3.9,2026-09-28,2026-09-28
MOUR,2026-02-01,3.9,2026-09-28,2026-09-28
MOUR,2026-03-01,3.9,2026-09-28,2026-09-28
MOUR,2026-04-01,3.8,2026-09-28,2026-09-28
MOUR,2026-05-01,3.8,2026-09-28,2026-09-28
MOUR,2026-06-01,3.7,2026-09-28,2026-09-28
MOUR,2026-07-01,3.6,2026-09-28,2026-09-28
MOUR,2026-08-01,3.5,2026-09-28,2026-09-28
MOPOP,2024-01-01,6243.544,2026-09-28,2026-09-28
MOPOP,2025-01-01,6270.541,2026-09-28,2026-09-28
MEHOINUSMOA646N,2024-01-01,77560,2026-09-28,2026-09-28
MEHOINUSMOA646N,2025-01-01,84700,2026-09-28,2026-09-28
MOPCPI,2024-01-01,64940.0,2026-09-28,2026-09-28
MOPCPI,2025-01-01,67587.0,2026-09-28,2026-09-28
MOSTHPI,2024-01-01,513.24,2026-09-28,2026-09-28
MOSTHPI,2024-04-01,528.49,2026-09-28,2026-09-28
MOSTHPI,2024-07-01,532.19,2026-09-28,2026-09-28
MOSTHPI,2024-10-01,536.1,2026-09-28,2026-09-28
MOSTHPI,2025-01-01,542.6,2026-09-28,2026-09-28
MOSTHPI,2025-04-01,552.64,2026-09-28,2026-09-28
MOSTHPI,2025-07-01,555.98,2026-09-28,2026-09-28
MOSTHPI,2025-10-01,558.88,2026-09-28,2026-09-28
MOSTHPI,2026-01-01,566.49,2026-09-28,2026-09-28
MOSTHPI,2026-04-01,572.81,2026-09-28,2026-09-28
MONGSP,2024-01-01,448713.7,2026-09-28,2026-09-28
MONGSP,2025-01-01,468469.7,2026-09-28,2026-09-28
MTUR,2024-01-01,3.1,2026-09-28,2026-09-28
MTUR,2024-02-01,3.1,2026-09-28,2026-09-28
MTUR,2024-03-01,3.0,2026-09-28,2026-09-28
MTUR,2024-04-01,3.0,2026-09-28,2026-09-28
MTUR,2024-05-01,3.0,2026-09-28,2026-09-28
MTUR,2024-06-01,3.1,2026-09-28,2026-09-28
MTUR,2024-07-01,3.0,2026-09-28,2026-09-28
MTUR,2024-08-01,3.0,2026-09-28,2026-09-28
MTUR,2024-09-01,3.0,2026-09-28,2026-09-28
MTUR,2024-10-01,2.9,2026-09-28,2026-09-28
MTUR,2024-11-01,2.9,2026-09-28,2026-09-28
MTUR,2024-12-01,2.9,2026-09-28,2026-09-28
MTUR,2025-01-01,2.9,2026-09-28,2026-09-28
MTUR,2025-02-01,3.0,2026-09-28,2026-09-28
MTUR,2025-03-01,3.1,2026-09-28,2026-09-28
MTUR,2025-04-01,3.1,2026-09-28,2026-09-28
MTUR,2025-05-01,3.2,2026-09-28,2026-09-28
MTUR,2025-06-01,3.2,2026-09-28,2026-09-28
MTUR,2025-07-01,3.3,2026-09-28,2026-09-28
MTUR,2025-08-01,3.4,2026-09-28,2026-09-28
MTUR,2025-09-01,3.5,2026-09-28,2026-09-28
MTUR,2025-10-01,.,2026-09-28,2026-09-28
MTUR,2025-11-01,3.6,2026-09-28,2026-09-28
MTUR,2025-12-01,3.6,2026-09-28,2026-09-28
MTUR,2026-01-01,3.6,2026-09-28,2026-09-28
MTUR,2026-02-01,3.6,2026-09-28,2026-09-28
MTUR,2026-03-01,3.6,2026-09-28,2026-09-28
MTUR,2026-04-01,3.5,2026-09-28,2026-09-28
MTUR,2026-05-01,3.4,2026-09-28,2026-09-28
MTUR,2026-06-01,3.3,2026-09-28,2026-09-28
MTUR,2026-07-01,3.2,2026-09-28,2026-09-28
MTUR,2026-08-01,3.2,2026-09-28,2026-09-28
MTPOP,2024-01-01,1137.557,2026-09-28,2026-09-28
MTPOP,2025-01-01,1144.694,2026-09-28,2026-09-28
MEHOINUSMTA646N,2024-01-01,81610,2026-09-28,2026-09-28
MEHOINUSMTA646N,2025-01-01,86770,2026-09-28,2026-09-28
MTPCPI,2024-01-01,69220.0,2026-09-28,2026-09-28
MTPCPI,2025-01-01,72340.0,2026-09-28,2026-09-28
MTSTHPI,2024-01-01,752.89,2026-09-28,2026-09-28
MTSTHPI,2024-04-01,775.45,2026-09-28,2026-09-28
MTSTHPI,2024-07-01,774.66,2026-09-28,2026-09-28
MTSTHPI,2024-10-01,787.83,2026-09-28,2026-09-28
MTSTHPI,2025-01-01,796.71,2026-09-28,2026-09-28
MTSTHPI,2025-04-01,799.83,2026-09-28,2026-09-28
MTSTHPI,2025-07-01,811.83,2026-09-28,2026-09-28
MTSTHPI,2025-10-01,806.0,2026-09-28,2026-09-28
MTSTHPI,2026-01-01,818.01,2026-09-28,2026-09-28
MTSTHPI,2026-04-01,821.72,2026-09-28,2026-09-28
MTNGSP,2024-01-01,78441.0,2026-09-28,2026-09-28
MTNGSP,2025-01-01,82357.8,2026-09-28,2026-09-28
NEUR,2024-01-01,2.5,2026-09-28,2026-09-28
NEUR,2024-02-01,2.6,2026-09-28,2026-09-28
NEUR,2024-03-01,2.6,2026-09-28,2026-09-28
NEUR,2024-04-01,2.6,2026-09-28,2026-09-28
NEUR,2024-05-01,2.7,2026-09-28,2026-09-28
NEUR,2024-06-01,2.7,2026-09-28,2026-09-28
NEUR,2024-07-01,2.8,2026-09-28,2026-09-28
NEUR,2024-08-01,2.8,2026-09-28,2026-09-28
NEUR,2024-09-01,2.8,2026-09-28,2026-09-28
NEUR,2024-10-01,2.8,2026-09-28,2026-09-28
NEUR,2024-11-01,2.8,2026-09-28,2026-09-28
NEUR,2024-12-01,2.9,2026-09-28,2026-09-28
NEUR,2025-01-01,2.9,2026-09-28,2026-09-28
NEUR,2025-02-01,2.9,2026-09-28,2026-09-28
NEUR,2025-03-01,2.9,2026-09-28,2026-09-28
NEUR,2025-04-01,2.9,2026-09-28,2026-09-28
NEUR,2025-05-01,2.9,2026-09-28,2026-09-28
NEUR,2025-06-01,2.9,2026-09-28,2026-09-28
NEUR,2025-07-01,2.9,2026-09-28,2026-09-28
NEUR,2025-08-01,2.9,2026-09-28,2026-09-28
NEUR,2025-09-01,2.9,2026-09-28,2026-09-28
NEUR,2025-10-01,.,2026-09-28,2026-09-28
NEUR,2025-11-01,3.0,2026-09-28,2026-09-28
NEUR,2025-12-01,3.0,2026-09-28,2026-09-28
NEUR,2026-01-01,3.0,2026-09-28,2026-09-28
NEUR,2026-02-01,3.1,2026-09-28,2026-09-28
NEUR,2026-03-01,3.1,2026-09-28,2026-09-28
NEUR,2026-04-01,3.0,2026-09-28,2026-09-28
NEUR,2026-05-01,3.0,2026-09-28,2026-09-28
NEUR,2026-06-01,2.9,2026-09-28,2026-09-28
NEUR,2026-07-01,2.9,2026-09-28,2026-09-28
NEUR,2026-08-01,2.9,2026-09-28,2026-09-28
NEPOP,2024-01-01,2005.591,2026-09-28,2026-09-28
NEPOP,2025-01-01,2018.006,2026-09-28,2026-09-28
MEHOINUSNEA646N,2024-01-01,85760,2026-09-28,2026-09-28
MEHOINUSNEA646N,2025-01-01,100600,2026-09-28,2026-09-28
NEPCPI,2024-01-01,72696.0,2026-09-28,2026-09-28
NEPCPI,2025-01-01,75858.0,2026-09-28,2026-09-28
NESTHPI,2024-01-01,502.12,2026-09-28,2026-09-28
NESTHPI,2024-04-01,516.33,2026-09-28,2026-09-28
NESTHPI,2024-07-01,516.71,2026-09-28,2026-09-28
NESTHPI,2024-10-01,521.82,2026-09-28,2026-09-28
NESTHPI,2025-01-01,522.98,2026-09-28,2026-09-28
NESTHPI,2025-04-01,534.42,2026-09-28,2026-09-28
NESTHPI,2025-07-01,538.98,2026-09-28,2026-09-28
NESTHPI,2025-10-01,541.3,2026-09-28,2026-09-28
NESTHPI,2026-01-01,545.41,2026-09-28,2026-09-28
NESTHPI,2026-04-01,551.5,2026-09-28,2026-09-28
NENGSP,2024-01-01,189242.7,2026-09-28,2026-09-28
NENGSP,2025-01-01,198073.3,2026-09-28,2026-09-28
NVUR,2024-01-01,5.2,2026-09-28,2026-09-28
NVUR,2024-02-01,5.2,2026-09-28,2026-09-28
NVUR,2024-03-01,5.3,2026-09-28,2026-09-28
NVUR,2024-04-01,5.4,2026-09-28,2026-09-28
NVUR,2024-05-01,5.4,2026-09-28,2026-09-28
NVUR,2024-06-01,5.4,2026-09-28,2026-09-28
NVUR,2024-07-01,5.5,2026-09-28,2026-09-28
NVUR,2024-08-01,5.5,2026-09-28,2026-09-28
NVUR,2024-09-01,5.5,2026-09-28,2026-09-28
NVUR,2024-10-01,5.5,2026-09-28,2026-09-28
NVUR,2024-11-01,5.4,2026-09-28,2026-09-28
NVUR,2024-12-01,5.4,2026-09-28,2026-09-28
NVUR,2025-01-01,5.4,2026-09-28,2026-09-28
NVUR,2025-02-01,5.4,2026-09-28,2026-09-28
NVUR,2025-03-01,5.3,2026-09-28,2026-09-28
NVUR,2025-04-01,5.3,2026-09-28,2026-09-28
NVUR,2025-05-01,5.2,2026-09-28,2026-09-28
NVUR,2025-06-01,5.2,2026-09-28,2026-09-28
NVUR,2025-07-01,5.2,2026-09-28,2026-09-28
NVUR,2025-08-01,5.2,2026-09-28,2026-09-28
NVUR,2025-09-01,5.2,2026-09-28,2026-09-28
NVUR,2025-10-01,.,2026-09-28,2026-09-28
NVUR,2025-11-01,5.2,2026-09-28,2026-09-28
NVUR,2025-12-01,5.2,2026-09-28,2026-09-28
NVUR,2026-01-01,5.3,2026-09-28,2026-09-28
NVUR,2026-02-01,5.3,2026-09-28,2026-09-28
NVUR,2026-03-01,5.3,2026-09-28,2026-09-28
NVUR,2026-04-01,5.3,2026-09-28,2026-09-28
NVUR,2026-05-01,5.2,2026-09-28,2026-09-28
NVUR,2026-06-01,5.1,2026-09-28,2026-09-28
NVUR,2026-07-01,5,2026-09-28,2026-09-28
NVUR,2026-08-01,4.8,2026-09-28,2026-09-28
NVPOP,2024-01-01,3253.543,2026-09-28,2026-09-28
NVPOP,2025-01-01,3282.188,2026-09-28,2026-09-28
MEHOINUSNVA646N,2024-01-01,80020,2026-09-28,2026-09-28
MEHOINUSNVA646N,2025-01-01,88880,2026-09-28,2026-09-28
NVPCPI,2024-01-01,70104.0,2026-09-28,2026-09-28
NVPCPI,2025-01-01,73156.0,2026-09-28,2026-09-28
NVSTHPI,2024-01-01,603.29,2026-09-28,2026-09-28
NVSTHPI,2024-04-01,614.44,2026-09-28,2026-09-28
NVSTHPI,2024-07-01,617.49,2026-09-28,2026-09-28
NVSTHPI,2024-10-01,624.65,2026-09-28,2026-09-28
NVSTHPI,2025-01-01,627.38,2026-09-28,2026-09-28
NVSTHPI,2025-04-01,632.24,2026-09-28,2026-09-28
NVSTHPI,2025-07-01,631.03,2026-09-28,2026-09-28
NVSTHPI,2025-10-01,635.63,2026-09-28,2026-09-28
NVSTHPI,2026-01-01,640.33,2026-09-28,2026-09-28
NVSTHPI,2026-04-01,647.75,2026-09-28,2026-09-28
NVNGSP,2024-01-01,269010.5,2026-09-28,2026-09-28
NVNGSP,2025-01-01,281453.8,2026-09-28,2026-09-28
NHUR,2024-01-01,2.3,2026-09-28,2026-09-28
NHUR,2024-02-01,2.3,2026-09-28,2026-09-28
NHUR,2024-03-01,2.4,2026-09-28,2026-09-28
NHUR,2024-04-01,2.4,2026-09-28,2026-09-28
NHUR,2024-05-01,2.5,2026-09-28,2026-09-28
NHUR,2024-06-01,2.5,2026-09-28,2026-09-28
NHUR,2024-07-01,2.6,2026-09-28,2026-09-28
NHUR,2024-08-01,2.6,2026-09-28,2026-09-28
NHUR,2024-09-01,2.7,2026-09-28,2026-09-28
NHUR,2024-10-01,2.8,2026-09-28,2026-09-28
NHUR,2024-11-01,2.9,2026-09-28,2026-09-28
NHUR,2024-12-01,3.0,2026-09-28,2026-09-28
NHUR,2025-01-01,3.0,2026-09-28,2026-09-28
NHUR,2025-02-01,3.1,2026-09-28,2026-09-28
NHUR,2025-03-01,3.2,2026-09-28,2026-09-28
NHUR,2025-04-01,3.2,2026-09-28,2026-09-28
NHUR,2025-05-01,3.2,2026-09-28,2026-09-28
NHUR,2025-06-01,3.1,2026-09-28,2026-09-28
NHUR,2025-07-01,3.1,2026-09-28,2026-09-28
NHUR,2025-08-01,3.1,2026-09-28,2026-09-28
NHUR,2025-09-01,3.2,2026-09-28,2026-09-28
NHUR,2025-10-01,.,2026-09-28,2026-09-28
NHUR,2025-11-01,3.2,2026-09-28,2026-09-28
NHUR,2025-12-01,3.2,2026-09-28,2026-09-28
NHUR,2026-01-01,3.2,2026-09-28,2026-09-28
NHUR,2026-02-01,3.2,2026-09-28,2026-09-28
NHUR,2026-03-01,3.1,2026-09-28,2026-09-28
NHUR,2026-04-01,3.1,2026-09-28,2026-09-28
NHUR,2026-05-01,3.0,2026-09-28,2026-09-28
NHUR,2026-06-01,2.9,2026-09-28,2026-09-28
NHUR,2026-07-01,2.8,2026-09-28,2026-09-28
NHUR,2026-08-01,2.8,2026-09-28,2026-09-28
NHPOP,2024-01-01,1408.518,2026-09-28,2026-09-28
NHPOP,2025-01-01,1415.342,2026-09-28,2026-09-28
MEHOINUSNHA646N,2024-01-01,110500,2026-09-28,2026-09-28
MEHOINUSNHA646N,2025-01-01,112100,2026-09-28,2026-09-28
NHPCPI,2024-01-01,83222.0,2026-09-28,2026-09-28
NHPCPI,2025-01-01,86959.0,2026-09-28,2026-09-28
NHSTHPI,2024-01-01,807.14,2026-09-28,2026-09-28
NHSTHPI,2024-04-01,837.73,2026-09-28,2026-09-28
NHSTHPI,2024-07-01,847.96,2026-09-28,2026-09-28
NHSTHPI,2024-10-01,849.46,2026-09-28,2026-09-28
NHSTHPI,2025-01-01,859.32,2026-09-28,2026-09-28
NHSTHPI,2025-04-01,885.24,2026-09-28,2026-09-28
NHSTHPI,2025-07-01,892.49,2026-09-28,2026-09-28
NHSTHPI,2025-10-01,896.32,2026-09-28,2026-09-28
NHSTHPI,2026-01-01,904.31,2026-09-28,2026-09-28
NHSTHPI,2026-04-01,920.17,2026-09-28,2026-09-28
NHNGSP,2024-01-01,119336.6,2026-09-28,2026-09-28
NHNGSP,2025-01-01,125523.2,2026-09-28,2026-09-28
NJUR,2024-01-01,4.5,2026-09-28,2026-09-28
NJUR,2024-02-01,4.5,2026-09-28,2026-09-28
NJUR,2024-03-01,4.5,2026-09-28,2026-09-28
NJUR,2024-04-01,4.6,2026-09-28,2026-09-28
NJUR,2024-05-01,4.6,2026-09-28,2026-09-28
NJUR,2024-06-01,4.6,2026-09-28,2026-09-28
NJUR,2024-07-01,4.7,2026-09-28,2026-09-28
NJUR,2024-08-01,4.7,2026-09-28,2026-09-28
NJUR,2024-09-01,4.7,2026-09-28,2026-09-28
NJUR,2024-10-01,4.7,2026-09-28,2026-09-28
NJUR,2024-11-01,4.8,2026-09-28,2026-09-28
NJUR,2024-12-01,4.8,2026-09-28,2026-09-28
NJUR,2025-01-01,4.9,2026-09-28,2026-09-28
NJUR,2025-02-01,5.0,2026-09-28,2026-09-28
NJUR,2025-03-01,5.1,2026-09-28,2026-09-28
NJUR,2025-04-01,5.1,2026-09-28,2026-09-28
NJUR,2025-05-01,5.2,2026-09-28,2026-09-28
NJUR,2025-06-01,5.4,2026-09-28,2026-09-28
NJUR,2025-07-01,5.5,2026-09-28,2026-09-28
NJUR,2025-08-01,5.5,2026-09-28,2026-09-28
NJUR,2025-09-01,5.5,2026-09-28,2026-09-28
NJUR,2025-10-01,.,2026-09-28,2026-09-28
NJUR,2025-11-01,5.4,2026-09-28,2026-09-28
NJUR,2025-12-01,5.4,2026-09-28,2026-09-28
NJUR,2026-01-01,5.2,2026-09-28,2026-09-28
NJUR,2026-02-01,5.1,2026-09-28,2026-09-28
NJUR,2026-03-01,4.9,2026-09-28,2026-09-28
NJUR,2026-04-01,4.8,2026-09-28,2026-09-28
NJUR,2026-05-01,4.7,2026-09-28,2026-09-28
NJUR,2026-06-01,4.5,2026-09-28,2026-09-28
NJUR,2026-07-01,4.4,2026-09-28,2026-09-28
NJUR,2026-08-01,4.3,2026-09-28,2026-09-28
NJPOP,2024-01-01,9506.354,2026-09-28,2026-09-28
NJPOP,2025-01-01,9548.215,2026-09-28,2026-09-28
MEHOINUSNJA646N,2024-01-01,103600,2026-09-28,2026-09-28
MEHOINUSNJA646N,2025-01-01,111400,2026-09-28,2026-09-28
NJPCPI,2024-01-01,84844.0,2026-09-28,2026-09-28
NJPCPI,2025-01-01,88223.0,2026-09-28,2026-09-28
NJSTHPI,2024-01-01,829.24,2026-09-28,2026-09-28
NJSTHPI,2024-04-01,857.6,2026-09-28,2026-09-28
NJSTHPI,2024-07-01,872.23,2026-09-28,2026-09-28
NJSTHPI,2024-10-01,883.72,2026-09-28,2026-09-28
NJSTHPI,2025-01-01,897.74,2026-09-28,2026-09-28
NJSTHPI,2025-04-01,917.62,2026-09-28,2026-09-28
NJSTHPI,2025-07-01,927.04,2026-09-28,2026-09-28
NJSTHPI,2025-10-01,938.09,2026-09-28,2026-09-28
NJSTHPI,2026-01-01,946.64,2026-09-28,2026-09-28
NJSTHPI,2026-04-01,967.6,2026-09-28,2026-09-28
NJNGSP,2024-01-01,846000.4,2026-09-28,2026-09-28
NJNGSP,2025-01-01,887174.6,2026-09-28,2026-09-28
NMUR,2024-01-01,3.8,2026-09-28,2026-09-28
NMUR,2024-02-01,3.8,2026-09-28,2026-09-28
NMUR,2024-03-01,3.9,2026-09-28,2026-09-28
NMUR,2024-04-01,4.0,2026-09-28,2026-09-28
NMUR,2024-05-01,4.1,2026-09-28,2026-09-28
NMUR,2024-06-01,4.2,2026-09-28,2026-09-28
NMUR,2024-07-01,4.2,2026-09-28,2026-09-28
NMUR,2024-08-01,4.3,2026-09-28,2026-09-28
NMUR,2024-09-01,4.2,2026-09-28,2026-09-28
NMUR,2024-10-01,4.2,2026-09-28,2026-09-28
NMUR,2024-11-01,4.2,2026-09-28,2026-09-28
NMUR,2024-12-01,4.2,2026-09-28,2026-09-28
NMUR,2025-01-01,4.1,2026-09-28,2026-09-28
NMUR,2025-02-01,4.1,2026-09-28,2026-09-28
NMUR,2025-03-01,4.1,2026-09-28,2026-09-28
NMUR,2025-04-01,4.1,2026-09-28,2026-09-28
NMUR,2025-05-01,4.0,2026-09-28,2026-09-28
NMUR,2025-06-01,4.0,2026-09-28,2026-09-28
NMUR,2025-07-01,4.0,2026-09-28,2026-09-28
NMUR,2025-08-01,4.1,2026-09-28,2026-09-28
NMUR,2025-09-01,4.2,2026-09-28,2026-09-28
NMUR,2025-10-01,.,2026-09-28,2026-09-28
NMUR,2025-11-01,4.3,2026-09-28,2026-09-28
NMUR,2025-12-01,4.3,2026-09-28,2026-09-28
NMUR,2026-01-01,4.5,2026-09-28,2026-09-28
NMUR,2026-02-01,4.7,2026-09-28,2026-09-28
NMUR,2026-03-01,4.8,2026-09-28,2026-09-28
NMUR,2026-04-01,4.9,2026-09-28,2026-09-28
NMUR,2026-05-01,4.9,2026-09-28,2026-09-28
NMUR,2026-06-01,4.8,2026-09-28,2026-09-28
NMUR,2026-07-01,4.8,2026-09-28,2026-09-28
NMUR,2026-08-01,4.7,2026-09-28,2026-09-28
NMPOP,2024-01-01,2126.774,2026-09-28,2026-09-28
NMPOP,2025-01-01,2125.498,2026-09-28,2026-09-28
MEHOINUSNMA646N,2024-01-01,62660,2026-09-28,2026-09-28
MEHOINUSNMA646N,2025-01-01,67620,2026-09-28,2026-09-28
NMPCPI,2024-01-01,58345.0,2026-09-28,2026-09-28
NMPCPI,2025-01-01,61645.0,2026-09-28,2026-09-28
NMSTHPI,2024-01-01,513.88,2026-09-28,2026-09-28
NMSTHPI,2024-04-01,526.43,2026-09-28,2026-09-28
NMSTHPI,2024-07-01,532.73,2026-09-28,2026-09-28
NMSTHPI,2024-10-01,536.88,2026-09-28,2026-09-28
NMSTHPI,2025-01-01,539.32,2026-09-28,2026-09-28
NMSTHPI,2025-04-01,551.59,2026-09-28,2026-09-28
NMSTHPI,2025-07-01,549.49,2026-09-28,2026-09-28
NMSTHPI,2025-10-01,553.26,2026-09-28,2026-09-28
NMSTHPI,2026-01-01,556.16,2026-09-28,2026-09-28
NMSTHPI,2026-04-01,563.08,2026-09-28,2026-09-28
NMNGSP,2024-01-01,147084.9,2026-09-28,2026-09-28
NMNGSP,2025-01-01,152778.6,2026-09-28,2026-09-28
NYUR,2024-01-01,4.1,2026-09-28,2026-09-28
NYUR,2024-02-01,4.1,2026-09-28,2026-09-28
NYUR,2024-03-01,4.1,2026-09-28,2026-09-28
NYUR,2024-04-01,4.2,2026-09-28,2026-09-28
NYUR,2024-05-01,4.2,2026-09-28,2026-09-28
NYUR,2024-06-01,4.2,2026-09-28,2026-09-28
NYUR,2024-07-01,4.2,2026-09-28,2026-09-28
NYUR,2024-08-01,4.2,2026-09-28,2026-09-28
NYUR,2024-09-01,4.2,2026-09-28,2026-09-28
NYUR,2024-10-01,4.1,2026-09-28,2026-09-28
NYUR,2024-11-01,4.1,2026-09-28,2026-09-28
NYUR,2024-12-01,4.1,2026-09-28,2026-09-28
NYUR,2025-01-01,4.1,2026-09-28,2026-09-28
NYUR,2025-02-01,4.1,2026-09-28,2026-09-28
NYUR,2025-03-01,4.1,2026-09-28,2026-09-28
NYUR,2025-04-01,4.1,2026-09-28,2026-09-28
NYUR,2025-05-01,4.2,2026-09-28,2026-09-28
NYUR,2025-06-01,4.3,2026-09-28,2026-09-28
NYUR,2025-07-01,4.4,2026-09-28,2026-09-28
NYUR,2025-08-01,4.5,2026-09-28,2026-09-28
NYUR,2025-09-01,4.6,2026-09-28,2026-09-28
NYUR,2025-10-01,.,2026-09-28,2026-09-28
NYUR,2025-11-01,4.6,2026-09-28,2026-09-28
NYUR,2025-12-01,4.6,2026-09-28,2026-09-28
NYUR,2026-01-01,4.6,2026-09-28,2026-09-28
NYUR,2026-02-01,4.6,2026-09-28,2026-09-28
NYUR,2026-03-01,4.6,2026-09-28,2026-09-28
NYUR,2026-04-01,4.6,2026-09-28,2026-09-28
NYUR,2026-05-01,4.6,2026-09-28,2026-09-28
NYUR,2026-06-01,4.6,2026-09-28,2026-09-28
NYUR,2026-07-01,4.4,2026-09-28,2026-09-28
NYUR,2026-08-01,4.3,2026-09-28,2026-09-28
NYPOP,2024-01-01,20001.419,2026-09-28,2026-09-28
NYPOP,2025-01-01,20002.427,2026-09-28,2026-09-28
MEHOINUSNYA646N,2024-01-01,86480,2026-09-28,2026-09-28
MEHOINUSNYA646N,2025-01-01,86900,2026-09-28,2026-09-28
NYPCPI,2024-01-01,84978.0,2026-09-28,2026-09-28
NYPCPI,2025-01-01,88847.0,2026-09-28,2026-09-28
NYSTHPI,2024-01-01,1012.1,2026-09-28,2026-09-28
NYSTHPI,2024-04-01,1049.11,2026-09-28,2026-09-28
NYSTHPI,2024-07-01,1069.55,2026-09-28,2026-09-28
NYSTHPI,2024-10-01,1079.3,2026-09-28,2026-09-28
NYSTHPI,2025-01-01,1088.07,2026-09-28,2026-09-28
NYSTHPI,2025-04-01,1124.56,2026-09-28,2026-09-28
NYSTHPI,2025-07-01,1142.15,2026-09-28,2026-09-28
NYSTHPI,2025-10-01,1148.31,2026-09-28,2026-09-28
NYSTHPI,2026-01-01,1158.31,2026-09-28,2026-09-28
NYSTHPI,2026-04-01,1184.26,2026-09-28,2026-09-28
NYNGSP,2024-01-01,2322138.9,2026-09-28,2026-09-28
NYNGSP,2025-01-01,2467674.0,2026-09-28,2026-09-28
NCUR,2024-01-01,3.5,2026-09-28,2026-09-28
NCUR,2024-02-01,3.5,2026-09-28,2026-09-28
NCUR,2024-03-01,3.6,2026-09-28,2026-09-28
NCUR,2024-04-01,3.6,2026-09-28,2026-09-28
NCUR,2024-05-01,3.6,2026-09-28,2026-09-28
NCUR,2024-06-01,3.6,2026-09-28,2026-09-28
NCUR,2024-07-01,3.7,2026-09-28,2026-09-28
NCUR,2024-08-01,3.7,2026-09-28,2026-09-28
NCUR,2024-09-01,3.7,2026-09-28,2026-09-28
NCUR,2024-10-01,3.7,2026-09-28,2026-09-28
NCUR,2024-11-01,3.7,2026-09-28,2026-09-28
NCUR,2024-12-01,3.8,2026-09-28,2026-09-28
NCUR,2025-01-01,3.8,2026-09-28,2026-09-28
NCUR,2025-02-01,3.8,2026-09-28,2026-09-28
NCUR,2025-03-01,3.8,2026-09-28,2026-09-28
NCUR,2025-04-01,3.8,2026-09-28,2026-09-28
NCUR,2025-05-01,3.8,2026-09-28,2026-09-28
NCUR,2025-06-01,3.8,2026-09-28,2026-09-28
NCUR,2025-07-01,3.9,2026-09-28,2026-09-28
NCUR,2025-08-01,3.9,2026-09-28,2026-09-28
NCUR,2025-09-01,3.9,2026-09-28,2026-09-28
NCUR,2025-10-01,.,2026-09-28,2026-09-28
NCUR,2025-11-01,3.8,2026-09-28,2026-09-28
NCUR,2025-12-01,3.8,2026-09-28,2026-09-28
NCUR,2026-01-01,3.8,2026-09-28,2026-09-28
NCUR,2026-02-01,3.8,2026-09-28,2026-09-28
NCUR,2026-03-01,3.7,2026-09-28,2026-09-28
NCUR,2026-04-01,3.7,2026-09-28,2026-09-28
NCUR,2026-05-01,3.7,2026-09-28,2026-09-28
NCUR,2026-06-01,3.6,2026-09-28,2026-09-28
NCUR,2026-07-01,3.6,2026-09-28,2026-09-28
NCUR,2026-08-01,3.5,2026-09-28,2026-09-28
NCPOP,2024-01-01,11052.061,2026-09-28,2026-09-28
NCPOP,2025-01-01,11197.968,2026-09-28,2026-09-28
MEHOINUSNCA646N,2024-01-01,66850,2026-09-28,2026-09-28
MEHOINUSNCA646N,2025-01-01,80250,2026-09-28,2026-09-28
NCPCPI,2024-01-01,65598.0,2026-09-28,2026-09-28
NCPCPI,2025-01-01,68511.0,2026-09-28,2026-09-28
NCSTHPI,2024-01-01,653.89,2026-09-28,2026-09-28
NCSTHPI,2024-04-01,668.09,2026-09-28,2026-09-28
NCSTHPI,2024-07-01,673.41,2026-09-28,2026-09-28
NCSTHPI,2024-10-01,677.29,2026-09-28,2026-09-28
NCSTHPI,2025-01-01,684.45,2026-09-28,2026-09-28
NCSTHPI,2025-04-01,691.25,2026-09-28,2026-09-28
NCSTHPI,2025-07-01,694.7,2026-09-28,2026-09-28
NCSTHPI,2025-10-01,699.67,2026-09-28,2026-09-28
NCSTHPI,2026-01-01,702.38,2026-09-28,2026-09-28
NCSTHPI,2026-04-01,707.79,2026-09-28,2026-09-28
NCNGSP,2024-01-01,844209.0,2026-09-28,2026-09-28
NCNGSP,2025-01-01,893762.5,2026-09-28,2026-09-28
NDUR,2024-01-01,2.2,2026-09-28,2026-09-28
NDUR,2024-02-01,2.2,2026-09-28,2026-09-28
NDUR,2024-03-01,2.3,2026-09-28,2026-09-28
NDUR,2024-04-01,2.3,2026-09-28,2026-09-28
NDUR,2024-05-01,2.4,2026-09-28,2026-09-28
NDUR,2024-06-01,2.4,2026-09-28,2026-09-28
NDUR,2024-07-01,2.5,2026-09-28,2026-09-28
NDUR,2024-08-01,2.5,2026-09-28,2026-09-28
NDUR,2024-09-01,2.5,2026-09-28,2026-09-28
NDUR,2024-10-01,2.5,2026-09-28,2026-09-28
NDUR,2024-11-01,2.5,2026-09-28,2026-09-28
NDUR,2024-12-01,2.5,2026-09-28,2026-09-28
NDUR,2025-01-01,2.6,2026-09-28,2026-09-28
NDUR,2025-02-01,2.6,2026-09-28,2026-09-28
NDUR,2025-03-01,2.6,2026-09-28,2026-09-28
NDUR,2025-04-01,2.6,2026-09-28,2026-09-28
NDUR,2025-05-01,2.6,2026-09-28,2026-09-28
NDUR,2025-06-01,2.6,2026-09-28,2026-09-28
NDUR,2025-07-01,2.6,2026-09-28,2026-09-28
NDUR,2025-08-01,2.6,2026-09-28,2026-09-28
NDUR,2025-09-01,2.6,2026-09-28,2026-09-28
NDUR,2025-10-01,.,2026-09-28,2026-09-28
NDUR,2025-11-01,2.6,2026-09-28,2026-09-28
NDUR,2025-12-01,2.6,2026-09-28,2026-09-28
NDUR,2026-01-01,2.6,2026-09-28,2026-09-28
NDUR,2026-02-01,2.6,2026-09-28,2026-09-28
NDUR,2026-03-01,2.5,2026-09-28,2026-09-28
NDUR,2026-04-01,2.4,2026-09-28,2026-09-28
NDUR,2026-05-01,2.4,2026-09-28,2026-09-28
NDUR,2026-06-01,2.3,2026-09-28,2026-09-28
NDUR,2026-07-01,2.2,2026-09-28,2026-09-28
NDUR,2026-08-01,2.2,2026-09-28,2026-09-28
NDPOP,2024-01-01,793.387,2026-09-28,2026-09-28
NDPOP,2025-01-01,799.358,2026-09-28,2026-09-28
MEHOINUSNDA646N,2024-01-01,86840,2026-09-28,2026-09-28
MEHOINUSNDA646N,2025-01-01,85060,2026-09-28,2026-09-28
NDPCPI,2024-01-01,72037.0,2026-09-28,2026-09-28
NDPCPI,2025-01-01,75157.0,2026-09-28,2026-09-28
NDSTHPI,2024-01-01,476.89,2026-09-28,2026-09-28
NDSTHPI,2024-04-01,489.22,2026-09-28,2026-09-28
NDSTHPI,2024-07-01,496.96,2026-09-28,2026-09-28
NDSTHPI,2024-10-01,496.13,2026-09-28,2026-09-28
NDSTHPI,2025-01-01,503.31,2026-09-28,2026-09-28
NDSTHPI,2025-04-01,515.8,2026-09-28,2026-09-28
NDSTHPI,2025-07-01,524.71,2026-09-28,2026-09-28
NDSTHPI,2025-10-01,522.08,2026-09-28,2026-09-28
NDSTHPI,2026-01-01,523.49,2026-09-28,2026-09-28
NDSTHPI,2026-04-01,539.91,2026-09-28,2026-09-28
NDNGSP,2024-01-01,80058.3,2026-09-28,2026-09-28
NDNGSP,2025-01-01,81883.3,2026-09-28,2026-09-28
OHUR,2024-01-01,3.9,2026-09-28,2026-09-28
OHUR,2024-02-01,4.0,2026-09-28,2026-09-28
OHUR,2024-03-01,4.1,2026-09-28,2026-09-28
OHUR,2024-04-01,4.2,2026-09-28,2026-09-28
OHUR,2024-05-01,4.3,2026-09-28,2026-09-28
OHUR,2024-06-01,4.3,2026-09-28,2026-09-28
OHUR,2024-07-01,4.4,2026-09-28,2026-09-28
OHUR,2024-08-01,4.4,2026-09-28,2026-09-28
OHUR,2024-09-01,4.5,2026-09-28,2026-09-28
OHUR,2024-10-01,4.6,2026-09-28,2026-09-28
OHUR,2024-11-01,4.7,2026-09-28,2026-09-28
OHUR,2024-12-01,4.8,2026-09-28,2026-09-28
OHUR,2025-01-01,4.8,2026-09-28,2026-09-28
OHUR,2025-02-01,4.9,2026-09-28,2026-09-28
OHUR,2025-03-01,4.8,2026-09-28,2026-09-28
OHUR,2025-04-01,4.8,2026-09-28,2026-09-28
OHUR,2025-05-01,4.7,2026-09-28,2026-09-28
OHUR,2025-06-01,4.6,2026-09-28,2026-09-28
OHUR,2025-07-01,4.5,2026-09-28,2026-09-28
OHUR,2025-08-01,4.4,2026-09-28,2026-09-28
OHUR,2025-09-01,4.3,2026-09-28,2026-09-28
OHUR,2025-10-01,.,2026-09-28,2026-09-28
OHUR,2025-11-01,4.3,2026-09-28,2026-09-28
OHUR,2025-12-01,4.4,2026-09-28,2026-09-28
OHUR,2026-01-01,4.3,2026-09-28,2026-09-28
OHUR,2026-02-01,4.2,2026-09-28,2026-09-28
OHUR,2026-03-01,4.1,2026-09-28,2026-09-28
OHUR,2026-04-01,3.9,2026-09-28,2026-09-28
OHUR,2026-05-01,3.7,2026-09-28,2026-09-28
OHUR,2026-06-01,3.6,2026-09-28,2026-09-28
OHUR,2026-07-01,3.4,2026-09-28,2026-09-28
OHUR,2026-08-01,3.3,2026-09-28,2026-09-28
OHPOP,2024-01-01,11860.621,2026-09-28,2026-09-28
OHPOP,2025-01-01,11900.51,2026-09-28,2026-09-28
MEHOINUSOHA646N,2024-01-01,79260,2026-09-28,2026-09-28
MEHOINUSOHA646N,2025-01-01,85150,2026-09-28,2026-09-28
OHPCPI,2024-01-01,64587.0,2026-09-28,2026-09-28
OHPCPI,2025-01-01,67291.0,2026-09-28,2026-09-28
OHSTHPI,2024-01-01,456.33,2026-09-28,2026-09-28
OHSTHPI,2024-04-01,474.45,2026-09-28,2026-09-28
OHSTHPI,2024-07-01,479.56,2026-09-28,2026-09-28
OHSTHPI,2024-10-01,483.34,2026-09-28,2026-09-28
OHSTHPI,2025-01-01,489.78,2026-09-28,2026-09-28
OHSTHPI,2025-04-01,500.7,2026-09-28,2026-09-28
OHSTHPI,2025-07-01,505.46,2026-09-28,2026-09-28
OHSTHPI,2025-10-01,508.16,2026-09-28,2026-09-28
OHSTHPI,2026-01-01,513.37,2026-09-28,2026-09-28
OHSTHPI,2026-04-01,522.21,2026-09-28,2026-09-28
OHNGSP,2024-01-01,923140.6,2026-09-28,2026-09-28
OHNGSP,2025-01-01,966779.9,2026-09-28,2026-09-28
OKUR,2024-01-01,3.3,2026-09-28,2026-09-28
OKUR,2024-02-01,3.3,2026-09-28,2026-09-28
OKUR,2024-03-01,3.3,2026-09-28,2026-09-28
OKUR,2024-04-01,3.3,2026-09-28,2026-09-28
OKUR,2024-05-01,3.2,2026-09-28,2026-09-28
OKUR,2024-06-01,3.2,2026-09-28,2026-09-28
OKUR,2024-07-01,3.2,2026-09-28,2026-09-28
OKUR,2024-08-01,3.2,2026-09-28,2026-09-28
OKUR,2024-09-01,3.1,2026-09-28,2026-09-28
OKUR,2024-10-01,3.1,2026-09-28,2026-09-28
OKUR,2024-11-01,3.1,2026-09-28,2026-09-28
OKUR,2024-12-01,3.1,2026-09-28,2026-09-28
OKUR,2025-01-01,3.1,2026-09-28,2026-09-28
OKUR,2025-02-01,3.1,2026-09-28,2026-09-28
OKUR,2025-03-01,3.1,2026-09-28,2026-09-28
OKUR,2025-04-01,3.1,2026-09-28,2026-09-28
OKUR,2025-05-01,3.1,2026-09-28,2026-09-28
OKUR,2025-06-01,3.2,2026-09-28,2026-09-28
OKUR,2025-07-01,3.3,2026-09-28,2026-09-28
OKUR,2025-08-01,3.4,2026-09-28,2026-09-28
OKUR,2025-09-01,3.6,2026-09-28,2026-09-28
OKUR,2025-10-01,.,2026-09-28,2026-09-28
OKUR,2025-11-01,3.7,2026-09-28,2026-09-28
OKUR,2025-12-01,3.7,2026-09-28,2026-09-28
OKUR,2026-01-01,3.9,2026-09-28,2026-09-28
OKUR,2026-02-01,3.9,2026-09-28,2026-09-28
OKUR,2026-03-01,3.9,2026-09-28,2026-09-28
OKUR,2026-04-01,4.0,2026-09-28,2026-09-28
OKUR,2026-05-01,4.1,2026-09-28,2026-09-28
OKUR,2026-06-01,4.2,2026-09-28,2026-09-28
OKUR,2026-07-01,4.3,2026-09-28,2026-09-28
OKUR,2026-08-01,4.3,2026-09-28,2026-09-28
OKPOP,2024-01-01,4097.758,2026-09-28,2026-09-28
OKPOP,2025-01-01,4123.288,2026-09-28,2026-09-28
MEHOINUSOKA646N,2024-01-01,64870,2026-09-28,2026-09-28
MEHOINUSOKA646N,2025-01-01,75390,2026-09-28,2026-09-28
OKPCPI,2024-01-01,63671.0,2026-09-28,2026-09-28
OKPCPI,2025-01-01,66660.0,2026-09-28,2026-09-28
OKSTHPI,2024-01-01,370.91,2026-09-28,2026-09-28
OKSTHPI,2024-04-01,373.11,2026-09-28,2026-09-28
OKSTHPI,2024-07-01,378.82,2026-09-28,2026-09-28
OKSTHPI,2024-10-01,382.69,2026-09-28,2026-09-28
OKSTHPI,2025-01-01,384.87,2026-09-28,2026-09-28
OKSTHPI,2025-04-01,389.76,2026-09-28,2026-09-28
OKSTHPI,2025-07-01,389.24,2026-09-28,2026-09-28
OKSTHPI,2025-10-01,395.54,2026-09-28,2026-09-28
OKSTHPI,2026-01-01,395.35,2026-09-28,2026-09-28
OKSTHPI,2026-04-01,400.64,2026-09-28,2026-09-28
OKNGSP,2024-01-01,263695.1,2026-09-28,2026-09-28
OKNGSP,2025-01-01,274421.0,2026-09-28,2026-09-28
ORUR,2024-01-01,4.1,2026-09-28,2026-09-28
ORUR,2024-02-01,4.1,2026-09-28,2026-09-28
ORUR,2024-03-01,4.2,2026-09-28,2026-09-28
ORUR,2024-04-01,4.2,2026-09-28,2026-09-28
ORUR,2024-05-01,4.2,2026-09-28,2026-09-28
ORUR,2024-06-01,4.2,2026-09-28,2026-09-28
ORUR,2024-07-01,4.2,2026-09-28,2026-09-28
ORUR,2024-08-01,4.3,2026-09-28,2026-09-28
ORUR,2024-09-01,4.4,2026-09-28,2026-09-28
ORUR,2024-10-01,4.4,2026-09-28,2026-09-28
ORUR,2024-11-01,4.5,2026-09-28,2026-09-28
ORUR,2024-12-01,4.7,2026-09-28,2026-09-28
ORUR,2025-01-01,4.8,2026-09-28,2026-09-28
ORUR,2025-02-01,4.9,2026-09-28,2026-09-28
ORUR,2025-03-01,5.0,2026-09-28,2026-09-28
ORUR,2025-04-01,5.1,2026-09-28,2026-09-28
ORUR,2025-05-01,5.2,2026-09-28,2026-09-28
ORUR,2025-06-01,5.2,2026-09-28,2026-09-28
ORUR,2025-07-01,5.3,2026-09-28,2026-09-28
ORUR,2025-08-01,5.3,2026-09-28,2026-09-28
ORUR,2025-09-01,5.3,2026-09-28,2026-09-28
ORUR,2025-10-01,.,2026-09-28,2026-09-28
ORUR,2025-11-01,5.3,2026-09-28,2026-09-28
ORUR,2025-12-01,5.3,2026-09-28,2026-09-28
ORUR,2026-01-01,5.2,2026-09-28,2026-09-28
ORUR,2026-02-01,5.2,2026-09-28,2026-09-28
ORUR,2026-03-01,5.2,2026-09-28,2026-09-28
ORUR,2026-04-01,5.2,2026-09-28,2026-09-28
ORUR,2026-05-01,5.2,2026-09-28,2026-09-28
ORUR,2026-06-01,5.2,2026-09-28,2026-09-28
ORUR,2026-07-01,5.2,2026-09-28,2026-09-28
ORUR,2026-08-01,5.1,2026-09-28,2026-09-28
ORPOP,2024-01-01,4265.324,2026-09-28,2026-09-28
ORPOP,2025-01-01,4273.586,2026-09-28,2026-09-28
MEHOINUSORA646N,2024-01-01,89510,2026-09-28,2026-09-28
MEHOINUSORA646N,2025-01-01,92740,2026-09-28,2026-09-28
ORPCPI,2024-01-01,70940.0,2026-09-28,2026-09-28
ORPCPI,2025-01-01,73678.0,2026-09-28,2026-09-28
ORSTHPI,2024-01-01,809.54,2026-09-28,2026-09-28
ORSTHPI,2024-04-01,825.55,2026-09-28,2026-09-28
ORSTHPI,2024-07-01,826.57,2026-09-28,2026-09-28
ORSTHPI,2024-10-01,825.64,2026-09-28,2026-09-28
ORSTHPI,2025-01-01,830.31,2026-09-28,2026-09-28
ORSTHPI,2025-04-01,841.51,2026-09-28,2026-09-28
ORSTHPI,2025-07-01,841.55,2026-09-28,2026-09-28
ORSTHPI,2025-10-01,842.58,2026-09-28,2026-09-28
ORSTHPI,2026-01-01,847.78,2026-09-28,2026-09-28
ORSTHPI,2026-04-01,855.4,2026-09-28,2026-09-28
ORNGSP,2024-01-01,330250.1,2026-09-28,2026-09-28
ORNGSP,2025-01-01,342850.1,2026-09-28,2026-09-28
PAUR,2024-01-01,3.7,2026-09-28,2026-09-28
PAUR,2024-02-01,3.7,2026-09-28,2026-09-28
PAUR,2024-03-01,3.7,2026-09-28,2026-09-28
PAUR,2024-04-01,3.7,2026-09-28,2026-09-28
PAUR,2024-05-01,3.7,2026-09-28,2026-09-28
PAUR,2024-06-01,3.8,2026-09-28,2026-09-28
PAUR,2024-07-01,3.8,2026-09-28,2026-09-28
PAUR,2024-08-01,3.8,2026-09-28,2026-09-28
PAUR,2024-09-01,3.9,2026-09-28,2026-09-28
PAUR,2024-10-01,3.9,2026-09-28,2026-09-28
PAUR,2024-11-01,4.0,2026-09-28,2026-09-28
PAUR,2024-12-01,4.0,2026-09-28,2026-09-28
PAUR,2025-01-01,4.1,2026-09-28,2026-09-28
PAUR,2025-02-01,4.1,2026-09-28,2026-09-28
PAUR,2025-03-01,4.2,2026-09-28,2026-09-28
PAUR,2025-04-01,4.2,2026-09-28,2026-09-28
PAUR,2025-05-01,4.2,2026-09-28,2026-09-28
PAUR,2025-06-01,4.3,2026-09-28,2026-09-28
PAUR,2025-07-01,4.4,2026-09-28,2026-09-28
PAUR,2025-08-01,4.4,2026-09-28,2026-09-28
PAUR,2025-09-01,4.4,2026-09-28,2026-09-28
PAUR,2025-10-01,.,2026-09-28,2026-09-28
PAUR,2025-11-01,4.4,2026-09-28,2026-09-28
PAUR,2025-12-01,4.4,2026-09-28,2026-09-28
PAUR,2026-01-01,4.3,2026-09-28,2026-09-28
PAUR,2026-02-01,4.2,2026-09-28,2026-09-28
PAUR,2026-03-01,4.2,2026-09-28,2026-09-28
PAUR,2026-04-01,4.2,2026-09-28,2026-09-28
PAUR,2026-05-01,4.2,2026-09-28,2026-09-28
PAUR,2026-06-01,4.1,2026-09-28,2026-09-28
PAUR,2026-07-01,3.9,2026-09-28,2026-09-28
PAUR,2026-08-01,3.7,2026-09-28,2026-09-28
PAPOP,2024-01-01,13045.848,2026-09-28,2026-09-28
PAPOP,2025-01-01,13059.432,2026-09-28,2026-09-28
MEHOINUSPAA646N,2024-01-01,79640,2026-09-28,2026-09-28
MEHOINUSPAA646N,2025-01-01,85880,2026-09-28,2026-09-28
PAPCPI,2024-01-01,70856.0,2026-09-28,2026-09-28
PAPCPI,2025-01-01,74231.0,2026-09-28,2026-09-28
PASTHPI,2024-01-01,643.46,2026-09-28,2026-09-28
PASTHPI,2024-04-01,663.71,2026-09-28,2026-09-28
PASTHPI,2024-07-01,671.45,2026-09-28,2026-09-28
PASTHPI,2024-10-01,673.91,2026-09-28,2026-09-28
PASTHPI,2025-01-01,684.75,2026-09-28,2026-09-28
PASTHPI,2025-04-01,700.58,2026-09-28,2026-09-28
PASTHPI,2025-07-01,707.97,2026-09-28,2026-09-28
PASTHPI,2025-10-01,711.95,2026-09-28,2026-09-28
PASTHPI,2026-01-01,721.12,2026-09-28,2026-09-28
PASTHPI,2026-04-01,733.19,2026-09-28,2026-09-28
PANGSP,2024-01-01,1007873.9,2026-09-28,2026-09-28
PANGSP,2025-01-01,1056446.3,2026-09-28,2026-09-28
RIUR,2024-01-01,3.8,2026-09-28,2026-09-28
RIUR,2024-02-01,3.9,2026-09-28,2026-09-28
RIUR,2024-03-01,4.0,2026-09-28,2026-09-28
RIUR,2024-04-01,4.1,2026-09-28,2026-09-28
RIUR,2024-05-01,4.2,2026-09-28,2026-09-28
RIUR,2024-06-01,4.3,2026-09-28,2026-09-28
RIUR,2024-07-01,4.4,2026-09-28,2026-09-28
RIUR,2024-08-01,4.4,2026-09-28,2026-09-28
RIUR,2024-09-01,4.4,2026-09-28,2026-09-28
RIUR,2024-10-01,4.5,2026-09-28,2026-09-28
RIUR,2024-11-01,4.5,2026-09-28,2026-09-28
RIUR,2024-12-01,4.5,2026-09-28,2026-09-28
RIUR,2025-01-01,4.5,2026-09-28,2026-09-28
RIUR,2025-02-01,4.5,2026-09-28,2026-09-28
RIUR,2025-03-01,4.5,2026-09-28,2026-09-28
RIUR,2025-04-01,4.4,2026-09-28,2026-09-28
RIUR,2025-05-01,4.4,2026-09-28,2026-09-28
RIUR,2025-06-01,4.3,2026-09-28,2026-09-28
RIUR,2025-07-01,4.2,2026-09-28,2026-09-28
RIUR,2025-08-01,4.3,2026-09-28,2026-09-28
RIUR,2025-09-01,4.3,2026-09-28,2026-09-28
RIUR,2025-10-01,.,2026-09-28,2026-09-28
RIUR,2025-11-01,4.4,2026-09-28,2026-09-28
RIUR,2025-12-01,4.4,2026-09-28,2026-09-28
RIUR,2026-01-01,4.5,2026-09-28,2026-09-28
RIUR,2026-02-01,4.6,2026-09-28,2026-09-28
RIUR,2026-03-01,4.7,2026-09-28,2026-09-28
RIUR,2026-04-01,4.5,2026-09-28,2026-09-28
RIUR,2026-05-01,4.3,2026-09-28,2026-09-28
RIUR,2026-06-01,4.1,2026-09-28,2026-09-28
RIUR,2026-07-01,3.9,2026-09-28,2026-09-28
RIUR,2026-08-01,3.7,2026-09-28,2026-09-28
RIPOP,2024-01-01,1110.415,2026-09-28,2026-09-28
RIPOP,2025-01-01,1114.521,2026-09-28,2026-09-28
MEHOINUSRIA646N,2024-01-01,91360,2026-09-28,2026-09-28
MEHOINUSRIA646N,2025-01-01,96880,2026-09-28,2026-09-28
RIPCPI,2024-01-01,70743.0,2026-09-28,2026-09-28
RIPCPI,2025-01-01,73992.0,2026-09-28,2026-09-28
RISTHPI,2024-01-01,918.33,2026-09-28,2026-09-28
RISTHPI,2024-04-01,952.87,2026-09-28,2026-09-28
RISTHPI,2024-07-01,970.24,2026-09-28,2026-09-28
RISTHPI,2024-10-01,979.46,2026-09-28,2026-09-28
RISTHPI,2025-01-01,993.88,2026-09-28,2026-09-28
RISTHPI,2025-04-01,1013.95,2026-09-28,2026-09-28
RISTHPI,2025-07-01,1021.62,2026-09-28,2026-09-28
RISTHPI,2025-10-01,1030.74,2026-09-28,2026-09-28
RISTHPI,2026-01-01,1040.33,2026-09-28,2026-09-28
RISTHPI,2026-04-01,1064.86,2026-09-28,2026-09-28
RINGSP,2024-01-01,80381.1,2026-09-28,2026-09-28
RINGSP,2025-01-01,83956.0,2026-09-28,2026-09-28
SCUR,2024-01-01,3.4,2026-09-28,2026-09-28
SCUR,2024-02-01,3.6,2026-09-28,2026-09-28
SCUR,2024-03-01,3.7,2026-09-28,2026-09-28
SCUR,2024-04-01,3.9,2026-09-28,2026-09-28
SCUR,2024-05-01,4.1,2026-09-28,2026-09-28
SCUR,2024-06-01,4.3,2026-09-28,2026-09-28
SCUR,2024-07-01,4.4,2026-09-28,2026-09-28
SCUR,2024-08-01,4.5,2026-09-28,2026-09-28
SCUR,2024-09-01,4.5,2026-09-28,2026-09-28
SCUR,2024-10-01,4.4,2026-09-28,2026-09-28
SCUR,2024-11-01,4.3,2026-09-28,2026-09-28
SCUR,2024-12-01,4.2,2026-09-28,2026-09-28
SCUR,2025-01-01,4.1,2026-09-28,2026-09-28
SCUR,2025-02-01,4.1,2026-09-28,2026-09-28
SCUR,2025-03-01,4.2,2026-09-28,2026-09-28
SCUR,2025-04-01,4.2,2026-09-28,2026-09-28
SCUR,2025-05-01,4.3,2026-09-28,2026-09-28
SCUR,2025-06-01,4.4,2026-09-28,2026-09-28
SCUR,2025-07-01,4.4,2026-09-28,2026-09-28
SCUR,2025-08-01,4.6,2026-09-28,2026-09-28
SCUR,2025-09-01,4.7,2026-09-28,2026-09-28
SCUR,2025-10-01,.,2026-09-28,2026-09-28
SCUR,2025-11-01,4.8,2026-09-28,2026-09-28
SCUR,2025-12-01,4.8,2026-09-28,2026-09-28
SCUR,2026-01-01,4.9,2026-09-28,2026-09-28
SCUR,2026-02-01,5.0,2026-09-28,2026-09-28
SCUR,2026-03-01,4.9,2026-09-28,2026-09-28
SCUR,2026-04-01,4.8,2026-09-28,2026-09-28
SCUR,2026-05-01,4.6,2026-09-28,2026-09-28
SCUR,2026-06-01,4.4,2026-09-28,2026-09-28
SCUR,2026-07-01,4.2,2026-09-28,2026-09-28
SCUR,2026-08-01,4.1,2026-09-28,2026-09-28
SCPOP,2024-01-01,5490.316,2026-09-28,2026-09-28
SCPOP,2025-01-01,5570.274,2026-09-28,2026-09-28
MEHOINUSSCA646N,2024-01-01,76050,2026-09-28,2026-09-28
MEHOINUSSCA646N,2025-01-01,82320,2026-09-28,2026-09-28
SCPCPI,2024-01-01,60649.0,2026-09-28,2026-09-28
SCPCPI,2025-01-01,63179.0,2026-09-28,2026-09-28
SCSTHPI,2024-01-01,651.23,2026-09-28,2026-09-28
SCSTHPI,2024-04-01,667.48,2026-09-28,2026-09-28
SCSTHPI,2024-07-01,674.35,2026-09-28,2026-09-28
SCSTHPI,2024-10-01,682.06,2026-09-28,2026-09-28
SCSTHPI,2025-01-01,691.71,2026-09-28,2026-09-28
SCSTHPI,2025-04-01,698.5,2026-09-28,2026-09-28
SCSTHPI,2025-07-01,706.61,2026-09-28,2026-09-28
SCSTHPI,2025-10-01,709.79,2026-09-28,2026-09-28
SCSTHPI,2026-01-01,716.54,2026-09-28,2026-09-28
SCSTHPI,2026-04-01,725.16,2026-09-28,2026-09-28
SCNGSP,2024-01-01,357074.4,2026-09-28,2026-09-28
SCNGSP,2025-01-01,378830.6,2026-09-28,2026-09-28
SDUR,2024-01-01,1.8,2026-09-28,2026-09-28
SDUR,2024-02-01,1.7,2026-09-28,2026-09-28
SDUR,2024-03-01,1.7,2026-09-28,2026-09-28
SDUR,2024-04-01,1.8,2026-09-28,2026-09-28
SDUR,2024-05-01,1.8,2026-09-28,2026-09-28
SDUR,2024-06-01,1.8,2026-09-28,2026-09-28
SDUR,2024-07-01,1.8,2026-09-28,2026-09-28
SDUR,2024-08-01,1.9,2026-09-28,2026-09-28
SDUR,2024-09-01,1.9,2026-09-28,2026-09-28
SDUR,2024-10-01,1.9,2026-09-28,2026-09-28
SDUR,2024-11-01,1.9,2026-09-28,2026-09-28
SDUR,2024-12-01,1.9,2026-09-28,2026-09-28
SDUR,2025-01-01,2.0,2026-09-28,2026-09-28
SDUR,2025-02-01,2.0,2026-09-28,2026-09-28
SDUR,2025-03-01,2.0,2026-09-28,2026-09-28
SDUR,2025-04-01,2.0,2026-09-28,2026-09-28
SDUR,2025-05-01,2.0,2026-09-28,2026-09-28
SDUR,2025-06-01,2.0,2026-09-28,2026-09-28
SDUR,2025-07-01,2.0,2026-09-28,2026-09-28
SDUR,2025-08-01,2.1,2026-09-28,2026-09-28
SDUR,2025-09-01,2.1,2026-09-28,2026-09-28
SDUR,2025-10-01,.,2026-09-28,2026-09-28
SDUR,2025-11-01,2.2,2026-09-28,2026-09-28
SDUR,2025-12-01,2.2,2026-09-28,2026-09-28
SDUR,2026-01-01,2.2,2026-09-28,2026-09-28
SDUR,2026-02-01,2.3,2026-09-28,2026-09-28
SDUR,2026-03-01,2.3,2026-09-28,2026-09-28
SDUR,2026-04-01,2.2,2026-09-28,2026-09-28
SDUR,2026-05-01,2.1,2026-09-28,2026-09-28
SDUR,2026-06-01,2.0,2026-09-28,2026-09-28
SDUR,2026-07-01,2,2026-09-28,2026-09-28
SDUR,2026-08-01,2,2026-09-28,2026-09-28
SDPOP,2024-01-01,927.11,2026-09-28,2026-09-28
SDPOP,2025-01-01,935.094,2026-09-28,2026-09-28
MEHOINUSSDA646N,2024-01-01,78870,2026-09-28,2026-09-28
MEHOINUSSDA646N,2025-01-01,82460,2026-09-28,2026-09-28
SDPCPI,2024-01-01,75499.0,2026-09-28,2026-09-28
SDPCPI,2025-01-01,79297.0,2026-09-28,2026-09-28
SDSTHPI,2024-01-01,597.35,2026-09-28,2026-09-28
SDSTHPI,2024-04-01,603.95,2026-09-28,2026-09-28
SDSTHPI,2024-07-01,607.09,2026-09-28,2026-09-28
SDSTHPI,2024-10-01,613.65,2026-09-28,2026-09-28
SDSTHPI,2025-01-01,614.85,2026-09-28,2026-09-28
SDSTHPI,2025-04-01,628.65,2026-09-28,2026-09-28
SDSTHPI,2025-07-01,633.23,2026-09-28,2026-09-28
SDSTHPI,2025-10-01,635.96,2026-09-28,2026-09-28
SDSTHPI,2026-01-01,640.46,2026-09-28,2026-09-28
SDSTHPI,2026-04-01,642.5,2026-09-28,2026-09-28
SDNGSP,2024-01-01,76795.8,2026-09-28,2026-09-28
SDNGSP,2025-01-01,80650.3,2026-09-28,2026-09-28
TNUR,2024-01-01,3.2,2026-09-28,2026-09-28
TNUR,2024-02-01,3.2,2026-09-28,2026-09-28
TNUR,2024-03-01,3.2,2026-09-28,2026-09-28
TNUR,2024-04-01,3.2,2026-09-28,2026-09-28
TNUR,2024-05-01,3.3,2026-09-28,2026-09-28
TNUR,2024-06-01,3.3,2026-09-28,2026-09-28
TNUR,2024-07-01,3.4,2026-09-28,2026-09-28
TNUR,2024-08-01,3.5,2026-09-28,2026-09-28
TNUR,2024-09-01,3.5,2026-09-28,2026-09-28
TNUR,2024-10-01,3.6,2026-09-28,2026-09-28
TNUR,2024-11-01,3.6,2026-09-28,2026-09-28
TNUR,2024-12-01,3.5,2026-09-28,2026-09-28
TNUR,2025-01-01,3.5,2026-09-28,2026-09-28
TNUR,2025-02-01,3.5,2026-09-28,2026-09-28
TNUR,2025-03-01,3.5,2026-09-28,2026-09-28
TNUR,2025-04-01,3.5,2026-09-28,2026-09-28
TNUR,2025-05-01,3.5,2026-09-28,2026-09-28
TNUR,2025-06-01,3.5,2026-09-28,2026-09-28
TNUR,2025-07-01,3.5,2026-09-28,2026-09-28
TNUR,2025-08-01,3.5,2026-09-28,2026-09-28
TNUR,2025-09-01,3.5,2026-09-28,2026-09-28
TNUR,2025-10-01,.,2026-09-28,2026-09-28
TNUR,2025-11-01,3.6,2026-09-28,2026-09-28
TNUR,2025-12-01,3.6,2026-09-28,2026-09-28
TNUR,2026-01-01,3.5,2026-09-28,2026-09-28
TNUR,2026-02-01,3.6,2026-09-28,2026-09-28
TNUR,2026-03-01,3.6,2026-09-28,2026-09-28
TNUR,2026-04-01,3.6,2026-09-28,2026-09-28
TNUR,2026-05-01,3.6,2026-09-28,2026-09-28
TNUR,2026-06-01,3.5,2026-09-28,2026-09-28
TNUR,2026-07-01,3.4,2026-09-28,2026-09-28
TNUR,2026-08-01,3.4,2026-09-28,2026-09-28
TNPOP,2024-01-01,7251.291,2026-09-28,2026-09-28
TNPOP,2025-01-01,7315.076,2026-09-28,2026-09-28
MEHOINUSTNA646N,2024-01-01,75460,2026-09-28,2026-09-28
MEHOINUSTNA646N,2025-01-01,75250,2026-09-28,2026-09-28
TNPCPI,2024-01-01,66288.0,2026-09-28,2026-09-28
TNPCPI,2025-01-01,69131.0,2026-09-28,2026-09-28
TNSTHPI,2024-01-01,651.99,2026-09-28,2026-09-28
TNSTHPI,2024-04-01,663.39,2026-09-28,2026-09-28
TNSTHPI,2024-07-01,669.59,2026-09-28,2026-09-28
TNSTHPI,2024-10-01,675.61,2026-09-28,2026-09-28
TNSTHPI,2025-01-01,677.71,2026-09-28,2026-09-28
TNSTHPI,2025-04-01,687.53,2026-09-28,2026-09-28
TNSTHPI,2025-07-01,694.17,2026-09-28,2026-09-28
TNSTHPI,2025-10-01,697.29,2026-09-28,2026-09-28
TNSTHPI,2026-01-01,701.69,2026-09-28,2026-09-28
TNSTHPI,2026-04-01,705.37,2026-09-28,2026-09-28
TNNGSP,2024-01-01,561201.2,2026-09-28,2026-09-28
TNNGSP,2025-01-01,589817.5,2026-09-28,2026-09-28
TXUR,2024-01-01,4.0,2026-09-28,2026-09-28
TXUR,2024-02-01,4.0,2026-09-28,2026-09-28
TXUR,2024-03-01,4.0,2026-09-28,2026-09-28
TXUR,2024-04-01,4.1,2026-09-28,2026-09-28
TXUR,2024-05-01,4.1,2026-09-28,2026-09-28
TXUR,2024-06-01,4.1,2026-09-28,2026-09-28
TXUR,2024-07-01,4.2,2026-09-28,2026-09-28
TXUR,2024-08-01,4.2,2026-09-28,2026-09-28
TXUR,2024-09-01,4.2,2026-09-28,2026-09-28
TXUR,2024-10-01,4.2,2026-09-28,2026-09-28
TXUR,2024-11-01,4.2,2026-09-28,2026-09-28
TXUR,2024-12-01,4.1,2026-09-28,2026-09-28
TXUR,2025-01-01,4.1,2026-09-28,2026-09-28
TXUR,2025-02-01,4.1,2026-09-28,2026-09-28
TXUR,2025-03-01,4.1,2026-09-28,2026-09-28
TXUR,2025-04-01,4.1,2026-09-28,2026-09-28
TXUR,2025-05-01,4.1,2026-09-28,2026-09-28
TXUR,2025-06-01,4.1,2026-09-28,2026-09-28
TXUR,2025-07-01,4.2,2026-09-28,2026-09-28
TXUR,2025-08-01,4.2,2026-09-28,2026-09-28
TXUR,2025-09-01,4.3,2026-09-28,2026-09-28
TXUR,2025-10-01,.,2026-09-28,2026-09-28
TXUR,2025-11-01,4.3,2026-09-28,2026-09-28
TXUR,2025-12-01,4.3,2026-09-28,2026-09-28
TXUR,2026-01-01,4.3,2026-09-28,2026-09-28
TXUR,2026-02-01,4.3,2026-09-28,2026-09-28
TXUR,2026-03-01,4.3,2026-09-28,2026-09-28
TXUR,2026-04-01,4.3,2026-09-28,2026-09-28
TXUR,2026-05-01,4.3,2026-09-28,2026-09-28
TXUR,2026-06-01,4.4,2026-09-28,2026-09-28
TXUR,2026-07-01,4.5,2026-09-28,2026-09-28
TXUR,2026-08-01,4.4,2026-09-28,2026-09-28
TXPOP,2024-01-01,31318.578,2026-09-28,2026-09-28
TXPOP,2025-01-01,31709.821,2026-09-28,2026-09-28
MEHOINUSTXA646N,2024-01-01,81280,2026-09-28,2026-09-28
MEHOINUSTXA646N,2025-01-01,85060,2026-09-28,2026-09-28
TXPCPI,2024-01-01,69762.0,2026-09-28,2026-09-28
TXPCPI,2025-01-01,72364.0,2026-09-28,2026-09-28
TXSTHPI,2024-01-01,508.31,2026-09-28,2026-09-28
TXSTHPI,2024-04-01,514.61,2026-09-28,2026-09-28
TXSTHPI,2024-07-01,516.46,2026-09-28,2026-09-28
TXSTHPI,2024-10-01,519.59,2026-09-28,2026-09-28
TXSTHPI,2025-01-01,520.72,2026-09-28,2026-09-28
TXSTHPI,2025-04-01,523.1,2026-09-28,2026-09-28
TXSTHPI,2025-07-01,525.06,2026-09-28,2026-09-28
TXSTHPI,2025-10-01,526.13,2026-09-28,2026-09-28
TXSTHPI,2026-01-01,528.51,2026-09-28,2026-09-28
TXSTHPI,2026-04-01,531.31,2026-09-28,2026-09-28
TXNGSP,2024-01-01,2769766.2,2026-09-28,2026-09-28
TXNGSP,2025-01-01,2904427.8,2026-09-28,2026-09-28
UTUR,2024-01-01,3.0,2026-09-28,2026-09-28
UTUR,2024-02-01,3.1,2026-09-28,2026-09-28
UTUR,2024-03-01,3.1,2026-09-28,2026-09-28
UTUR,2024-04-01,3.2,2026-09-28,2026-09-28
UTUR,2024-05-01,3.3,2026-09-28,2026-09-28
UTUR,2024-06-01,3.3,2026-09-28,2026-09-28
UTUR,2024-07-01,3.4,2026-09-28,2026-09-28
UTUR,2024-08-01,3.4,2026-09-28,2026-09-28
UTUR,2024-09-01,3.4,2026-09-28,2026-09-28
UTUR,2024-10-01,3.4,2026-09-28,2026-09-28
UTUR,2024-11-01,3.3,2026-09-28,2026-09-28
UTUR,2024-12-01,3.3,2026-09-28,2026-09-28
UTUR,2025-01-01,3.3,2026-09-28,2026-09-28
UTUR,2025-02-01,3.4,2026-09-28,2026-09-28
UTUR,2025-03-01,3.4,2026-09-28,2026-09-28
UTUR,2025-04-01,3.4,2026-09-28,2026-09-28
UTUR,2025-05-01,3.5,2026-09-28,2026-09-28
UTUR,2025-06-01,3.5,2026-09-28,2026-09-28
UTUR,2025-07-01,3.5,2026-09-28,2026-09-28
UTUR,2025-08-01,3.6,2026-09-28,2026-09-28
UTUR,2025-09-01,3.6,2026-09-28,2026-09-28
UTUR,2025-10-01,.,2026-09-28,2026-09-28
UTUR,2025-11-01,3.7,2026-09-28,2026-09-28
UTUR,2025-12-01,3.7,2026-09-28,2026-09-28
UTUR,2026-01-01,3.8,2026-09-28,2026-09-28
UTUR,2026-02-01,3.8,2026-09-28,2026-09-28
UTUR,2026-03-01,3.8,2026-09-28,2026-09-28
UTUR,2026-04-01,3.8,2026-09-28,2026-09-28
UTUR,2026-05-01,3.7,2026-09-28,2026-09-28
UTUR,2026-06-01,3.6,2026-09-28,2026-09-28
UTUR,2026-07-01,3.6,2026-09-28,2026-09-28
UTUR,2026-08-01,3.5,2026-09-28,2026-09-28
UTPOP,2024-01-01,3502.983,2026-09-28,2026-09-28
UTPOP,2025-01-01,3538.904,2026-09-28,2026-09-28
MEHOINUSUTA646N,2024-01-01,103400,2026-09-28,2026-09-28
MEHOINUSUTA646N,2025-01-01,102900,2026-09-28,2026-09-28
UTPCPI,2024-01-01,67345.0,2026-09-28,2026-09-28
UTPCPI,2025-01-01,69991.0,2026-09-28,2026-09-28
UTSTHPI,2024-01-01,798.42,2026-09-28,2026-09-28
UTSTHPI,2024-04-01,817.66,2026-09-28,2026-09-28
UTSTHPI,2024-07-01,824.99,2026-09-28,2026-09-28
UTSTHPI,2024-10-01,827.74,2026-09-28,2026-09-28
UTSTHPI,2025-01-01,832.89,2026-09-28,2026-09-28
UTSTHPI,2025-04-01,843.16,2026-09-28,2026-09-28
UTSTHPI,2025-07-01,846.07,2026-09-28,2026-09-28
UTSTHPI,2025-10-01,852.11,2026-09-28,2026-09-28
UTSTHPI,2026-01-01,857.97,2026-09-28,2026-09-28
UTSTHPI,2026-04-01,864.92,2026-09-28,2026-09-28
UTNGSP,2024-01-01,299471.3,2026-09-28,2026-09-28
UTNGSP,2025-01-01,315973.2,2026-09-28,2026-09-28
VTUR,2024-01-01,2.0,2026-09-28,2026-09-28
VTUR,2024-02-01,2.1,2026-09-28,2026-09-28
VTUR,2024-03-01,2.1,2026-09-28,2026-09-28
VTUR,2024-04-01,2.1,2026-09-28,2026-09-28
VTUR,2024-05-01,2.2,2026-09-28,2026-09-28
VTUR,2024-06-01,2.3,2026-09-28,2026-09-28
VTUR,2024-07-01,2.3,2026-09-28,2026-09-28
VTUR,2024-08-01,2.4,2026-09-28,2026-09-28
VTUR,2024-09-01,2.4,2026-09-28,2026-09-28
VTUR,2024-10-01,2.5,2026-09-28,2026-09-28
VTUR,2024-11-01,2.5,2026-09-28,2026-09-28
VTUR,2024-12-01,2.5,2026-09-28,2026-09-28
VTUR,2025-01-01,2.6,2026-09-28,2026-09-28
VTUR,2025-02-01,2.6,2026-09-28,2026-09-28
VTUR,2025-03-01,2.6,2026-09-28,2026-09-28
VTUR,2025-04-01,2.6,2026-09-28,2026-09-28
VTUR,2025-05-01,2.6,2026-09-28,2026-09-28
VTUR,2025-06-01,2.6,2026-09-28,2026-09-28
VTUR,2025-07-01,2.6,2026-09-28,2026-09-28
VTUR,2025-08-01,2.6,2026-09-28,2026-09-28
VTUR,2025-09-01,2.6,2026-09-28,2026-09-28
VTUR,2025-10-01,.,2026-09-28,2026-09-28
VTUR,2025-11-01,2.7,2026-09-28,2026-09-28
VTUR,2025-12-01,2.7,2026-09-28,2026-09-28
VTUR,2026-01-01,2.7,2026-09-28,2026-09-28
VTUR,2026-02-01,2.6,2026-09-28,2026-09-28
VTUR,2026-03-01,2.6,2026-09-28,2026-09-28
VTUR,2026-04-01,2.6,2026-09-28,2026-09-28
VTUR,2026-05-01,2.6,2026-09-28,2026-09-28
VTUR,2026-06-01,2.6,2026-09-28,2026-09-28
VTUR,2026-07-01,2.6,2026-09-28,2026-09-28
VTUR,2026-08-01,2.6,2026-09-28,2026-09-28
VTPOP,2024-01-01,646.521,2026-09-28,2026-09-28
VTPOP,2025-01-01,644.663,2026-09-28,2026-09-28
MEHOINUSVTA646N,2024-01-01,84480,2026-09-28,2026-09-28
MEHOINUSVTA646N,2025-01-01,95290,2026-09-28,2026-09-28
VTPCPI,2024-01-01,71505.0,2026-09-28,2026-09-28
VTPCPI,2025-01-01,74580.0,2026-09-28,2026-09-28
VTSTHPI,2024-01-01,796.61,2026-09-28,2026-09-28
VTSTHPI,2024-04-01,836.41,2026-09-28,2026-09-28
VTSTHPI,2024-07-01,840.01,2026-09-28,2026-09-28
VTSTHPI,2024-10-01,847.12,2026-09-28,2026-09-28
VTSTHPI,2025-01-01,852.68,2026-09-28,2026-09-28
VTSTHPI,2025-04-01,865.23,2026-09-28,2026-09-28
VTSTHPI,2025-07-01,866.36,2026-09-28,2026-09-28
VTSTHPI,2025-10-01,886.28,2026-09-28,2026-09-28
VTSTHPI,2026-01-01,885.03,2026-09-28,2026-09-28
VTSTHPI,2026-04-01,902.53,2026-09-28,2026-09-28
VTNGSP,2024-01-01,46276.1,2026-09-28,2026-09-28
VTNGSP,2025-01-01,48350.3,2026-09-28,2026-09-28
VAUR,2024-01-01,2.8,2026-09-28,2026-09-28
VAUR,2024-02-01,2.8,2026-09-28,2026-09-28
VAUR,2024-03-01,2.8,2026-09-28,2026-09-28
VAUR,2024-04-01,2.8,2026-09-28,2026-09-28
VAUR,2024-05-01,2.8,2026-09-28,2026-09-28
VAUR,2024-06-01,2.9,2026-09-28,2026-09-28
VAUR,2024-07-01,2.9,2026-09-28,2026-09-28
VAUR,2024-08-01,3.0,2026-09-28,2026-09-28
VAUR,2024-09-01,3.0,2026-09-28,2026-09-28
VAUR,2024-10-01,3.1,2026-09-28,2026-09-28
VAUR,2024-11-01,3.1,2026-09-28,2026-09-28
VAUR,2024-12-01,3.1,2026-09-28,2026-09-28
VAUR,2025-01-01,3.2,2026-09-28,2026-09-28
VAUR,2025-02-01,3.2,2026-09-28,2026-09-28
VAUR,2025-03-01,3.3,2026-09-28,2026-09-28
VAUR,2025-04-01,3.3,2026-09-28,2026-09-28
VAUR,2025-05-01,3.3,2026-09-28,2026-09-28
VAUR,2025-06-01,3.2,2026-09-28,2026-09-28
VAUR,2025-07-01,3.3,2026-09-28,2026-09-28
VAUR,2025-08-01,3.3,2026-09-28,2026-09-28
VAUR,2025-09-01,3.4,2026-09-28,2026-09-28
VAUR,2025-10-01,.,2026-09-28,2026-09-28
VAUR,2025-11-01,3.6,2026-09-28,2026-09-28
VAUR,2025-12-01,3.6,2026-09-28,2026-09-28
VAUR,2026-01-01,3.7,2026-09-28,2026-09-28
VAUR,2026-02-01,3.8,2026-09-28,2026-09-28
VAUR,2026-03-01,3.8,2026-09-28,2026-09-28
VAUR,2026-04-01,3.8,2026-09-28,2026-09-28
VAUR,2026-05-01,3.8,2026-09-28,2026-09-28
VAUR,2026-06-01,3.8,2026-09-28,2026-09-28
VAUR,2026-07-01,3.7,2026-09-28,2026-09-28
VAUR,2026-08-01,3.6,2026-09-28,2026-09-28
VAPOP,2024-01-01,8819.642,2026-09-28,2026-09-28
VAPOP,2025-01-01,8880.107,2026-09-28,2026-09-28
MEHOINUSVAA646N,2024-01-01,97530,2026-09-28,2026-09-28
MEHOINUSVAA646N,2025-01-01,100000,2026-09-28,2026-09-28
VAPCPI,2024-01-01,77277.0,2026-09-28,2026-09-28
VAPCPI,2025-01-01,80291.0,2026-09-28,2026-09-28
VASTHPI,2024-01-01,698.27,2026-09-28,2026-09-28
VASTHPI,2024-04-01,720.35,2026-09-28,2026-09-28
VASTHPI,2024-07-01,725.67,2026-09-28,2026-09-28
VASTHPI,2024-10-01,731.27,2026-09-28,2026-09-28
VASTHPI,2025-01-01,738.73,2026-09-28,2026-09-28
VASTHPI,2025-04-01,752.67,2026-09-28,2026-09-28
VASTHPI,2025-07-01,757.19,2026-09-28,2026-09-28
VASTHPI,2025-10-01,762.67,2026-09-28,2026-09-28
VASTHPI,2026-01-01,767.64,2026-09-28,2026-09-28
VASTHPI,2026-04-01,780.93,2026-09-28,2026-09-28
VANGSP,2024-01-01,761733.8,2026-09-28,2026-09-28
VANGSP,2025-01-01,798447.9,2026-09-28,2026-09-28
WAUR,2024-01-01,4.6,2026-09-28,2026-09-28
WAUR,2024-02-01,4.6,2026-09-28,2026-09-28
WAUR,2024-03-01,4.6,2026-09-28,2026-09-28
WAUR,2024-04-01,4.6,2026-09-28,2026-09-28
WAUR,2024-05-01,4.6,2026-09-28,2026-09-28
WAUR,2024-06-01,4.6,2026-09-28,2026-09-28
WAUR,2024-07-01,4.5,2026-09-28,2026-09-28
WAUR,2024-08-01,4.5,2026-09-28,2026-09-28
WAUR,2024-09-01,4.4,2026-09-28,2026-09-28
WAUR,2024-10-01,4.4,2026-09-28,2026-09-28
WAUR,2024-11-01,4.3,2026-09-28,2026-09-28
WAUR,2024-12-01,4.3,2026-09-28,2026-09-28
WAUR,2025-01-01,4.4,2026-09-28,2026-09-28
WAUR,2025-02-01,4.4,2026-09-28,2026-09-28
WAUR,2025-03-01,4.5,2026-09-28,2026-09-28
WAUR,2025-04-01,4.5,2026-09-28,2026-09-28
WAUR,2025-05-01,4.5,2026-09-28,2026-09-28
WAUR,2025-06-01,4.5,2026-09-28,2026-09-28
WAUR,2025-07-01,4.6,2026-09-28,2026-09-28
WAUR,2025-08-01,4.6,2026-09-28,2026-09-28
WAUR,2025-09-01,4.7,2026-09-28,2026-09-28
WAUR,2025-10-01,.,2026-09-28,2026-09-28
WAUR,2025-11-01,4.9,2026-09-28,2026-09-28
WAUR,2025-12-01,4.9,2026-09-28,2026-09-28
WAUR,2026-01-01,5.0,2026-09-28,2026-09-28
WAUR,2026-02-01,5.1,2026-09-28,2026-09-28
WAUR,2026-03-01,5.1,2026-09-28,2026-09-28
WAUR,2026-04-01,5.2,2026-09-28,2026-09-28
WAUR,2026-05-01,5.2,2026-09-28,2026-09-28
WAUR,2026-06-01,5.2,2026-09-28,2026-09-28
WAUR,2026-07-01,5,2026-09-28,2026-09-28
WAUR,2026-08-01,4.9,2026-09-28,2026-09-28
WAPOP,2024-01-01,7927.958,2026-09-28,2026-09-28
WAPOP,2025-01-01,8001.02,2026-09-28,2026-09-28
MEHOINUSWAA646N,2024-01-01,95980,2026-09-28,2026-09-28
MEHOINUSWAA646N,2025-01-01,112600,2026-09-28,2026-09-28
WAPCPI,2024-01-01,85512.0,2026-09-28,2026-09-28
WAPCPI,2025-01-01,89396.0,2026-09-28,2026-09-28
WASTHPI,2024-01-01,969.29,2026-09-28,2026-09-28
WASTHPI,2024-04-01,994.05,2026-09-28,2026-09-28
WASTHPI,2024-07-01,1000.04,2026-09-28,2026-09-28
WASTHPI,2024-10-01,998.29,2026-09-28,2026-09-28
WASTHPI,2025-01-01,1011.73,2026-09-28,2026-09-28
WASTHPI,2025-04-01,1022.64,2026-09-28,2026-09-28
WASTHPI,2025-07-01,1019.71,2026-09-28,2026-09-28
WASTHPI,2025-10-01,1026.38,2026-09-28,2026-09-28
WASTHPI,2026-01-01,1029.21,2026-09-28,2026-09-28
WASTHPI,2026-04-01,1033.33,2026-09-28,2026-09-28
WANGSP,2024-01-01,856013.6,2026-09-28,2026-09-28
WANGSP,2025-01-01,894990.1,2026-09-28,2026-09-28
WVUR,2024-01-01,4.2,2026-09-28,2026-09-28
WVUR,2024-02-01,4.2,2026-09-28,2026-09-28
WVUR,2024-03-01,4.1,2026-09-28,2026-09-28
WVUR,2024-04-01,4.1,2026-09-28,2026-09-28
WVUR,2024-05-01,4.1,2026-09-28,2026-09-28
WVUR,2024-06-01,4.1,2026-09-28,2026-09-28
WVUR,2024-07-01,4.1,2026-09-28,2026-09-28
WVUR,2024-08-01,4.0,2026-09-28,2026-09-28
WVUR,2024-09-01,4.0,2026-09-28,2026-09-28
WVUR,2024-10-01,3.9,2026-09-28,2026-09-28
WVUR,2024-11-01,3.9,2026-09-28,2026-09-28
WVUR,2024-12-01,3.9,2026-09-28,2026-09-28
WVUR,2025-01-01,3.8,2026-09-28,2026-09-28
WVUR,2025-02-01,3.8,2026-09-28,2026-09-28
WVUR,2025-03-01,3.9,2026-09-28,2026-09-28
WVUR,2025-04-01,3.9,2026-09-28,2026-09-28
WVUR,2025-05-01,4.0,2026-09-28,2026-09-28
WVUR,2025-06-01,4.0,2026-09-28,2026-09-28
WVUR,2025-07-01,4.2,2026-09-28,2026-09-28
WVUR,2025-08-01,4.3,2026-09-28,2026-09-28
WVUR,2025-09-01,4.5,2026-09-28,2026-09-28
WVUR,2025-10-01,.,2026-09-28,2026-09-28
WVUR,2025-11-01,4.6,2026-09-28,2026-09-28
WVUR,2025-12-01,4.6,2026-09-28,2026-09-28
WVUR,2026-01-01,4.6,2026-09-28,2026-09-28
WVUR,2026-02-01,4.7,2026-09-28,2026-09-28
WVUR,2026-03-01,4.5,2026-09-28,2026-09-28
WVUR,2026-04-01,4.4,2026-09-28,2026-09-28
WVUR,2026-05-01,4.3,2026-09-28,2026-09-28
WVUR,2026-06-01,4.2,2026-09-28,2026-09-28
WVUR,2026-07-01,4.1,2026-09-28,2026-09-28
WVUR,2026-08-01,4,2026-09-28,2026-09-28
WVPOP,2024-01-01,1767.402,2026-09-28,2026-09-28
WVPOP,2025-01-01,1766.147,2026-09-28,2026-09-28
MEHOINUSWVA646N,2024-01-01,62800,2026-09-28,2026-09-28
MEHOINUSWVA646N,2025-01-01,61770,2026-09-28,2026-09-28
WVPCPI,2024-01-01,55432.0,2026-09-28,2026-09-28
WVPCPI,2025-01-01,57932.0,2026-09-28,2026-09-28
WVSTHPI,2024-01-01,313.89,2026-09-28,2026-09-28
WVSTHPI,2024-04-01,327.06,2026-09-28,2026-09-28
WVSTHPI,2024-07-01,329.44,2026-09-28,2026-09-28
WVSTHPI,2024-10-01,335.48,2026-09-28,2026-09-28
WVSTHPI,2025-01-01,337.76,2026-09-28,2026-09-28
WVSTHPI,2025-04-01,338.31,2026-09-28,2026-09-28
WVSTHPI,2025-07-01,348.38,2026-09-28,2026-09-28
WVSTHPI,2025-10-01,352.84,2026-09-28,2026-09-28
WVSTHPI,2026-01-01,355.05,2026-09-28,2026-09-28
WVSTHPI,2026-04-01,365.44,2026-09-28,2026-09-28
WVNGSP,2024-01-01,106475.1,2026-09-28,2026-09-28
WVNGSP,2025-01-01,109276.6,2026-09-28,2026-09-28
WIUR,2024-01-01,2.9,2026-09-28,2026-09-28
WIUR,2024-02-01,2.9,2026-09-28,2026-09-28
WIUR,2024-03-01,2.9,2026-09-28,2026-09-28
WIUR,2024-04-01,3.0,2026-09-28,2026-09-28
WIUR,2024-05-01,3.0,2026-09-28,2026-09-28
WIUR,2024-06-01,3.0,2026-09-28,2026-09-28
WIUR,2024-07-01,3.0,2026-09-28,2026-09-28
WIUR,2024-08-01,3.0,2026-09-28,2026-09-28
WIUR,2024-09-01,3.0,2026-09-28,2026-09-28
WIUR,2024-10-01,3.1,2026-09-28,2026-09-28
WIUR,2024-11-01,3.1,2026-09-28,2026-09-28
WIUR,2024-12-01,3.2,2026-09-28,2026-09-28
WIUR,2025-01-01,3.3,2026-09-28,2026-09-28
WIUR,2025-02-01,3.3,2026-09-28,2026-09-28
WIUR,2025-03-01,3.2,2026-09-28,2026-09-28
WIUR,2025-04-01,3.2,2026-09-28,2026-09-28
WIUR,2025-05-01,3.1,2026-09-28,2026-09-28
WIUR,2025-06-01,3.1,2026-09-28,2026-09-28
WIUR,2025-07-01,3.0,2026-09-28,2026-09-28
WIUR,2025-08-01,3.1,2026-09-28,2026-09-28
WIUR,2025-09-01,3.1,2026-09-28,2026-09-28
WIUR,2025-10-01,.,2026-09-28,2026-09-28
WIUR,2025-11-01,3.2,2026-09-28,2026-09-28
WIUR,2025-12-01,3.2,2026-09-28,2026-09-28
WIUR,2026-01-01,3.3,2026-09-28,2026-09-28
WIUR,2026-02-01,3.4,2026-09-28,2026-09-28
WIUR,2026-03-01,3.5,2026-09-28,2026-09-28
WIUR,2026-04-01,3.5,2026-09-28,2026-09-28
WIUR,2026-05-01,3.4,2026-09-28,2026-09-28
WIUR,2026-06-01,3.3,2026-09-28,2026-09-28
WIUR,2026-07-01,3.3,2026-09-28,2026-09-28
WIUR,2026-08-01,3.2,2026-09-28,2026-09-28
WIPOP,2024-01-01,5957.168,2026-09-28,2026-09-28
WIPOP,2025-01-01,5972.787,2026-09-28,2026-09-28
MEHOINUSWIA646N,2024-01-01,82140,2026-09-28,2026-09-28
MEHOINUSWIA646N,2025-01-01,88020,2026-09-28,2026-09-28
WIPCPI,2024-01-01,67799.0,2026-09-28,2026-09-28
WIPCPI,2025-01-01,70570.0,2026-09-28,2026-09-28
WISTHPI,2024-01-01,558.29,2026-09-28,2026-09-28
WISTHPI,2024-04-01,577.09,2026-09-28,2026-09-28
WISTHPI,2024-07-01,585.22,2026-09-28,2026-09-28
WISTHPI,2024-10-01,587.22,2026-09-28,2026-09-28
WISTHPI,2025-01-01,598.26,2026-09-28,2026-09-28
WISTHPI,2025-04-01,612.38,2026-09-28,2026-09-28
WISTHPI,2025-07-01,619.53,2026-09-28,2026-09-28
WISTHPI,2025-10-01,621.14,2026-09-28,2026-09-28
WISTHPI,2026-01-01,627.82,2026-09-28,2026-09-28
WISTHPI,2026-04-01,646.66,2026-09-28,2026-09-28
WINGSP,2024-01-01,453298.6,2026-09-28,2026-09-28
WINGSP,2025-01-01,473037.4,2026-09-28,2026-09-28
WYUR,2024-01-01,2.8,2026-09-28,2026-09-28
WYUR,2024-02-01,2.9,2026-09-28,2026-09-28
WYUR,2024-03-01,2.9,2026-09-28,2026-09-28
WYUR,2024-04-01,3.0,2026-09-28,2026-09-28
WYUR,2024-05-01,3.1,2026-09-28,2026-09-28
WYUR,2024-06-01,3.1,2026-09-28,2026-09-28
WYUR,2024-07-01,3.2,2026-09-28,2026-09-28
WYUR,2024-08-01,3.2,2026-09-28,2026-09-28
WYUR,2024-09-01,3.3,2026-09-28,2026-09-28
WYUR,2024-10-01,3.3,2026-09-28,2026-09-28
WYUR,2024-11-01,3.3,2026-09-28,2026-09-28
WYUR,2024-12-01,3.3,2026-09-28,2026-09-28
WYUR,2025-01-01,3.2,2026-09-28,2026-09-28
WYUR,2025-02-01,3.2,2026-09-28,2026-09-28
WYUR,2025-03-01,3.2,2026-09-28,2026-09-28
WYUR,2025-04-01,3.2,2026-09-28,2026-09-28
WYUR,2025-05-01,3.2,2026-09-28,2026-09-28
WYUR,2025-06-01,3.2,2026-09-28,2026-09-28
WYUR,2025-07-01,3.3,2026-09-28,2026-09-28
WYUR,2025-08-01,3.3,2026-09-28,2026-09-28
WYUR,2025-09-01,3.4,2026-09-28,2026-09-28
WYUR,2025-10-01,.,2026-09-28,2026-09-28
WYUR,2025-11-01,3.5,2026-09-28,2026-09-28
WYUR,2025-12-01,3.5,2026-09-28,2026-09-28
WYUR,2026-01-01,3.6,2026-09-28,2026-09-28
WYUR,2026-02-01,3.6,2026-09-28,2026-09-28
WYUR,2026-03-01,3.6,2026-09-28,2026-09-28
WYUR,2026-04-01,3.5,2026-09-28,2026-09-28
WYUR,2026-05-01,3.4,2026-09-28,2026-09-28
WYUR,2026-06-01,3.2,2026-09-28,2026-09-28
WYUR,2026-07-01,3,2026-09-28,2026-09-28
WYUR,2026-08-01,3,2026-09-28,2026-09-28
WYPOP,2024-01-01,586.722,2026-09-28,2026-09-28
WYPOP,2025-01-01,588.753,2026-09-28,2026-09-28
MEHOINUSWYA646N,2024-01-01,78340,2026-09-28,2026-09-28
MEHOINUSWYA646N,2025-01-01,81030,2026-09-28,2026-09-28
WYPCPI,2024-01-01,86609.0,2026-09-28,2026-09-28
WYPCPI,2025-01-01,89806.0,2026-09-28,2026-09-28
WYSTHPI,2024-01-01,470.21,2026-09-28,2026-09-28
WYSTHPI,2024-04-01,483.76,2026-09-28,2026-09-28
WYSTHPI,2024-07-01,487.83,2026-09-28,2026-09-28
WYSTHPI,2024-10-01,490.12,2026-09-28,2026-09-28
WYSTHPI,2025-01-01,499.89,2026-09-28,2026-09-28
WYSTHPI,2025-04-01,508.28,2026-09-28,2026-09-28
WYSTHPI,2025-07-01,509.05,2026-09-28,2026-09-28
WYSTHPI,2025-10-01,510.7,2026-09-28,2026-09-28
WYSTHPI,2026-01-01,519.48,2026-09-28,2026-09-28
WYSTHPI,2026-04-01,526.96,2026-09-28,2026-09-28
WYNGSP,2024-01-01,51498.1,2026-09-28,2026-09-28
WYNGSP,2025-01-01,52622.3,2026-09-28,2026-09-28
